Tweet;Label
Happy New Year untuk semuanya selamat membuka lembaran baru;Netral
Ak emang suka pelihara hewan maka dri itu ak jg suka sama kamu soalnya kamu itu ANJING;Hate Speech
menurutku sekarang dua apk ini sama aja bedanya cuman yg satu berbentuk vidio pendek yg satu berbentuk teks;Netral
QQ HAPPY NEW YEAR SELAMAT PERGANTIAN TAHUN ADH Q EGK TW LH MUK BILANG AFFH SEMOGA TAHUN DEPAN LEBIH BAIK DARI TAHUN TAHUN SEBELUMNYA I HOPE THIS YEAR IS HAPPY ENDING QQ BANTU DOAIN OPERASI JEP BERHASIL YYA THANK YOU FOR UR LOVE IN THIS YEAR LUV U;Netral
Masih kurang dari sebulan gue disini dan gue dah fuck up sama keadaan segila ini MINUS ANJING;Abusive Language
Aku rindu sebenarnya And aku tak berani nak bertanya in details sebab aku takut kecewa I dont want to be in that state anymore;Netral
Fuck the babymama I miss my Queen;Abusive Language
omomomo cintaa happy new year yeaa semoga kamu sehat selaluuuu bahagia selaluuuu terimakasih udah mau jadi temanku yeaaaa love u banyak banyakkkkkk;Netral
Army Bodoh buat aku marah shit babi f army;Hate Speech
IYA ANJING TRAUMATIS FUCK;Abusive Language
Tolol dongo idiot Lo ga tau apa apa jul diem aja mendingan deh RT cems luRT Fadlilafadil tunggu aja;Hate Speech
tadi gw ama abang gojek ngobrol sambil marahmarah selama di perjalanan fuck dpr fuck the cops fuck the president;Hate Speech
and if he left his gf for you there s possibility he s gon cheat with you too bitch sundal anjing makan selipar;Abusive Language
kesiapan financial lebih nge mong paling menurutku wajar si kak cewe kan ga lain ga bukan butuh itu ibarat mungkin ya maaf fisik nya kurang tapi mikirnya aman secara financial tep aja banyak tu yg gas mau sama gapnya banyak;Netral
Dari kemarin harus move on dari gebetan mulu ga capek apa Capek lah namnya juga dalam mencari partner hidup emang dengan deket doank cukup Enggak lah everything need to be talking more and more and when at the time we have cross mind and then it will be END for us;Netral
Happy New Year Selamat Tahun Baru APA AZAM BARU U OLSZ TAHUN NI Terima kasih Selamat Datang Semoga tahun ini lebih baik dari tahun lepas Coach NurulAmi;Netral
Fuck menyesal sial pakai yg kecik Lidah aku dh macam merkah Babi;Abusive Language
Selamat menyambut tahun baru mak wishing u happy and healthy in this coming new year mau pakai bahasa Sunda gak bisa yg nginggris aja sekalipun acakadut yg penting Doaku tulus;Netral
I hate when ur doing so much and it goes unappreciated then she praises people that dont do shit;Hate Speech
ada manusia idiot bin tolol yg ngomong yg namanya random pasti e what wtf do u mean bro u smokin or wha;Hate Speech
Fuck la umobile Aku tengah main untuk live stream dekat youtube kot sial babi time tu la nak buat hal habis satu dunia kecam aku cibai;Abusive Language
happy new year octa terimakasih sudah bertahan di tahun kemarin semoga tahun ini jadi tahun terbaiknya kamu sehat terus ya jangan galaw kalo sedih jgn lamalama okk;Netral
Kowe GOBLOK KUCLUK IDIOT;Abusive Language
gua gak peduli banget sumpah kalo tweet gua ini nyampe ke dia abis ini gak dianggap temen juga gua oke banget anjing najis gua juga punya temen nirempati penjilat acab begitu get the fuck out idiottttt;Hate Speech
Naw didn t say fuck it I never say that;Abusive Language
to think that an institution yang harusnya melindungi rakyat malah begini ke rakyat yang harusnya mereka lindungi itu no respect left for them fuck the police for real;Hate Speech
The fuck Video ytb di deaser yang namjoon juga pendek banget Ada masalah apa si heh BTS KESEL ANJING;Abusive Language
babi nya kau pehal fuck government sangat ni Jadi punk ja lah mhahaaha;Abusive Language
nder aku tau banget hormon hamil smpe melahirkan tu emang bener buat kita baper tapi menurutku kamu gausa pikirin hal kayak gitu mungkin nnti akan diganti dengan hal lain sekarang kamu fokus aja sama baby kamu sekarang yg utama itu keluarga kecil kamu nder sehat selalu y;Netral
Damn it I knew we werent ready;Abusive Language
Kalo Szayel ak masi bisa menerima bad ending soalnya doi beneran villain yg emg jahat kalo Ginjo ak masi denial sm bad ending soalnya dia villain karena salah paham gitu jadinya doi niat jahat lebih ke anti hero gt lah menurutku jd sebenernya ga deserve buat mati tp yah;Netral
Dukun cabul wkwkwk terbukti goblok Gini masih ada yg percaya dukun yaaa idiot;Hate Speech
Happy New Year Terimakasih gak berasa hari lagi;Netral
Woii klw mau ngehina orng ngaca dlu dong emeng muka loh udh bgs apa ngatain orng kek gitu mulut loh aja udh kya anjing fuck buat loh;Hate Speech
bukan berarti ga sayang sama grup sebelumnya But I want to still be an ahgase till the end;Netral
Ngentot lah indon indon idiot ini ngentot ngentot surga udah terjamin udah buat lo kontol ngentot;Abusive Language
BACKGROUNDNYA JELEK BANGET DAN AKU MALAS EDIT TP HAPPY NEW YEAR MOOTS KU TERSAYANG ILOYOUSM TIDAK BUHUNG HUHU TERIMAKASIH SUDAH MAU MENJADI MOOTS KU KALOAN BAIK DAN SERU LOVE TUK KALIAN NYA LG TREASURW DAN COWOKKU SO JUNGHWAN;Netral
happy new year risaa terimakasih sudah mau jadi temen aku semoga nya semakin luar biasa baiknya;Netral
Gatau cara jelasin nya gmn tapi yg penting beneran sayang bgt sama jungwooBersyukur skrng dia lebih ceria jadi happy virus nya orang orang lebih bisa mengekspresikan dirinya dan ga sakit lagi Jungwoo Im so proud to be your fan;Netral
Happy New Year Selamat Tahun Baru Semoga setiap langkah yang diambil membawa kebahagiaan kesuksesan dan keberuntungan Selamat menyambut petualangan baru di tahun yang cerah ini;Netral
Yah monyet goblok Udh tau diroth di band duluan Musuh pick xb ya harusnya tinggal di conter cb nya goblok Mental li aja mental idiot ga ngerti phase draft pick;Hate Speech
Makasih buat update an hari iniii sehat terus kaak jgan lupa bahagiaa terimakasih juga udh menyempatkan waktunya buat baca yaaa happy new year senderr be happy too;Netral
Zionis laknatullah Pasukan popok tolol idiot;Hate Speech
that big fat miss Babi bitch;Abusive Language
Yang gi kl tu aku admit maybe dia ada stalk sini sebab aku twt tapi tarikh How the fuck;Hate Speech
Gay babi Shit natang;Abusive Language
hi beip i love u and happy new year buat semua mutualku jaga kesehatan ya semoga ditahun baru ini kita semua diberi kebahgiaan dan sllu tersenyum Terimakasih udah mau jadi tmn Caca;Netral
Sometimes I enjoy playing stupid but whole time I be knowing;Abusive Language
Untuk mutualku yg baik hati keren lucuu gemesin cantik sama ganteng makasihh banyak yaa udah mau temanan sama aku Semoga di tahun semua cita kalian terwujud dan selalu diberi kesehatan serta kebahagiaan yg melimpah i love u semuaaa;Netral
Mmmmm so damn delicious mae;Abusive Language
tutup buku Terimakasih untuk sukaduka dan semuanya Happy new year;Netral
BODOH SIAL WEBSITE LYRIC ADA AUTOLOAD VIDEO FUCKING DIE ALREADY WHOEVER USE AUTOLOAD VIDEO FUCK YOU AKU NAK TENGOK LIRIK SAMBIL DENGAN LAGU BUKAN NAK TENGOK VIDEO KAU YANG ANNOYING TU BABI BETUL LA;Hate Speech
fuck arr Sape ade lebih Ade baju melayu jumaat x Aku punya hilang laa babi Hish;Abusive Language
Fuck sumpah demi apa selingkuhhhh Spoiler bangsat;Abusive Language
Happy new year Terimakasih untuk semuanya Semoga ditahun kalian semua sehat dan bahagia selalu Semoga dilancarkan untuk semua rencana baiknya harapan yang ingin segera terkabul semoga dapat terkabul di;Netral
idiot mana ada anjing bisa NGOMONG HAHHAHA;Abusive Language
Not endorse at all cuma mau share pengalaman aja ni kali aja ada yg pertama kali ngonser hihi Lesgawr;Netral
Jika dibanding tahun lalu tahun ini tidak begitu sulit namun banyaaaaaaak sekali hal yang saya pelajari di tahun ini Mungkin lebih banyak dari yang saya pelajari selama hidup saya Terimakasih youre one hell of a ride And you re damn mine HAPPY NEW YEAR Y ALL;Netral
Goblok Aki Takajo di iklan pocari sweat presentasion dibilang Ayu Ting Ting Fucking bitch please kill your self v;Hate Speech
goblok lu semua stop saltyin org nanya ginian ya anjg situasi lagi bahaya gini ya wajar kalo takut apalagi cewe plus anak rantau kita gatau ke depannya gimana kata gua lu semua hrus sering sering bljr empati lagi dah gmn si ktnya mahasiswa tpi pikiran lu begitu org salty;Hate Speech
Halo Sobiz Terima kasih atas partisipasinya Semoga Kakak salah satu yang beruntung ya Gita;Netral
ANJING DONT SPOIL ARCTIC MONKEYS FOR ME LA BABI STUPID BASTARD;Abusive Language
TIDAK BISA BERKATA KATA SAYANG BANGET WOY GILA SENENG BANGET NANGIS I want you to be happy;Netral
damn i hate instagram so much babi annoying bodo;Hate Speech
so far gua ok karena alasan dia at school tapi setelah kejadian kemarin kek fuck lo bikin gua jadi gak care lagi karena lo aja acuh sama saram dan perhatian yang kita kasih demi kebaikan lo dan demi cowo gak jelas itu lo bertahan tai anjing lo;Hate Speech
Sriusan japarah Shitshitshit A nightmare Rumah gw kebobolan maling Anjing;Abusive Language
Hai kak pit happy new year to Terimakasih sudah menjadi orang hebat selama ini Terimakasih sudah bertahan dan selalu menghibur kamu meskipun kami gatau apa barangkali kak pit memiliki banyak sedih yang dipendam Jadi i just wanna say thank you for all happiness nya kak pit;Netral
FUCK tahun baru your petasan is way too NOISY ANJING;Hate Speech
celcom babi fuk celcom fuck cm;Abusive Language
hmm tadi malem masuk mimpi pengalaman sih kalau udah masuk mimpi di real life nya biasanya ga bakal pernah ada interaksi lagi;Netral
BABI LAHHHHH DIORANG NAK APA SEBENARNYA NI fuck gila la orang macam ni Geram aku tengok kejam gila lah;Abusive Language
Happy new year everyone Frohes neues Jahr Euch allen Selamat Tahun Baru semuanya Tuhan memberkati kita semua menjalani Tahun ini Amen Salam Tahun Baru dari kami di Wuppertal;Netral
TOLOL SEJAK KAPAN PPN BASED ON GAJI OON YANG BASED ON GAJI MAH PPH SEKADAR PAHAMIN PAJAK LU GAK BISA COK kalau ngomong ngomong tentang infrastruktur dan bbm ya itu bare minimum kerjaan pemerintah anjing ya emang harus dilakukan touch some grass bitch;Hate Speech
Pembunuh itu dipenjara gobloooook Disanksi dipidana apa kek ini what the fuck even is this;Hate Speech
well Joe isnt less of a stupid himself bodoh sial kau high nak masuk rumah orang SAKIT HATI LAH BABI;Abusive Language
SEE I ALREADY KNEW IT like he fallin for that damn son of bitch than they are on relationship than he knew the truth but he already drown to deep into that shit than yeaa now we see it what happen next like okay MANTANNYA KAK MENG EMANG ANJING;Abusive Language
babi shit dimasak neeehhh;Abusive Language
work kata apa yg menurut kalian gaboleh diucalin di kantor me tenggo setiap ngomong tenggo pasti ada kerjaan tambahan wkwkw;Netral
Happy new year boys Terimakasih ya buat beautiful yang udah kalian kasih Kalian tau kan aku sayang kalian lebih dri apapun jadi ayo kita bertahan jalan sama sama buat ngelewatin tahuntahun yang akan datang I love u;Netral
Happy New Year Selamat Tahun Baru Semoga di tahun baru ini bisa menjadi pribadi yang baik Dan selalu diberikan kesehatan berkah yang berlimpah;Netral
fuck sick bangsat;Abusive Language
dulu tiap ikut aksi masih ketarketir takut kena DO walau udah nginjek mobil plat merah ampe ditandain rektor tetep aja ketarketir sekarang i got nothing to lose but my chain I WILL JOIN THE PROTEST AGAIN FUCK AUTHORITIES;Hate Speech
babi doe dia nifuckhaha;Abusive Language
Nemu byk homebaker di Threads yg membuktikan pernyataan gw ini Banyak dari mereka yg gak bisa bedain pengalaman mengkonsumsi coklat compound dan couverture di hasil akhir produk yg coklatnya msh utuh Mosok ya rasa mendal vs rasa meleleh di mulut gak bisa ngerasain;Netral
Iya bang franco jujur aku lelah terus menerus melihat berita buruk dari negara ini Udah saatnya aku recovery dan kembali menenangkan diri Btw maksud kalimat terakhir itu apa ya;Netral
HAHAHAHHA KARMAS A BITCH;Abusive Language
TAKDE OTAK KE ANJING WHAT IF SOMEONE SENDS YOU A PIC OF SOMETHING YOU FEARED THAT WILL HARM YOU A LOT DO YOU WANT THAT SHIT OF COURSE NOT YOU COWARD SHIT IM SO MAD;Hate Speech
Terimakasih telah mempertemukanku dengan seseorang yang menjadi Galaxyku Belahan Jiwaku Separuh hatiku Semoga kita bisa lebih banyak menuliskan Kisah Cinta ini dengan kebahagiaan bersama I Love You Everytime Every year more and more HAPPY NEW YEAR;Netral
Singkat kata Purnawirawan TNI diajak semi agak paksa utk jalankan MBG dengan cepat Mereka lakukan tapi kurang pengalaman ga semudah itu fergusso ngejalaninnya padahal dari strategi perang jadi strategi makanan produk sempurna murah kualitas baik banyak;Netral
nyawa orang tahun lu bayar pake patsus hari doang what the fuck;Hate Speech
Mau nutup tahun makasih udah nemenin gua sebentar Ya walaupun gak jelas beneran suka sebenarnya apa engga haha kontol semoga tahun depan kita gak usah saling nyapa lagi balik to our normally life saling gak kenal and i said Fuck you Bastard love you too;Abusive Language
Babi this is no rick and morty scene shit right Fuck no man;Abusive Language
ampampampampRT Lah purnamasari anjing gw dikata idiot gtu sama lo wah parah lo jahat loRT;Abusive Language
NAHHHH menurutku emang ga ngaruh ih kalo buat redain pusing;Netral
Halo kaa gapapa kok ahahah enak dapet row depan ya Pas svt rh kemarin kebetulan itu row yang depannya kosong jadi row itu udah paling depan dan viewnya ke panggung menurutku masih oke sih gak ketutupan tembok barrier bawahnya itu;Netral
ngelanggar kode etik the fuck;Hate Speech
fuck sakitnya hati HAHAHAHA babi ah;Abusive Language
Selamat sudah melewati tahun walau tidak selalu mudah Mari kita sambut dengan penuh semangat dan sukacita Happy new year;Netral
menurutku coba gatsu pas malem kalau kampung batik mending kauman deh lebih banyak spot foto kalau suka yg jawa ke keraton sih mending mangkunegaran kalau siang kalau malem alkid balai kota kalau malem sambil nongkrong jajan juga enak KALAU CAFE COBA ARMEY CANTIK SOALNYA;Netral
Muelok ae se RT goblok teriak goblok awkmu iku p RT hei stupid misyusomuc;Abusive Language
sampe detik ini masih berharap ini cuma hoax dan semoga benar hanya hoax extra doa bagi perempuan yang melawan hope they safely arrived ke rumah amp pelukan orang tuanya;Netral
COCOKLOGI TAI ANJING FUCK;Abusive Language
Pas scene dongyoon ketemu go hyunjung aslik bagus banget banget Marahnya dy sampai wajahnya gemeter liat emaknya tuh wow banget menurutku Keren banget abang;Netral
Terserah lu deh gw juga males ngelayanin kampret idiot kek lu udah ketauan kwalitasnya diladenin juga percuma takut ketularan gobloknya;Hate Speech
Jangan sebab benda kecik macamni kau dengan aku putus kawan Kalau aku dengan kau putus kawan Semua salah kau Gurau tak kena tempat Dengan aku penat pastu gurau babi camtuh Aku dah mintak elok kau taknak bagi Takkan kawan rapat pun aku nak tengking Fuck;Abusive Language
Kadang bukan orang lain tapi keluarga sendiri yang sangat bangsat LIKE NYW KIRA ND TUH BEHAMBUR DUIT KAH BGL FUCK U MEENNNNNNN;Abusive Language
Aku buat baik dengan manusia sepanjang tahun ni even ada la jahat sikit tapi ada jugak orang balas macam babi fuck tahun depan amalkan sikap pergi mampos;Abusive Language
Jadi film idiot Karakter cowok berasa goblok banget disini yg cewek hero abis Oke di bagian shoot doang berasa horrornya Sisanya Jeleeeekkkkk;Hate Speech
Tolol hahaha RT This is the first idiot thing happen in the beginning of set fire to his own apartment;Abusive Language
babi sumpah sedih nak nangis sumpah znn dont deserve this fuck;Abusive Language
Sarap idiot tolol blegug siah bbi sia mah dungu boloho;Abusive Language
Penutup Selamat tinggal Happy New Year Tahun yang banyak suka dan duka n moga tahun baru nie akan lebih banyak lagi kisah hidup keluarga kami yang penuh dgn;Netral
SIAPA ADA VIDEO FULL AKU TERLEPAS TAID BABI FUCK;Abusive Language
Kampang babi anjing FUCK;Abusive Language
kak peyy cuma mau bilang sukses terus kedepannya i love you so much makasih udah dengerin curhatanku ya kak pey makasih udah jadi penyemangatku sehat sehat disana kak im glad to know you be happy sayang;Netral
happy new year mootsku semoga ditahun amp seterusnya doa kita terkabulan jgn lupa bersyukur selalu ya semoga dr tahun ke tahun bsa menjadi pribadi yg lebih baik skli lagi happy new year selamat menjalani kehidupan di tahun yg baru ini;Netral
How stupid i am Goblok kok diborong;Abusive Language
udh pengalaman aja masih ga capai UMR sedi dikit tp masih butuh;Netral
riweuh ya aku belajar english kebritishan kayak john lennon malah diketawain terus aku belajar english kesundaan biar gak hilang jati diri dibilang maksain fuck you anjing salam middle finger;Hate Speech
kontol nama beritanya agamis banget tp adminnya gapunya adab KONTOL LU TAU KONTOL GA ANJING IDIOT PANTES LAPAK BERITA LU GA GEDE SOALNYA ADMINNYA KONTOL;Hate Speech
gila ah seharian ga ngefangirl tuh parah bgt ketinggalannya belom lagi beredar penampakan jinan si anak paud rambut merah pake caping lengan kaos ditarik with that damn tato atom kemanamana nyanyi keringetan anjir bikin khilaf asli bangsat banget dah;Hate Speech
Keluarga Besar POLSEK TEGALSARI mengucapkan Selamat Tahun Baru Ayo menjadi yang lebih baik dari tahun kemarin Polri Siap Melangkah Bakar Recap Goodbye Starting Semoga Semarang Happy New Year Lee Lee;Netral
Wkwwkwwkwk ngakak malah ngetag inter processor anying buzzer goblok idiot;Hate Speech
Jijik banget anjing Fuck off deh;Hate Speech
Hahahaha pukimak gila aku dah sejam dah ni gelak tak stop hahaha sial lawak babiii fuck hahahha anjing Mak dia a;Abusive Language
Aduh pusing pala babi Ditambah pula denger SOS cover American Idiot Greenday di cover band abal;Abusive Language
Kenapa suka menyalak macam anak anjing ni Because your mother s a bitch;Hate Speech
Berhak menerima dan menolak Ketika daddy atau orang lainnya nggak keberatan Aku tetep feel bad Enggan Kudu apa ya pake kemampuan sendiri Capek be strong terus Memang kayaknya I need to be placed as the helpless one dgn pny daddy Biar tau boleh kok minta tolong n dibantu;Netral
kata hati kalo kata orang tua maaf ni mereka sometimes liatnya abis lulus cari kerja yang aman misal pns anw gw jurusan pendidikan my parents expecting me to be a teacher tapi seiring waktu berjalan gw lelah amp sekarang mbangkang its not easy everyday is a struggle;Netral
libur libur tapi ketimpaan fakta kerjaan akhir taun tugas masih pada numpuk fuck anjing;Abusive Language
PAGI HARIKU DIBERKAHI SYEKALI pen ranran malah doet mereka berdua but lumayan muehehehe BTW SELAMAT PAGI SEMUANYA DAN HAPPY NEW YEAR TERIMA KASIH UNTUK SELAMA TAHUN LOVE U ALL GUYS MWAHH Kiss;Netral
FACT Di kantor semua mentor lelaki yang ngajarin gue how to take the job gak ada yang ngomong AKUKAMU because of stupid reasons karena mereka udah nikah dan punya pacar LIKE BITCH gue bahkan gak suka sama lu anjing stop gue cuma mau magang aja;Hate Speech
ANJING UDAH KAN FUCK;Abusive Language
iya deh yang udah dibayar ama pemerintah mau ngomong mah bebas ini orang yang ngomong ga touch grass pasti belum pernah berurusan dengan polisi;Hate Speech
my year old cousin says stupid and they all giggled like crazy and im here like babi bengong pukimak lancau sial mf;Abusive Language
i dont give a single fuck about the car s blind spot kalo lo tau mobil kaya gitu blind spotnya parah why would you fucking speed di tengah kerumunan itu lo namanya sengaja bangsat;Hate Speech
Apa masalah mamat ni sial babi betul lahhh pastu suruh vote benda yg dilaknat ni alahaiiiiii srs stupid;Abusive Language
FUCK itu ketika lu trauma akan sesuatu tp tetep lu paksa buat lakuin RT kampret itu ketika tangan bekas kecelakaan ngilu dan sa;Abusive Language
Ngejudge Wkwkkwkkw lo yang tunjukin sendiri fw yang dibilang ngejudge maklumnya tipikal kampret idiot dan ga tau diri uda bingung ngomong apa ya dek Selamat tinggal hijrah sobat gurun munafik;Hate Speech
To be honest aku sangat rindu kuliah;Netral
Idiot Itu Bumi Allah Tolol dipiara;Abusive Language
seumur hidup trauma sama huruf q pas nyetak kaos atau apapun lah anjing that shit will haunted me forever;Abusive Language
KAK QUBYYYYY HEYY TERIMAKASIH JUGAA YAA UDAH HADIR DIHIDUP YESHAA JADI SALAH SATU SAKSI HIDUP SEORANG AYESHA SEPANJANG INI AAA I LOVE U KAK QUBYY WALAUPUN KAK QUBY NYEBELIN AND HAPPY NEW YEAR;Netral
Babi tak boleh tidur fuck kopi tadi;Abusive Language
Astaghfirullah Gue ketiduran laptop kebuka nampilin word Taekook yang gue tulis Anjing Tante gue masuk kamar kayaknya lama gue ga tau dia liatin apa aja Tapi kayaknya dia baca word gue Shit Bego Bego bener be Tamat sudah;Abusive Language
THE FUCK SHO ANJING SALAH BGT ONLINE DISINI;Abusive Language
BABI MANA YANG DOK RT HORROR PICS SERAM SHIT WHATSOEVER SHIT PAGI BUTA CENNI;Abusive Language
teruntuk saya terimakasih telah berjuang dalam hidup yang sangat penuh lika liku ini Semoga di tahun yang baru ini selalu menjadi pribadi yang humble dan di sukai banyak orang Kak mayyyyyy happy new year semoga sehat selalu ya dan diberkahi hidupnya;Netral
ANJING WHAT THE FUCK KOK BISA GITU GA ADIL BGT BGSTTTTTTTTTTTT;Abusive Language
tahun sdh berganti semoga tahun ini lebih baik daripada sebelumnya jika ada kesalahan ditahun sebelumnya perbaikilah di tahun ini selamat menjalani kehidupan di tahun baru ini HAPPY NEW YEAR;Netral
yang adalah tentu saja HEAVYfuckinTRIP Guyonan goblok a la heavy metal parodi black metal muntah pelangi grindcore dan sarkas agamis Ketawa sampaisambil headbang Shit s good Future cult classic indeed;Abusive Language
Society gapernah se bangsat ini internet datang terlalu cepat diterima terlalu dangkal Fuck pencitraan tatoan gapake narkoba boom;Hate Speech
Episode paling menakutkan menakutkannya itu kaya apa sih vibesnya itu loh gak suka bikin cemas hampa bingung takut Berasa kaya pengen keluar dari mimpi buruk tapi gak bisa Bahkan ini menurutku lebih menakutkan dari episode drakula the hash dlinging slasher;Netral
I want to be like kisah nabi terdahulu cinta la seseorang dengan kadar sederhana dan rindu la seseorang dengan sederhana supaya tidak ada hati yang terluka for future may allah simplify all the couples relationships in this world;Netral
HAHAHAHAHAHAHAHAHAHA LIVERPOOL BARUAH FUCK Diam lah anjing;Hate Speech
Si ini kalau mau minum es ditiup duludia mana tau tentang FI itu cuma ingin kelihatan pinter tp yg muncul bodo pekok buyan tolol idiot;Hate Speech
Kalo pengalaman aku beberapa kali ke rs dan anter keluarga nomor ini cuma untuk dapat kuotanya aja Dateng lebih awal dari jadwal dokternya di tanggal yg udah ditetapin Nanti bakal ke pendaftaran dulu antriannya sesuai kedatangan bukan yg diaplikasi cont;Netral
jungoo gapapa liatin aja tattoo kamu yang cantik itu kita semua pengen liat banget banget semoga jungoo ga sedih terus ya dan tau kalo kita emg pengen bgt tattoo km ditunjukin i love u sm u deserve to be happy;Netral
wan Lipas ada kt sini Fuck siallll suka lah Babi babi babi;Abusive Language
orangorang yang baru terjun ke dunia kerja tahun ini menurutku terlalu LEBAY;Netral
Damn I didnt know a female will put dirt on your name just for some pussy I knew a nigga will do it but damn a female u sad lil babi lol but u know what keep hating cry baby ass lil I dont even say that word;Abusive Language
aku via linkedin dan cari cari perusahaan yg kemungkinan besar akan hire anak magang jadi karyawan abis lulus aku masih magang x lagi jadi total pengalaman magangku x tapi gapapa krn abis magang di perusahaan skrg sung di hire jd karyawan;Netral
Ini kita beneran jadi lawan ya Instead of ada yang dengerin aspirasi rakyat mereka malah pengen buat pendemo mundur Such a fucking government;Hate Speech
terima kasih untuk perjalanan panjangnyaa dan selamat datang lembar baruuu semoga tahun ini bisa banyak hal hal baikk yang datanggg happy new year semuaaaa;Netral
Nisa ni kantoikan tunang nye main ngn betina lain bitch tu kt belakang pintusi laki bangsat tu tutup mulut nisa ni kuat gile mmg sial lasebaik ade sorg kwn tlg lepaskn si bangsat tu;Hate Speech
lah goblok dia masuk penjara gegara roastingan dia yg gak mutu bawa bawa agama ngapa jadi yang mesti tanggung jawab fucking idiot;Abusive Language
Bisa baca g sih ni org ya Lu g bisa asal ada apa bilang sarcas cok Jgn tolol lah jd klo jd SJW itu klo salah ngomong langsung bilang sarcas gtu Your not that smart you fuckin idiot;Hate Speech
Happy new year Terimakasih untuk tahun banyak pelajaran yang di dapat tipu daya dan bermacam hal Semoga di thn ini di buka kan jalannya sukses untuk perusahaan yg lagi di rintis pelan membangun sitem semangat terus dan yg paling utama melanjutkan pendidikan;Netral
berasa semua pembicaraan terkait dengan subject damn its kampret;Abusive Language
JCLUB Trusted Wallet HIBURAN ELEGAN UNTUK YANG BIJAK MEMILIH Bukan semua platform sama J Club beri pengalaman yang lain macam Selamat amp dipercayai Laju amp mudah Cashout tanpa drama;Netral
Dian kenapa Haha tolol Harusnya gue sadar Stupid D;Abusive Language
Jags amp cardinals damn cowboys cant do ANYTHING Right Babi Today;Abusive Language
pengalaman aku kak terus setelahnya aku coba cari tau dan ternyata banyak yg ngalamin juga makanya aku berani ngelist karena brarti valid gak transparannyaa;Netral
bukan ke ngecengin kalo menurutku mereka lebih ke heran soalnya pancingan midnight ni max weightnya ton sedangkan secret kan bisa lebih dari ton soal hokian mah emang tergantung akun masing cuman kalo dipikir logic ya ga masuk midnight rod angkat kraken ton;Netral
Aku Pengikut Yesus Pengikut Jalan TUHAN Lo tolol Yesus orang mana Yesus baca kitab apa di Sinagoga Quran Atau Tanakh Fix lo gila Yesus bukan Arab Stupid kau;Hate Speech
Fuck tolong la jangan anxiety lagi aku tak larat ni assignment banyak nak settle belajar tak masuk apa semua tak jadi fuck babi;Abusive Language
menurutku klo emang sendernya cewek yaaa g salah juga effort buat cowoknya klo emang cinta dan ada hubungan jelas nextnya gantian cowoknya yang nyamper;Netral
Pasukan popok tolol idiot cuma bisa selfie saja;Hate Speech
happy new year too kak jijuuu mau bilang makasiiiieee amp maaf sebesar besarnya mau bilang jga makasii buanyakk banget udah jadi salah satu ma favv moots anw selamat melanjutkan hidup di semoga kita masih bisa kya gini terozzz bahagia teruzzz lopyuu;Netral
Bangsat Ngapain juga identifikasi an nasabah anjeeenggg Lu kan atasan bisa tarik data Fuck Nota gue masih kurang lagi fuuuck;Hate Speech
Babiiiiii punye gemuk sampah haram jadah betul la fuck sial babi punye gempal hanat cibai mak kau hijau sialan;Abusive Language
Happy New Year Everyone Terimakasih Yah ALLAH masih di kasih kesempatan hidup semoga TAHUN ini jadi TAHUN yg baik buatkuaamiin;Netral
can we agree that perselingkuhan itu bukan karena orang yang diselingkuhin kurang tapi yang selingkuh itu yang tolol goblok nan idiot;Hate Speech
padahal udh ada bini cantik eh nyarinya yang modelan lonte aowkowk sicewe juga murahan lagi mau mau aja ngewe sama laki orang si cowo juga sangean cowo tolol goblok idiot inget istri anak dirumah elmer sinting lo bajingan tukang selingkuh dajjal lo binatang;Hate Speech
Anjing Freak Foolish Stupid Pekok Goblok;Abusive Language
Gila babi jam sehari then when is the time u r playing ur phone shit;Abusive Language
Why fuck Fuck bitch RT Yai lo RT Nyawa bangsat RT Mauk bangsata;Abusive Language
aduhh apaan banget sih tolol smua aja dihubungin sma shipper stupid;Abusive Language
Dah la kafir sah masuk neraka aku x nak jumpa kau kat sana shit;Hate Speech
Asu banget sih lo semuaanjingfuck;Hate Speech
makanya kalo menurutku ya setelah keluar SN kita tuh lagi difase menerima takdir KWKWKWK jadi biarin ngedumel dulu sama dyandrut;Netral
Dengan kunjungan ini tim dari Bima berupaya mendapatkan wawasan pengalaman dan strategi praktis dari Imigrasi DIY untuk dapat diterapkan di kantor mereka Hal ini menunjukkan kolaborasi yang kuat dalam lingkungan Kemenimipas untuk meningkatkan kualitas;Netral
Still berkompromi dengAn diri sendiri untuk nerima walau tidAk cantik juga soon to be pretty enough to my own self;Netral
Oh fuck otak terus tak jalan Babi;Abusive Language
aminn happy new year kak minee aku seneng bgt pastinya bisa mengenal kamu dan ya terimakasih juga kamu udah mau mengenal aku;Netral
Selamat Tahun Baru Aku habis baca tweetmu nih Good work selama tahun Semoga di tahun ini semua hal yang baik dan yang kamu inginkan bisa terwujud yaa Udah ya Singkat aja aku belum tidur Once again Happy new year;Netral
Jijikkk Njing anjing;Abusive Language
fuck off la babi serabut pulak aku;Abusive Language
Ooo I nak tuduh shes searching something to be offensive about la kot Cam pelik eh Keyword apa la tu Roti canai dia lapar agaknya;Netral
jangaan pergii iih kita baru ketemu mau kemana kmu sini aja buat kenyamanan lu sendiri jangan peduliin org yang gasuka sama lu u deserve to be happy sayang stay disini ya kita seru an bareng love u bebii;Netral
ni org tuh ya sok bgt ngoreksi org lain tp diri sendiri ga punya pendirian anjing tiap dia ngomong A terus kalo disautin sm org lain B dia bakalan iya aja udh gitu pick me lg PICK A GODDAMN STRUGGLE DUMBASS BITCH i do not support all girls some of yall be dumb asf;Hate Speech
Happy new year my love of my life Cassie and our daughter Eveline Terimakasih untuk yang begitu luar biasa im glad that i meet you and called you mine Sebagai permulaan mari kita rayakan sebagai satu keluarga kecil yang bahagia ada cake kesukaan mu sayang;Netral
Happy New year dan selamat datang di ppn ges D;Netral
Org idiot diperbudak Yaman mau ajj sih anak kau Kalo otakmu ada hrsnya kau tuntut itu siriziq turunan lonte dan FPI binatang itu Mknya pake otakmu biar gak kalah cerdas dgn anjing;Hate Speech
Di cv kan bisa ditulis pengalaman project selama kuliah organisasi dan kuliahnya jg bisa ditulis mahasiswa aja bukan sarjana karena emang belom resmi menyandang gelar;Netral
Takutnya processor keluaran an wkwk Minimal mah yg menurutku Nanti kalo ketuaan lag malah takutnya;Netral
Happy New Year Terimakasih atas kebahagiannya semoga tetep bahagia dan makin bahagia di;Netral
BABI KIMJONGIN FUCK U HANDSOME FUCKCKCKCKKC;Abusive Language
what the fuck do u mean coward go away from my familys and dont bother my boys what the hell this mf talking about nuduh sembarangan dan mandang seolah army semuanya toxic Intinya lo itu iri kan bangsat;Hate Speech
Php lo semua bangsat anjing ngentot Gasuka gua kalo gini caranye Fuck;Hate Speech
Harry potter terjemahan menurutku Enak bgt dibacanya;Netral
Happy new year everyone selamat tahun baru semuanya;Netral
perform nya pake outfit ini jugaa ga sih mau liat part i miss u pastii cantik bgt;Netral
Jujur Galian emang ganggu mana pengerjaannya juga pasti lama udah pengalaman sama galian;Netral
Ehh babi HAHAHHAHAHHAHA hang macam tak sekolah dah damn selamat masuk ke alam part time ye;Hate Speech
kenny definitely asked tia to look up indonesian swear words at one point and asked her to teach it to them anying dog but like in a bad sense ngentot you fuck i think kontol dick;Abusive Language
Bener Menurutku asui agak tawarrr Cuma emang ayamnya banyak banget;Netral
Betul sekali ms Dorisyin belajarlah dari sejarah dan pengalaman karena pengalaman adalah guru yang terbaik tahan coin pi mu karena coin pi mu akan sangat berharga di kemudian hari Jendral LIEN;Netral
Menurutku era sekarang Era pandemi mulai berjamur Bootcampan orang pada ikut alhasil bidang itu oversupply dan HR lebih mentingin yg udah ada pengalaman ketimbang yg lulusan bootcamp sekalipun untuk Entry Level;Netral
anjing fuck you bitch president taiiii yang satu plonga plongo nyautnya yntkts yg lagi kalo ga nangis marah pak kalo udah tua dan otak gak sanggup menerapkan pancasila pada negara yg di penuhi koruptor MUNDUR GENDUT TAK BERGUNA PEMAKAN UANG RAKYAT PELINDUNG KORUP;Hate Speech
Shut the fuck up anjing;Abusive Language
Resolusi tahun Jadi luwak ganteng dunia maya fuck pencitraan nakal tapi tampan sok suci hahaha gw bukan ustad dulu sahabat sekarang jdi bangsat youtubex lebi dari tv boom;Abusive Language
Sorry to say but i hate you to the core so why the fucking hell do i need to give my hard earn money to you Work your fucking hard dam self you bitch Senang eh hidup nak hisap duit org Eh babi;Hate Speech
Kamu dah mematahkan hati ku pas km pergi Trus kenapa masih dipatahkan berulang kali seperti ini ko Am I doesnt deserve to be loved Kadang mikir semua org tu benci sm aku Gak ada yg sayang sm aku Pdhl banyak yg baik sampe mataku ketutup Ko ilysm And I know u know it;Netral
Inimah anjing banget jahannam jancuk bangsat asu Itu emaknya pasti ngerasa gagal jadi orang tua Fuck deh tuh cewek ama tuh cowok;Hate Speech
that asshole never tell any of us also Babi la si buto ni;Abusive Language
Dua buku Keigo yg kubaca agak mirip sih Selalu ada benang merah besar dan ada ceritacerita kecil di dalamnya yang terhubung secara tidak langsung Diantara kasus kecil di buku ini favoritku yang tentang menantu amp mertua Menurutku itu yang bikit hati menghangat;Netral
hanya lah orang idiot yang percaya sama orang ini cebong mah oon;Hate Speech
Selamat tahun baru Happy new year Welcome Hope Welcoming Fck Semoga PPN bisa dibatalkan walau tidack mungkin;Netral
Idiot of the week award;Abusive Language
HNGG menurutku maniss manis manis bgt aku beli yang caramel caramel gt;Netral
Fuck gue udah percaya aja anjing wkkwkw;Abusive Language
Pernah jadi kat family akuKena k lebihLepastu pegawai tu dia suruh mak aku turun and naik tanggaDari tingkat sampai tingkat Bila jumpa pegawaijawapan dia Saya tak pasti rujuk dengan orang lain Babibila aku nak pukul dia panggil polis bantuanFuck;Abusive Language
Nggak kok bahkan gak tau batman itu siapa pun tetep bisa enjoy nontonnya karena semuanya dijelasin dari awal gak awal banget sih versi batman ini lebih kerasa kayak film detektif daripada film superhero menurutku dan gaada sangkut pautnya sama film lain;Netral
ni orng yang uda bikin indonesia gonjang ganjing mereka udah kek anjing SRI MULYANI INDRAWATI BAHLIL LAHADALIA AHMAD SAHRONI fuck them and fuck the police forever;Hate Speech
Teruskan meratib kerajaan tak buat yang terbaik then stupid both samasama buat bantu each other la kepala babi masingmasing selfish;Abusive Language
Mau terimakasih sama Allah diberi kenikmatan sampe skrg semoga selalu menjadi manusia yg lebih bersyukur Bismillah to allhamdulilah page of Happy new year berkah barakah insyallah;Netral
Paling fuck bila serang war tiba lupa buat spellbangsat betul;Abusive Language
Biar cepat punah pasukan popok tolol idiot;Hate Speech
I really dont do shit but work;Abusive Language
Happy new year Selamat menghadapi beban yang semakin berat;Netral
ANJING LO SEMUA YANG WAR BAWA BAWA CHEOL UDH KELEWAT BATAS ANJINGGG KONTEKS YANG LO PAKE KEJAUHAN NGAPA LO SAMPE BAWA BAWA DIA DIA NGUSIK LO DIA JAHAT AMA LO KAGA JELAS LO ANJING TIAP WAR APA APA YANG DIBAWA MENTAL HEALTH SEUNGCHEOL FUCK YOU;Hate Speech
WHAT THE FUCK SIAPA YG HARUS GUE PILIH SIALLL TALENT SEMUAA;Hate Speech
goblok fuck;Abusive Language
Happy new year Milly you are my best friend di tahun ini terimakasih di tahun mau mabar saya rey semoga di tahun baru ini Milly semakin maju kedepannya dan menjadi member tertinggi alterly bahkan menjadi vtuber tertinggi;Netral
Fans lu noh sama pundit lu si botak peler yg goblok anj idiot ada aja ulah nya terima kalah aja susah amat bngst;Hate Speech
Babi aku ni beria la cari barang dalam handbag adik rupanya ada lagi handbag Fuck cakap la handbag warna apa;Abusive Language
SELAMAT TAHUN BARU Happy New Year Kursus Roti Pizza Premium Pengalaman tahun diundang ke seluruh Indonesia Malaysia Singapura Brunei Darussalam WA;Netral
Damn Akaun semua bank bank islam bank kafir ke ke bank yahudi bank indon semua dah hampir kosong Harus mulakan pelan berjimat;Hate Speech
shit lut mek ngn cucum kata aq gay babi;Abusive Language
Eh idiotloe ngerti masalahnya gak sih Kamu kafir;Hate Speech
Pisah karena prinsip nyatu lagi karena prinsip Sebernernya kalo orang yang benerbener sayang lu tuuh entah bagaimanapun caranya dia bakal balik lagi Thnks for being you as wht you must to be;Netral
Stinggi apapun pendidikan cebong ttap idiot Krna idiot d rezim ini nular;Hate Speech
Damn i feel sick when i see my friend got bullied by his manager wtf bodoh anjing x reti nk appreciate stuff aku tahu la kawan aku tu a bit lurus fuck;Abusive Language
Aku pgn bkin kata kata akhir taun First of all happy new year for all my moots lt thank u for be my mutual xixixixixi My apologize suka berisik pernah bikin kalian tersinggung atau ganggu lewat ketikan aku;Netral
Mereka tau apa tentang anjing anjing nya kita anjing gak bakal ngerti tentang manusia fuck yeah;Abusive Language
Janda banyak pengalaman jangan main anon Don t look down on her age or status Or anon mesti kerap citer pasal janda tu sampai gf anon pun insecure;Netral
enih mantep bgt cuy hisana sama sabana tu menurutku bland qfc itu ada bumbunya lebih kuat;Netral
Anjing buat ka berharap Berharap tuh kata yg nyakitin bgt kaya hancur bgt njrr Fuck buat kata berharap;Abusive Language
menurutku pemain bola yg auranya negatif selain bruno fernandes;Netral
happy new year buat semua followers twitter ku yang bacain twt senang sedih marah nangis ku selamat menjalani;Netral
BANGSAT JORDAN POOLE GET THE FUCK AWAY;Abusive Language
nilai kayak ular tangga bangsat aowkwowoksksis fuck pengolahan sinyal;Abusive Language
KM JANJIW SUKA APANYA damn kopinya menurutku after tastenya bnr bnr selalu pait even udh tambah;Netral
Alip goblok tolol idiot dongo anjg;Hate Speech
emang dasarnya juhoon nie anak model sejak dini pengalaman kerja as a model dia tahun ada kali ya gede dikit udah digaet sma brand fashion kata gua mah liat aja entar;Netral
s Pagi Maaf ya mau ngeshare hal gak enak Plis jangan normalisasi bercandaan kayak gini yaa Ini op udah diingatkan dan ditegur di komen tapi tetep ngeyel dia ngejoke aja Sangatsangat gak pantes menurutku berasa kayak nyumpahin babeh Bantu rnb ya guys Makasih;Netral
dari track no nya were good ANJING MUAK BGT SAMPE SKRG kek padahal udh lama ga dengerin tp itu tetep muncul anjingggg seberapa sering apa dlu dengerin itu fuck monyet;Abusive Language
Well she is a bitch right Si anjing betina;Hate Speech
Happy new year semuanya semoga segalanya ditahun kemarin jadi lebih baik di tahun ini Terimakasih sudah nemenin aku ditahun kemarin semoga di tahun ini bisa lebih menghibur kalian dengan kapal cintaku maaf kalau ada kesalahan dari aku i do love you sow much;Netral
Happy new year semua Ga nyangka bisa lewatin semua ini ucapin terimakasih pada diri sendiri;Netral
THEY SAID POLISI GAK PUNYA PILIHAN ALAH TAI KUCING;Hate Speech
Nana deket sama nana karena sering banget ketemu halhal atau kejadian yang kita alamin persis atau sama trus were youns enthu nana suka banget ngelove tweet ku my online sista thank you and sorry for everything na do what you love and youre free to be you sayang nana;Netral
Membandingkan membela Allah pencipta kita tempat kita pertanggungjawabkan semua perbuatan kita kelak dengan membela Penguasa dungu yg rakus yg membuat rakyat kecil menderita adalah analogi yg SUPER TOLOL dari cebong idiot itu;Hate Speech
Menyampah betul la jenis ambil kesempatan jalan kan tugas bukannya menggatal lah babi fuck org macam ni;Hate Speech
happy new year sehat selamat bahagia kuat ikhlas dan dimurahkan rezekinya udah pasti tiap tahun wish nya gini tapi Tuhan boleh nambah ga semoga lancar kuliahnya dari bimbingan sidang skripsi yudisium wisuda ntar bantu cari kerja juga ya Astungkara;Netral
Otsuuu semuaanyaa Alhamdulillah thankyouu udaa nemenin taun baruann i lovee u soo muchh guyss happy new year rest well yaaaa papaii selamat malamm;Netral
ga ngerti sama org yg tidak menyalahkan voters karena the now president lah yg bertanggung jawab for most of what s currently happening anjg menurut lu siapa lagi yg punya andil ya lu benci isilop ya lu benci dpr tapi this all could ve been prevented and minimized no;Hate Speech
Mmm fuck I can t decide between wanting to putting my face or my dick in between them;Abusive Language
beep beep Happy New Year nonmanusia Terimakasih karena woocgi udah jadi nonmanusia yang ceria bawel dan membawa positif vibes buat orang lain Semoga di tahun ini woocgi gak taken ya Pacaran sama aku aja kalau mau Bilang LY gak ya Gak deh Bye;Netral
Wah Kuroo Tetsurou di JKT Menurutku dia cocok jadi Adel Reva Fidela karismatik pintar strategi dan punya sisi sly yang mirip Kuroo si blocker licik ENTP vibenya pas Atau Zee buat energi confidentnya Kamu setuju siapa;Netral
Selamat tahun baru guys semoga di tahun ini banyak kebahagiaan dan keberkahan yang mendatangi kita dan juga rezeki yang berlimpah pastinya HAPPY NEW YEAR;Netral
mengucapkan Happy New Year Selamat berbahagia menyambut tahun baru;Netral
nderr percaya deh marah ga akan nyelesein masalah coba tenangin dlu kalo udh tenang baru obrolin yaaa ini dr pengalaman pribadi aku sudah belajar dr hubungan terakhir kemarin;Netral
I know i dont deserve to be happy tapi udah dong jangan diginiin terus capek akutu;Netral
TIK ANJING INI APA GUE LITERALLY TERIAK SUMPAH GUE KAYAK ORG DIKAGETIN DR BELAKANG SHIT;Abusive Language
KONTOL NGENTOT BANGSAT BEGO GOBLOK CAP MEMEK CAP EEK KUDA TOLOL IDIOT PUTANG INA GAGO PUTA MADRE MOTHERFUCKER ANJING BANGSAT SAMPAH RONGSOKAN EEK ANJING SUPER MEGA FAILED SUPER MEGA DOGSHIT SUPER MEGA COCKSUKCER PIECE OF SHIT OTAK PELACUR;Hate Speech
Happy new year terimakasih untuk masamasa jungkirbalik Sekarang accu jadi mahir akrobatik;Netral
HAPPY NEW YEAR GAISTERIMAKASIH NYAAAA;Netral
fuck kontol lau anwar ngondek;Abusive Language
Selamat tahun baru Sambut tahun ini dengan halhal baru yang membawa kebahagiaan untuk diri kamu dan orangorang di sekitarmu Happy New Year;Netral
Engga ada yang bisa gue percaya PENGKHIANAT lo semua BEJATBANGSATMUNAFUCK;Hate Speech
Paling fuck bgtau benda dah dekat dgn date program tu babi;Abusive Language
selamat tahun baru semoga tahun ini lebih baik dari tahun sebelumnya aamiin HAPPY NEW YEAR GUYSSS;Netral
Gk usah bawah twitan org lain ke berdebatan kita kita terserah mau bilang gw goblok kek bego kek idiot kek terserahkata itu nunjukin ke diri lu sendiri dan mereka yg bilang itu ke gw;Hate Speech
Is it just me or emang customer service YSL Kuala Lumpur is dropping like shit Mcm babi nak shopping pun terus hilang nafsu belanja;Hate Speech
kontol ama kw anjing fuck penis;Abusive Language
intinya makasih ive been through a lot honestly lebih capek mental drpd fisik sejujurnya hahahahaha cuman yaudah gapapa i think it made me into a better person cheers for i hope it will be good to all of us;Netral
Terima kasih untuk suka dukanya dan selamat datang tidak banyak menuntut untuk tahun ini hanya bersyukur dapat merasakan tahun baru lagi Happy New Year semuanya;Netral
Menurutku sih iya karena tokoh utamanya anak kecil yg dipandang buruk sama lingkungan sekitar bahkan ortunya jg;Netral
babi kimak instructions not fucking clear shitty ass stupid fucking piece of shit hillbilly white trash fucking game;Abusive Language
Tp kalo pake ai ekspresinya mati kak Kayak pasif gitu Ekspresinya kosong menurutku;Netral
damn giliran udh di acc malah kaga jelas gini acaranya emng punya temen kampret semuaaaa;Hate Speech
ga wajar kau tolol stay cry bitch;Hate Speech
maaf bgt aku ga bisa ngerangkai kata kata kayak yang lainnya maaf juga kalo akhir akhir ini suka ngilang ga mood buka twt i love u with all of my heart guys sehat sehat dan bahagia selalu semuanyaa happy new year;Netral
gira ini pinter banget ngehasut orang dan emang tolol orang yang gira hasut itu GAMPANG banget kehasut like BITCH WHAT lo gampang banget dihasut u dont search about the truth first ini bodohnya sih jadi yang ngehasut lo jadi kayak ahah i win u guys stupid for real;Abusive Language
HAPPY NEW YEAR Selamat Tahun Baru Semoga kebahagiaan dan kesuksesan selalu menyertai kita semua Dan apa yg menjadi citacita qt dpt tercapai di tahun ini photo;Netral
akhirnya keyboard laptop ini berfungsi dengan baik bahkan sekarang suara ketikannya lebih oke menurutku kek metallic gt;Netral
itu pengalaman mu dan pengalaman ku juga xixi ya balik lagi si pribadi masing ada yg emg tabiatnya BNGST ada juga emg dari awal dia baik dan tulus;Netral
Pengalaman hunting freebies jg agak horor Pernah kegencet jg sampe gue teriak wkwkwk trs lg sama ponakan hunting freebies tp mundur takut grgr ada yg kejengkang;Netral
Eww I been left that shit alone years ago;Abusive Language
what the fuck GAK PUNYA OTAK;Hate Speech
aku nggak pernah baca buku seberat ini sebelumnya bagiku pengalaman membacanya betulbetul menguras tenaga dan pikiran terutama bilamana lengah dapat mengombangambingkan mental jadi sebisa mungkin hatihati;Netral
pengen bales semua ucapan happy new year tapi otak aku udah berjalan pokoknya selamat tahun baru semuanya semoga tahun bisa jadi tahun yang lebih baik untuk dilewati terimakasih untuk semua memori nyaaaa;Netral
halo fiy i hope your day was great fiy jangan lupa jaga kesehatan yaa jangan lupa senyum juga remember this kamu itu cantik kamu itu berharga so fiy dont forget to be happy lt;Netral
new years resolution study like gila babi workout more drink water uti fuck u bangun awal mama AHAHAHAHAHA BASICALLY A BETTER PERSON;Abusive Language
porsi saja sudah termasuk kegagalan menurutku Jangan sampai muncul narasi negara meracuni generasi penerusnya;Netral
fuck orangorang yang ngerokok di jalan anjing you guys are the worst;Hate Speech
Happy birthday to Han Seungwoo I hope seungwoo always be happy amp healthy Pokoknya sukses terus buat karirnya seungwoo dan semoga makin banyak orang yang sayang sama dia;Netral
Bila aku dah sayang seseorang aku takkan lepaskan dia macam tu je Tapi tak tau la kenapa takde orang nak hargai aku bila aku buat baik I think i have to be a bad girl to make everyone appreciate me;Netral
bitch I need an answer NOW will you be my Babi daddy;Abusive Language
menurutku si bungsu kaya gitu tuh termasuk kegagalan ortu ku dlm ngedidik dia saudara kandung tuh ga punya kewajiban mendidik membimbing adek kan itu kewajiban utama ortu dan kita cuma bantu kan salahnya mereka malah ngasi semua tanggung jawab ke anaknya;Netral
Menurutku anaxa dulu nder baru cerydra harmony harusnya rerun cepet harusnya;Netral
Terimakasih buat semua proses jatuh bangunnya tidak akan pernah terlupakan wish me luck Jesus bless u Happy new year;Netral
Tahun telah selesai cuma mau bilang terimakasih untuk diri sendiri Proud of me untuk setiap masalah yang dilalui Sabar yaaa kuatin lagi bahunya dan kencengin lagi doanya Once again thank you so much im proud of myself for surviving another day Happy new year;Netral
dog bitch rap shit taik anjing wrap bapak ah;Abusive Language
halo kak saa sider here i hope u don t mind ya kak saa sebelum tahun berakhir aku mau kirim surat ci HAIIIII HAIII thankyou thankyouu si much for writing this makasih banyak udah blg ini ke aku udh nulis ini k;Netral
HANYA ORANG TOLOL YG MENILAI ORANG LAIN CUMA DARI STATUSNYA DI MEDSOS IDIOT;Abusive Language
Payah debat sama cebong idiot dungu;Hate Speech
hello my besteez moots moots burung biru ku terutama atiny yang sering share tentang ateez dan yang suka interaksi im so grateful to have u guys in my live happy early new year darling lt semoga di tahun depan kita masih suka sharing dan sering interaksi satu sama;Netral
Kadang terfikir mampu ke aku jadi mcm parents aku Sebagai anak aku rasa kasih sayang terlebih cukup and everything are perfect and enough for me Walaupun bukan jutawan tapi bahagia dalam lingkaran kami sendiri Will i be able to give my children what Ive received;Netral
This is what I m fucking talking about why the fuck do we live in there world white privilege racist world;Abusive Language
Hoi bitch stop yelling at me teriak teriak gjls benci banget anjing mulut cablak njs bgt stop;Hate Speech
Hari terakhir di tahun jd pengen keluarin unek unek hhahhah fuck lah buat semua Taik emang Anjing Bangsat Yg ga suka unfollow aje;Abusive Language
Halo terimakasih ya buat semua doa baiknyaasemoga berbalik ke kalian yang belum menang jangann sedih yaa tunggu GA ku selanjutnya Happy New Year Winners k k Dm aku untuk claim jangan lupa drop no spay kalian;Netral
shit mantan crush nge chat lagii ah babi;Abusive Language
love her energy HIDUP PEREMPUAN YANG MELAWAN sehat sehat ibuuu semoga selalu dalam lindungan Allah;Netral
Agak egois kalau aku ngeluh capek soalnya semua orang juga capek All i can do be the river and take some times to treat myself good thing takes time;Netral
Menurutku manding lumayan affordable;Netral
Im Not Dat Bitch Dawg;Abusive Language
yahhhhh fuck yess like that babyhhmemek ngeremes kontolnya trs anghh babyhh u so hot ahhh;Abusive Language
fuck sini jilatin memek gua kak;Abusive Language
Tapi dia ini amat sangat bodoh tolol idiot syndrom ygy;Hate Speech
what the fuck pagi pagi dah ada fireworks tolol orang ni;Abusive Language
HAPPY NEW YEAR KAK ALIFA terimakasih karena telah bertahan hingga sejauh ini kamu hebat semoga tahun ini lebih baik dari tahun kemarin yaa semangat kak;Netral
BERTANGGUNG JAWAB APA ANJING BRING HIM BACK LO TUHAN KAH ANJENGGGGGGGGGG minta maaf mulu what about TIDAK MELAKUKAN HAL SALAH in the first fucking place tolol anjeng goblooookkkkl;Hate Speech
I tried so hard to be rational dan tak melenting tak cepat merajuk as you wish Lupakan segala sakit yg aku rasa sebab sayang But I m done doing my part;Netral
Kak indah cantik banget thankk u ya udh ngasih yg terbaikk selalu utk kita smga di ini bnyk hal baik yg dtg dan jga selalu disertai dgn kebahagiaan semangat trus dlm kegiatan ny;Netral
Happy New Year Terimakasih telah menjadi cerita dalam perjalanan hidupku semoga tak terlupakan Esok mulailah dengan cerita baru awali perjalanan dengan hal baru dan jadikan pengalaman menjadi evaluasi diri Selamat Tahun Baru;Netral
i hate you like i hate fucking zionist youre just same fuck you fuck your life mahasiswa tolol iq rendah hope you die in bad way motherfucker;Hate Speech
anjing fuck gue ditinggal lagi bangsat;Abusive Language
Liputan Pameran EPI Sobat Nusantara PLN NP hadir di Electric amp Power Indonesia sebagai ahli dalam bidang energi hijau dan ketenagalistrikan Dengan pengalaman tahun kami menampilkan ragam layanan OampM MRO dan EPC yang telah menembus pasar internasional;Netral
Mampus ketahuan media luar sdah Kada usah beucap Free Palestine dulu pikir akan cara nya kiapa otak lawan empati tepakai ja dulu Fasis bangsat FUCK OFF;Hate Speech
Lingard udah mendingan sekarang yg tolol Idiot;Abusive Language
Selamat tahun baru Kakakku Terimakasih untuk bunga cemilan dan doa baiknya ya Semoga segala yang kita lakukan diberi kelancaran di tahun ini Dela bawa hadiah tahun baru untuk Kakak Happy new year;Netral
Sampe saat ini dengan keadaan begini belum ada satupun dari yang mundur Shame on you for causing this chaos;Netral
tak kisah lah umur kau ke ke or even sekali pun tolong lah jangan desperate sangat nak ada bfgf kau tahu tak orang yang tengok kau yang desperate gila babi nak ada bfgf ni rasa annoying as fuck;Abusive Language
kiri tapi menurutku sayapnya ganti sender;Netral
happy new year seneng bngt di tahun ini ketemu bnyak author yg karyanya tuh keren keren makasih udah menemani tahun inii tahun ini aku jdi ada distraction ketika mood lg jelek atau hari lagi buruk sekali lagi terimakasih para authorauthor keren dari au au yg aku baca;Netral
Aw fuck wait I really did misread it huh Well the GIF STILL STANDS We ain t ready and I m ready for not being ready Screw it being the angst Babi;Abusive Language
Meskipun begitu ini merupakan sebuah pengalaman menyenangkan bisa berbagi canda tawa dengan para pengunjung yang tidak kuat menahan pahitnya kehidupan eh jamu maksudnya Terima kasih komunitas Sakatoya until next time;Netral
Bangsat fuck bye;Abusive Language
Direndem Aer anget dlu menitkalo aku isinya kubuang klo mertuaku engga dibuang Cm menurutku enakan dibuang;Netral
Bangsat idiot itu daerahnya dibangun malah merusak;Hate Speech
tentunya di samping sambutan keluarga ya Jadi intinya sama aja kayak mereka yg nglepas lelah dengan ngliat cupang nonton sinetron dangdut academ atau main game dll Semua sama And Im glad to be part of kpopers Ada semangat tersendiri Thats why once again;Netral
to Terimakasih buat semuanya di tahun aku senang dan beruntung bisa kenal kamu maaf aku terlalu malu buat muncul dan nyapa kamu karna aku sadar aku ga bisa buat kamu bahagia happy new year i hope can find your happiness;Netral
OTSUUU terimakasih kerja keras kalian streaming jam untuk mendapatkan uang sebanyak itu you guys really did a great job so proud of you guys istirahat yang banyak ya and happy new year;Netral
Menurutku bisa aja karena gak ada yang mustahil Apalagi soal perasaan Kayak semakin lama mengenal ternyata semakin klik atau ada hal tentang dia yang bikin kamu tertarik Tapi hal ini mungkin kebanyakan dialami sama yang dari awal gak punya tipe ideal kali ya;Netral
Fuck gila hg babi bodo;Abusive Language
happy birthday valentine boy wish u have more laugh in this new age jeje semangat shooting dramanya je gantengnya dikontrol je jangan suka bikin teriak HAPPY ALWAYS JEJE HAPPY yo;Netral
memang pola pikir itu terbentuk berdasarkan pengalaman gimana cara orang ngelewatin hal sulit dan solve the problem by urself;Netral
Depan cakap lainbelakang ckap lainbangsat apakah ini bitch;Abusive Language
Aku kat Somban everyday everytime tgk movie online Bile kat Merlimau feels like Ughhh shit Babi ah takde wifi;Abusive Language
mungkin emang gua cewe yg tolol bego dongo idiot dibohongin berapa kali masih tegar walaupun sakit dijalaninnya ily;Abusive Language
fuck u desember kontol;Abusive Language
mereka ngga kriminal sehari meriang keknya Kok malah polisi yg ngamuk ya Indonesian citizens in Kwitang Senen Great Capital Jakarta now under power outage amp blackout are threatened to be arrest;Netral
Babi ah duit hbis bayar guanlibi je shit;Abusive Language
dan kalo ada yang pacaran pasti cenderung terbagi antara shipper vs shipper vs shipper homo vs idc i just want them to be happy now yall shut up squad sedih tau liatnya wqwqwq capek liat kelakuan kalian semua ribut tiap member pacaran;Netral
Always about family and insecurity of unworthy human being Damn lo bakal gue bikin lebih goblok dari Jeffran Raksahanung tapinya Jo Sorry;Hate Speech
KERJA ANJING FUCK MARRY GUE PENGEN MENCAPAI IMPIAN GUE I work hard to achieve that job so i wont let anyone menghalangi gue who tf r u Bodo amat;Abusive Language
Di aku astral lepre wangi nder menurutku tuh yang terlalu kikir si talon bukan playernya yg g hoki;Netral
bdo amat emg pling enk mndingin kn emosi dg bca au dan vote stream bye undur dri dari meng emosikan ucu juancook bngsd ngentodh babi anjir anjay anjing fack bullshit tolol bgo tai oon idiot;Abusive Language
Of course I MISS MY KAK RENEI Siapa yang tidak kangen mengobrol dengan kakak cantik satu ini menangis;Netral
Ini manusia gabisa bahasa manusia atau gangerti konteks sih Tolol banget Dipikir kita se anarkis itu kah We are doyoung fans SIAPA YG MAU NYAKITIN DOYOUNG ANJING Whats wrong with youuu stupid asshole Percaya statement dr akun yg bahkan bukan fans;Hate Speech
Mau makasih ke twice bgt karna ke sono bisa sekalian liat mereka sama mau ketemuan dgn doi TAPI udh janjian mau ketemuan eh pas hari H dia ngilang anjing banget lah Berharap ke twice aja jgn ke org pada penipu bikin sakit hati Fuck lahh u anj gue udh seneng loh mau ketemuan;Abusive Language
selamat ultah pak pincen wish u merry xmas n happy new year doa lainnya disebut dalam hati semoga ga kedengeran teruslah menjadi aries indie and fun fun fun;Netral
Bila la bitch bangsat mcmni nk pupus;Abusive Language
mangkanye bong jangan maen paksa orang fuck cine;Abusive Language
Yaaaapppp maasuuuukkkkk Hny orang tolol dungu o on idiot goblok dan pemalas yg g lihat kerja nyata pakdeeee;Hate Speech
selamat tinggal kesialan selamat tinggal kebodohan selamat tinggal kemalasan selamat datang kesuksesan selamat datang kebahagiaan selamat datang kejayaan Happy New Year;Netral
Untuk pidato diplomatik super keren berani sekaligus berisiko terlebih paham bahasa Prancis plus kenal baik dengan Presiden maka menurutku wajar banget Pak standing ovation Di situ aku bangga sebagai bangsa Indonesia dan sekaligus alumni Prancis;Netral
Fasting is healthy for your body not only body For All you have money success for you work be patient Dont to say aku cape krn puasa jgn krn ibadah km jd lelah tp itu nikmat Jika km berkata seperti itu ibadah akn berkurang;Netral
Fuck lah Gaji aku manaaaababini aku benci kerja contract ni;Abusive Language
Aku juga pengalaman admin gudangcustomers service selama bekerja banyakan sambil nangis karna secapek dan se pusing itu apalagi gada kepala gudang skrg nganggur malah nyari nya loker admin gudang lagi;Netral
WHO THE FUCK MAKING AIN SAD GONNA GET IT FROM ME YOU JUST WAIT LAA SOHAI BABI;Abusive Language
TOLOL BANGET ANJING ATAS DASAR apa lo ngomong begitu lo nggak tau loona apa even though theyre not that known in korea all kpop stan outside korea knows them WHO THE FUCK IS CIX;Abusive Language
Tulungagung Top aku Sangwon Anxin Leo Geonwoo Yumeki Junmin Woojin Seonghyeon Walau aku one pick woojin menurutku terlalu hard untuk woojin menjadi top maaf pesimis asal woojin debut udah bersyukur bangett;Netral
I added a video to a playlist si Cantik Ananda Apriliani Nyanyi Cover Lagu Gajah Tulus Suaranya;Netral
FUCK AH BABI;Abusive Language
aku pake sling bag crsl memang awet menurutku aku pake tahunan dan lucu warna nyaaaaaa;Netral
gue ga tau mau ngomong apalagi cengeng banget ga si kalo nonton itu nangis gue sayang banget sama mereka thank you for making my more colorful I am very proud to be one of you NCT IS OUR HOME;Netral
Wkwkwk idiot tantrum ngatain org lain tolol sungguh puncak komedi;Hate Speech
BABI LA WHAT IS BTOB WITHOUT ILHOON FUCK YOU CUBE;Abusive Language
Damn this entitled bitch thought were fans sprouting in the big year of ke Eh babi Takyah nak acah fans from debut ye sial Exol mmg tak guna Haram jadah betul;Abusive Language
Klo ini emg u ya bwt inisal A hubungan dah slesai thn lalu anjing gw msh aja trs di gangguin dipantau taik u Msing ya tod Fuck u;Abusive Language
Terimakasih juga untuk kerja kerasnya setahun kemarin Njel Semangaaat buat kita semua utk setahun ke depan Happy New Year;Netral
Fans lvpool bnyak yg tolol udh tau diedit media yg gajelas sumbernya masih aja percaya idiot;Hate Speech
btw aku biasa pake platform investasi di Bibit guys kalau pada belum pake menurutku coba aja uiux nya nyaman bgt eh jangan lupa pake referal teteh yaa buat dapetin saldo awal k buat investasi guysss;Netral
happy new year ka ire sayang terimakasih banyak udah baik sama aku udah mau temenan sama aku semoga selamanya ya kaaa aku sayang ka ire i love youuu soooo sooo much ka;Netral
Menurutku yah Karena kalo survival show terutama yg pake voting bikin kita tuh ngerasa ngebesarin idol kita banget Kayak kita akan ada feeling oh I made them debut gitu loh Jadi intinya ada berjuang sama sama idolnya gitu Gatau deh gw ngomong apa;Netral
Gw orangnya gampang bergaul gampang akrab berteman dll Pas udah dpt lingkungan kantor solid semua atasan pun enak diajak sharing Eh apes bgt ketemu cepu anjing bangsat fuck;Abusive Language
Kadal Marmut Anjing Freak Foolish Stupid;Abusive Language
Happy new year was one of the most meaningful year ever bersyukur sekali karena segala perasaan baik dan buruk sudah terlewati semoga tahun bisa lebih berproses dan mendapat lebih banyak kesempatan baru selamat istirahat;Netral
Goodbye terimakasih atas pelajarannya Gamau banyak berharap di tahun intinya apapun itu cuma mau bahagia dan bisa membahagiakan Happy new year Kiyowooo;Netral
Dan lu benarbenar sayang sama diri lu sendiri disaat lu ga nyaman sama keadaan lu benarbenar mecah keadaan itu jadi keadaan yang lu mau tanpa peduli OMONGAN ORANG LAIN But overall you did great Di tahun baru ini gua cuma mau bilang I want to be happy ever;Netral
aku sagi des ya menurutku plg badjing tuh gemini sm leo mereka tmn nah justru jd tmn itu tau sebdjng nya dia phm ga;Netral
halo abang aku alana semoga tahun ini lebih baik dari tahun kemarin ya tapi tapi tapi engga seburuk itu sih soalnya di aku ketemu abang hehehe selalu jaga kesehatan ya be happy makasi udah jadi abangnya alana im lucky to have you;Netral
Udh gitu jgn gaenakan mulu hwa sekali kali tegas itu perlu kok Makasih udh mau temenan sama gue U re the best emg hwa sayang bgt gue sama lo So many people love you don t focus on the people who don t U deserve to be happy Ps jangan mafia acc mulu anjr;Netral
Happy new year Mau ucapin makasih dan maaf Makasih udah buat harihari aku lbh berwarna di dan maaf aku baru kenal kalian di Terimakasih buat semuanya suka duka apapun itu Terimakasih utk selalu bekerja keras Lets be happy and healthy in;Netral
fuck shave janggut lah babi;Abusive Language
kenapa giliran kek gitu kalian gercep banget ngeshare nya tapi giliran prestasi yoongi kek pada anteng semua no salty tapi aku beneran ga sukka apalagi menurutku itu video ga ada mirip miripnya so pliss stop;Netral
my little sister is prettier than me shes going to be a queen bee dan bakal jadi inceran banyak cowo nanti krn SUMPAH ADEK GW CANTIK BANGET GILA semoga aja dia ga kek aku yg gampang dibegoin cowo dan if she been in love with someone i hope she wont fall to a wrong person;Netral
How to be productive Beneran ini plotnya arva as rivas kacung udah ngembang sana sini huhuu kan sayang gk dijadiin Walau plotnya mainstream;Netral
Terima kasih dan Selamat Datang Happy New Year;Netral
Ima fuck you up REAL good hunnieyou play in the play pin child not my phone Babi;Abusive Language
fuck gw jadi gabisa kumpul bareng kluarga abang gw yg pertama ga disini man gw cuma mau gw sama kluarga gw ngumpul makan ketawa bareng dah si itu aja haha ngentot anjing kontol gaguna tai;Abusive Language
Happy new year kaaaaaaak Terimakasih sudah mengisi aku khususnya readers kamu dengan asupan yang sangat lejat dan bergiji Semoga di tahun ini harihari kamu banyak diisi kebahagiaan ya;Netral
Sejak pakai phone baru ni aku rasa main pubg noob giler babi siak Fuck lah Dapat kill pon kill bot je;Abusive Language
I guess i already rejected as his mom future daughter in law Ada mercun meletop amp aku melatah BABI Right beside his mom Fuck My Life;Abusive Language
so this is the reason why the fuck mata gw perih amp bau nyengat merica tadi abis isya di deket gor TLJ some fucking exipired tear gass kebawa angin itu baru kebawa angin gmn yg di lokasi massa;Hate Speech
Woi kontol itu take beer goblok learn English idiot pantas aja pendidikan rendah;Hate Speech
Banyak harapan lain yg belum sempat diwujudkan seperti tahun sebelumnya manusia ini selalu mewujudkan harapannya sendiri harapan datang kemudian lepas Happy new year selamat datang harapan baru lagi segera lakukan tindakan kurangin drama bray;Netral
lo goblok yg mwy apa Orgy udh ga mw tp lo masih paksa Itu ape namay klo bukan idiot ato dongo;Hate Speech
Anjing gue cewek ga salah kan kalo dipanggil bitch;Abusive Language
RASTRA SEWAKOTTAMA Moto kepolisian artinya abdi utama dari pada nusa dan bangsa As u know yang kalian lihat pelindasan itu adalah hal tak sengaja Penembakan pada gamma itu hal wajar Tragedi Kanjuruhan apakah sepenuhnya kesalahan penyelenggara Are you blind or what;Netral
Mau kek jungkook bisa bikin video isinya orang sekitarnya orang yang dia sayang gtu I want to be sweet for some people around me;Netral
to Happy st anniversary bangzico makasih udah sayang sama nji Be longlast anak alay lt I Love You;Netral
gw benci banget sama penyakit tertentu yang mostly menyerang perempuan dunia kayak udah nggak adil sejak awal;Netral
fuck u intan maisarah ni dan for kir jangan kawan ngan dia dah sebab tu bukan kawan tu anjing;Hate Speech
ya this answer concluded in every response for the SIMILAR STUPID CONTENT AND FOR THE CREATOR THAT CRESTING SIMILAR STUPID CONTENTT ALIAS LU PADA GOBLOK BET ANYINKKKKKK;Hate Speech
idiot sudah dibahas diatsd tidk ada yg larang CEBONG nggak senang dengan dan FOLLOW dia CEBONG WARAS;Hate Speech
FUCK LAH ANJING PERNIKAHANNN;Abusive Language
Lu sering ngomong fuck emg fuck apaansih Fak fak fak kuat aku fak kuat sama pleyboi anjing;Abusive Language
baru keinget ada vcr ini menurutku video ini mewakili fontnya;Netral
happy new year buat semua moots coc ku disini terimakasih sudah menjadi alasan hidup untuk bertahan setengah tahun ini sehat selalu ya kalian semua semogaa di tahun ini kita selalu bahagia dilancarkan semua urusannya yaaa;Netral
First love dri f sampai aku habis sekolah Siap keluarga semua tahu and should be tunang dec ye Tapi sayang aku cultre shock dlu masa bulan and say goodnye to him hahaha maaf doh;Netral
Happy new year ahgase Semua nya happy new year Terimakasih untuk tahun ini Maaf jarang aktif banget tahun ini Bahagia selalu semuaa;Netral
DAMN IT BABIS AUTHOR NOTICE MY TWEET SIAAAAA jejogettttt;Abusive Language
Haloww ars happy birthday to you semoga sehat selalu semangat truss makin rajin makin pintar pokoknya lancar trus kehidupan rl kamu sayang dan jangan lupa bahagiaa di thn baru ini hehe always be happy love u;Netral
Seram lah Babi what the fuck anjay;Abusive Language
Itu emaku Ialah perempuan paling cantik di dunia ini;Netral
Bravo cindy jngan dilayani cebong idiot Cebong aja sdh tak berotak gmna yg idiot;Hate Speech
sentimental value bro didnt expect this shit will happen i should never let others hold you man fuck korang anak babi;Abusive Language
namanya juga pisang bolen idiot tolol aasu idup di rawa rawa lu ye;Hate Speech
It s a rare sight of me wishing good morning because I m not a morning person but i decided to be one today So Good Morning Anda semua cantik dan kacak ya hari ini semoga Tuhan bukakan lebih banyak pintu rezeki untuk kita semua dan permudahkan semua urusan kita;Netral
holly f gila babi sejuk sial and fyi here in mlaysia nowadays pun dah cold as fuck mcm mana la kat sana;Abusive Language
happy new year selamat datang dan selamat tinggal penutupan akhir tahun yang bahagia semoga kedepannya juga makin bahagia;Netral
Maaf Pak Eko its time to step down Mundur baikbaik Pak selagi ada kesempatan Semoga Indonesia baik saja;Netral
Aktivitas Umpan Balik amp Hadiah Menarik Menantimu Kami sangat ingin mendengar pendapat Anda Berikan umpan balik tentang pengalaman Anda dengan kami dan sebagai tanda terima kasih Anda bisa mendapatkan hadiah menarik;Netral
I know they dont meant shit by this but kenapa bagi aku mee goreng macam dalam bekas makanan anjing;Abusive Language
TF LO NGMNG ULTAH ORTU GUA DIEM FUCK GUA SLLU NGADOIN ANJING;Hate Speech
Dalam hal apa onana baik dari de gea build up itu Bjirrr sorry to said hanya org IDIOT yg bilang onana bisa build up build up itu kayak ederson build up onana mah build kayak kiper amatir tapi gimna kalo pembenci akan ttp jadi pembenci fans boleh GOBLOK jangan;Hate Speech
MUCIIII MAKASIH JUGA UDAH MAU TEMENAN SAMA AKU YANG GAJELAS INI YA AKU SENENG BANGET BISA TEMENAN SAMA MUCI SAYANG MUCII BANYAKBANYAK i really hope next year will be a lot better to you okay;Netral
Udah nonton The Summer I Turned Pretty Season belum Kalian Team Conrad atau Team Jeremiah Belly bingung pilih sama kayak pelanggan yang harus pilih brand Pilihan mereka tergantung pengalaman yang didapet;Netral
Damn berkepala anjing;Abusive Language
TITA semangat ya sayang im so sorry to hear that pasti bisa sembuh bantu papanya jaga pola makan dan jangan lupa doain terus stay strong to you and your whole family ill be here if you need me inget kan im only a dm away janji;Netral
Stupid kafir;Hate Speech
Oh yea some head ups Kalo misalnya ada yang engga nyaman sama retweetan aku belakangan ini Udah unfoll aja Block sekalian Dont interact with me for the rest of your life what the fuck is wrong with you Seriously;Hate Speech
akun cornelis bila di sebut kafir tersinggung tapi faktanya benci dan dengki sekali dg Islam dan umat yg mndakwahkanya Cornelis dehoutman bilang bila Islam berkuasa maka manusia mnjadi zaman Jahiliyah tapi kurang ajarnya ngutip kalimat istighfar tasbih fuck you;Hate Speech
Dipanggil sayang sama org baru ketika masih trauma bikin aku ga seneng Otakku trs ingetin kalo baper harus siap patah hati kalo dia ga komitmen gmn My last relationship made me scared to love or to be loved It happened yrs ago yet I still feel this way It sucks;Netral
ada yang punya pengalaman pindah sekolah tingkat sma menurut kalian mending bertahan atau pindah ya kalau udah ga nyaman di sekolah yang sekarang;Netral
menurutku itu kurang menghargai kamu aja si nder kalau memang ga ngerti atau bingung mau bales apa harusnya ya bilang aja kenapa harus pake AI bjir apalagi itu udah sering jangan kamu nanya udah makan atau belum dia jawab pake AI jg;Netral
MELAKSANAKAN TUGAS Lo dapet tugas dari atasan lo dan atasan lo dapat mandat dari pejabat mandat itu datang dari tinggat tertinggi penguasa suatu negara INI PEMBUNUHAN STRUKTURAL NAMANYA Nyawa sipil itu gak berharga dihadapan mereka dan nekrokapitalisme FUCK THE POLICE;Hate Speech
kampret lu pasti gara twit pembajakan semalem nih bangsat emg hahahahaha fuck wiz listen to beastie boys;Abusive Language
Babi anjing fuck;Abusive Language
mulut mu RT Anjing anjing fak fak shit damn;Hate Speech
i do lookin at people here expecting them to be non indo until its proven otherwise desh kalo nyata kayak out of reach si menurutku tp memang benar adanya d supremacy woy;Netral
dari dulu gapernah tertarik buat thrifting juga sih im just that lazy apalagi sekarang menurutku banyak yang masang harga terlalu mahal buat ukuran baju bekas;Netral
Good mwooning everyone Selamat menjalani hari Senin yang agak berbeda dari biasanya;Netral
Gw selalu ibaratin negara ni perusahaan Emang lu mau perusahaan lu dipimpin bos goblok tolol pembunuh hidup di bubble sendiri maunya dipuji terus tanpa tau kondisi perusahaan gimana Jajaran direksinya gaji tinggi responsible low staff kroco gaji kecil beban gedhe;Hate Speech
Bilang aja kalo lo itu gak suka kalo gua sama dia Ahh anjing Fuck;Hate Speech
Happy new year all jangan lupaaa ucapin terimakasih untuk diri kalian sendiri tetap semangat di tahun tahun berikutnya loveeee u all;Netral
full Balinese breakfast Babi Guling Lawar Jukut Ares Good shit;Abusive Language
FUCK YOU BANGSAT MORON;Abusive Language
Iya kalo menurutku sih begitu bes soalnya dia pake hobah begitu selalu pas keluar apalagi airport yang dia tau bakalan banyak fans yang nungguin bakalan banyak wartawan yang foto nyadar ngga dengan begitu dia kaya sambil promoin dirinya bes monmaap dia belum ada job solo;Netral
My bestfreinds usually dont care if I say babi bitch mampuih lantak la to them They love me;Abusive Language
Buat orang yang suka nebar paku di jalan ANJING MOTOR GUA BOCOR ANJING;Hate Speech
yt ppl food is boring asf babi guling is the shit;Abusive Language
i have dick if you doubt send in ur mom i will do to her what ur pedo Muhammad did to Aisha Fuck her ASS;Hate Speech
ANJING SWDIH BGT TAIIII FUCK YOUUUU;Abusive Language
sakit hati banget bangsattt gue bahkan pengen pelihara anjing gabisa trus sekarang liat anjingnya jadi begini makin sedih gue kalian jahat bgt fuck;Abusive Language
Anjing lo Cicing cai Shit anjir Bangke Bangsat Nas kleng Bego Lengeh Please Diolas;Hate Speech
Damn bored gila babi Haishh petak;Abusive Language
kocak si kalo masi aja ada yg ngemim does nothing gets podium doi ketutupan aja sama battle NORPIAVER konsistensi mas tungtungtung sahur ini menurutku lebih baik dari PIA bahkan;Netral
Fuck off lah babi aku dah try tolong mana boleh time test aku tolong time quiz aku tolong ni case study mmg lancau ah aku nak kena buat part kau jugak nanti dapat degree bagi aku je lah sial;Abusive Language
Blajar dari kesalahan dan untuk saat ini memikirkan kesuksesan dululupakan orang bangsat yg nenusuk meremehkan dan fuck buat ci anjing;Abusive Language
aku kalo dapet award kayanya dapet goblok of the year dehh halo google how to stop being stupid;Abusive Language
GR isinya anak tolol idiot wakakakak;Hate Speech
WHAT THE FUCK ANJING PANAS lulu aku nangis;Abusive Language
Shut up bitch Sir Allen ngomelin anjing;Abusive Language
BABI SIAL MY SISTER SHE REALLY DISLIKES MY BOYS FUCK OFF BITCH;Abusive Language
God keep my heart be stronger to hold out that him only as my idol Kadang capek ngehalu takut kebablasan Ya gimana engga banyakin istighfar orang macam gini bikin oleng jam;Netral
HALAH LEPASIN ASTAGA BUAT APAAA BERAT EMANG IYA TAPI MAU GMANA PLEASE CANTIK OPEN UR MIND U DESERVE TO BE HAPPY JUST LET IT FLOW LIKE WHAT I DO;Netral
Terimakasih juga buat kalian yang udah ngasih ini ke arvel huhuu terharu seneng bangga bangett bisa kenal sama orang orang hebat kaya kalian Terima kasih banyakk yaa Love yall amp Happy new year;Netral
Hehe kalo gitu jangan dulu ya ngga boleh Meski beberapa kontennya ada yang menurutku aman sih;Netral
Kalau customer sidai kita kita tetap kena bayar kos COD tu Korang ada pengalaman dengan COD Kongsi pengalaman korang dalam komen;Netral
demi apapun lelah liat berita Stay safe all;Netral
RT Hoi bocah bego idiot sarap kampret cibi ama sj Kiamat dateng lah bego;Abusive Language
Koplak goblok konyol idiot;Abusive Language
gua gampar lu idiot anjing;Abusive Language
Slmat mlm kembaran qu anjing fuck Rame amat lu jadi orang coffe dulu aja;Abusive Language
ANAK KONTOL BANGSAT LAKNAT ILL NEVER TOUCH YOU WITH A FT POLE YOU FUCKING TOMATO COLORED EDGY TWINK PIECE OF SHIT;Hate Speech
Punya pengalaman buruk ya sama Gemini;Netral
Bangsat kontak telpon keformat semua shit;Abusive Language
weh shit babi bodo sial kau yentle la;Abusive Language
Segenap Management Building Lippo Plaza Jambi amp Lippo Malls Indonesia mengucapkan Selamat Tahun Baru Semoga di akan lebih baik dari tahun sebelumnya Happy New Year Mallers;Netral
terus menurutku lucky gede gk guna;Netral
gausah sok mertahanin feeds biar tetep estetik dari awal aja feeds lu udah jelek SPEAK THE FUCK UP;Hate Speech
KAK JEJE HAPPY NEW YEAR Terimakasih buat kakak dan semua mahakaryanya kakak Terimakasih sudah dida kak Bahagia dan sehat selalu;Netral
Bangga punya idola kaya dan pastinya sayang bgttt sma abang I AM PROUD TO BE ALICIOUS;Netral
is such a blessing for me thank you to my family sayang friends amp semua yang be a part in my s journey ah gittew macam bagi speech menang award kan ok lah semoga kita semua dapat apa yang kita nak capai untuk amp seterusnya xxx;Netral
damn hahahahaha gila babi sia;Abusive Language
First impression ini pasti bucin hifumi garis keras nickname in my head judith do i like you yesyes you are my moots to be honest judith sering berkeliaran di tl ku dgn meme meme nya sayang aku ga paham soalnya ga masuk fandomnya wiejoawkw should you do this too uptuyu;Netral
So close to hit this one stupid mazda masuk lane org cam babi Last chores kat deca ni Then im done I wanna go home and be alone;Abusive Language
Lu yg racist bangsat Ngapain lhu bawa muslim Idiotfuck;Abusive Language
Happy New Year Terimakasih kepada seluruh Customer Wiraland yang sudah percaya dan memilih rumah dari menjadi rumah idaman anda Semoga Tahun menjadi tahun penuh makna;Netral
semoga qill banyak duit boleh beli albummerch banyak amin hsgshshshs i only own albums and how to be like this omooooo cantik gila hm hdhdjshs;Netral
This little stupid as dog getting on my nerves;Abusive Language
Gak usah nyari muka bangsat Playing victim Lu suka dia ya lu terima resiko Udah tau dia udah punya orang gak bisa move on masih aja lu pepet terus Dan ketika dia down lu cari kesempatan gitu Wkwkwkwk pathetic little shit;Hate Speech
Those idiots houses Okay Tp bu Sri Mulyani s Really I know she didnt raise our taxes for her own profits though Dia pinter cok Dia ninggalin AS balik lagi ke indo Gue jadi dia si ga akan Mau siapa yang naik kalo abis ini dia sakit hati terus mundur Yang ijo;Netral
To my adekkk kamu hebat makasih sudah ada ya kamu th tapi udah lari sejauh ini kamu harus kuat makan makanan yang enak everyday please be happy aku bakal terus support dohyon nya aku disini i love you Sayang saudara yg lain ya;Netral
Selamat Hari Natal Desember untuk yang tidak merayakannya pun Karena kekasihku sedehana tak sedehana aku sayang kau Tapi kebanyakan Its human organization supposed to be the hardest businesses non profit Dont apollize to much Obokobok langsung What;Netral
Damn find my self hurt;Abusive Language
yaelah komen model ente grombolan penjilat pantat busuk ulama su dah tau lah Komennya itu bisa kebloonan absolut delusi akutkronis fitnah busuk propaganda tolol atau smua itu Pemilihan lwat voting publik tanpa bukti amp gak ilmiah dijadikan rujukan IDIOT;Hate Speech
For the last time in FUCK YOU BANGSAT ANJING MONYET;Abusive Language
halo sayanggg jihan bisa nihh orangnya talkative sama convobuild juga hobinya manjain pasangan sama ngabisin waktu sama mereka kamu bisa cek cek carrdku dulu dan kalau tertarik langsung ke ibun yaa see u calon pacar;Netral
WE DON T NEED APOLOGY BUBARKAN DPR;Hate Speech
thank you welcome happy new year moots baru sempet naik ke permukaan lagi wkwk semoga di tahun ini bisa jadi tahun kalian semua tahun terbaik untuk kita semuaa untuk treasure jugaa selamat mam buat yang lagi bakarbakaran selamat bobo buat yg ngantuk;Netral
Yang lagi berjuang dijalan selalu jaga kanan kiri kalian Tetap waspada Fuck the police;Hate Speech
Happy new year cintakuu Selamat datang bulan januari Semoga aku dan kamu selalu berdua selamanya Aamiinn Selalu genggam erat tanganku dan jangan di lepaskan Tetaplah bersamaku melewati hari Love you so much baby ku;Netral
BenarFPI lebih kafir dari orang kafirDamn;Hate Speech
fishy bgt tni polri banyak di kwitang dpr dapat perintah presiden dapat bantuan dari daerah show force pakai rantisamppanser tapi makin banyak aparat kok situasinya makin gak kekontrol malah nambah rumah pejabat yg dijarah jd aparat kerjanya apa nampang thok;Netral
terimakasih kembali ce sudah banyak perjalanan yg dilalui dan itu pasti ga selalu mulus kan kaya kita mengendarai dari kota ke kota pasti ada perbedaan kontur jalan dan kondisi jalannya begitu jg kehidupan semoga kita ttp semangat di ini ya happy new year ce;Netral
say it louder kak aku pun udah lelah ngasih twnya padahal dr mereka juga pst tw sama apa yg terjadi di cuma tone deaf denials karena mikirnya yg penting jagoannya udah menang skg balik semedi ke goa;Netral
Eh pantek dek paja anjing tu Kalau tau den yg manyabuik Caliaklah den tuntut paja tu;Abusive Language
genjot cepet ugh shit sempit bangethh kocok memek pake jari ahmmm;Abusive Language
Happy New Year Saya sebagai pecinta tanaman kucing dan kurakura mengucapkan Selamat Tahun Baru semoga usaha dan doa yang belum tercapai di tahun semoga dikabulkan oleh Allah SWT ditahun Amin;Netral
Menurutku itu keputusan yang bijak banget Anak memang rezeki tapi kesiapan orang tua juga penting Bagus kalian berdua udah sepakat dulu jadi lebih tenang dan terarah;Netral
gapapa banyak diskusi biar sama sama enak nderr amann ae misal koormu slow respon tuu gak ganggu kokk menurutku;Netral
Nah ini to be honest emang pengen sih dari dulu tinggal di apartemen kayaknya makin lelah buat jadi commuter setelah sekian lama hehe Cuma kayaknya masih harus kerja extra dulu nih buat kebeli;Netral
Lah gila aja gw dari kemaren yang ngerjain semuanya wajar kalo keteteran Banyak yang gw kerjain Yang cuti yang gak ngerjain apa Balas email aja gw Wajar gak kalo gw mumet Wajarlah anjing Kenapa jadi seolah gw yang salah karna jadi keteran dan pusing sendiri Fuck;Hate Speech
Saling gsuka sih sbnrnya cuma krna msh ada hub keluarga mau gamau disimpen aja sndri bencinya sampe busuk kali Di blg keluarga jg tp bodo amat satu sama lain sok mau gmn coba Ahh shit akhir kek gini bangsat semua;Abusive Language
setujuuu menurutku waktu telat itu disaat aqeela telat menyadari kodekode yg dikasih harry juga semua tentang dia;Netral
hard as fuck aku letup cherry dgn wukong semua naik la sial babi betul;Abusive Language
My friend fuck off tukimanyi muli Babi;Abusive Language
sdm suporter liga lokal ni pasti keliatan goblok bin idiot;Hate Speech
Fuck anjing pusing aing;Abusive Language
hahaha tolol banget yg masuk kerja hari ini touch some grass bitch iya gua masuk hari ini;Abusive Language
Memang anjing bgsat matilah kau di neraka Shit;Hate Speech
Dasar curut idiotgak bisa jawab malah balik nanyadasar curut tolol;Hate Speech
nitip kak jakarta juga dong fg non pengalaman aku bisa dan mau belajar kok bismillah yaa semoga kita segera dapat kabar baikk;Netral
Now tell us kok bisa yg katanya ditugaskan untuk mengamankan malah kepikiran ngebut pake mobil rantis brimob di kerumunan massa dan akhirnya membuat seseorang harus kehilangan nyawa Dosa polisi udah seabrek bikin narasi kaya gini keliatan sangat bodoh karena sama aja;Hate Speech
Males ngetik lagi jd ini aja Happy New Year Everyone Thank you so much buat tahun nya dan i hope in kita semua bisa stay healthy be happy amp semua yang kalian impikan terjadi Terimakasih udh berjuang dan bertahan sekali lagi ya Ayo terus bertahan Love you;Netral
tai anjing fuck;Abusive Language
Soalnya u cantik dan mempesona bestie masa ya gapunya pacar pikir orang tuuu;Netral
WOTA MENDINGAN MANDI AJA TOLOL PAKE DEODORANT BELI REXONA SANA IDIOT EMANG;Abusive Language
Fuck with their putang ina bobo ah tolol semua;Abusive Language
ANJING udah sampe situ fucker fuck;Abusive Language
angin yg dijadiin kambing hitam kasus kanjuruhan getting their revenge i see;Hate Speech
eh bafuck lo pkir lo ckep Ngatain gw jlekNGACA klo mw ngatain org NYESEL gw prnh knal sma lo dsar lo anjing FUCK aje ye buat lo;Hate Speech
all about looks menurutku anti immigrants wave jg ga bakal terjadi kalo imigrannya cakep;Netral
Yang namanya jean babi kamu fuck u;Abusive Language
kampret Apaan Shit;Abusive Language
Orangorang Jogja yg comment di IG benerbener a bunch of dumbass people who I have ever seen they are like saying Yang berulah yang di Jakarta jadi kena semua shut the fuck up bitch;Hate Speech
So tau lu nyet dasar anak tolol kerja di kedai orang aja bangga tolol idiot banget monyet emang so tau sekolah sekolah gua udah lulus tolol lu yang sekolah tamatin anjing tolol bgt soalnya;Hate Speech
no malaysian reply lol if we translate it to Malay nothing can be found or the closest one is bitch babi which means pig;Abusive Language
Itu pemerintah tolol apa gimana Bahasa lokal kok mau di ilangin dari kurikulum ntar Theyre so fvckin idiot;Abusive Language
Coward kau takde harga diri ke bro Just go for dna test dah terang apa yang kau nampak sekarang about her action Betina babi tu dah tikam kau dari belakang apa lagi yang kau takut Fuck you pussy;Hate Speech
WALAHHHH TAI ASU LO YA ISRAEL KONTOL;Hate Speech
FUCK PEETA PACAR GW DIKATAI BAU TELOR MENTAH KONTOL LU NDER mmk;Hate Speech
PadaHakikatnya tk ada pergantian bulan dan tahun yg ada hanyalah pergantian hari Wahai manusia sesungguhnya engkau hanyalah kumpulan hari Sehari darimu pergi satu bagian dari dirimu pun mengiringi Hasan AlBashri Selamat Tahun Baru Welcome Happy New Year;Netral
seller toko shopee yg lagi bu sewain ke aku yuk fee k juta bisa non star maupun star GA HRS AKTIF PAYLATERSPINJAM NO SCAM testi udh banyak luv info loker wfh freelance job receh pelajar mahasiswa sma wts wtb jual link buzzer parttime sewa rent ospek acab;Netral
halo happy new year jain ini last aku ucapin natal dan taun baru di kamu wkwk see u di versi terbaik menurutmu ya jaaiinn gua uda kaga gua anggap lu sebagai temen deket bagus kalo gituu kita tau batasan kayaknya gua emg terlalu peduli kadang peduli aja disangka suka;Netral
Terimakasih untuk orangorang yang membantu saya berlayar mengarungi deras nya ombak di tahun Tanpa kalian saya tenggelam Happy New Year;Netral
Ke rumah orang for the first i think if Sahronis house it was a make sense Tapi coba kalian pikir lagi deh dia gabakal kabur ke sg kalo gak disuruh gasih Terus juga kalian coba liat rumah nya Eko Uya sama Sri Mulyani Kek kosong banget Cok kayak emang sengaja dikosongin;Hate Speech
IDIOT TOLOL BEGO Omongan doang yg maju Tapi otak kaga pernah maju Salam Jari Tengah m;Abusive Language
ga ga ad ya sekali lgi kita g bodoh goals kita demo untuk kebijakan n rombak DPR bukan ngehancurin fasum apalagi k bandara logika dipake ngapain intl ikutan mau lo indo jd kayak syria irak Masalah internal kita selesain sdri g sudi gw ntr tiba US UK dtg sok jd pahlawan;Hate Speech
Selamat tahun baru Happy new year Semuanya;Netral
Something shit just happened babi;Abusive Language
Kadang rasa tak kuat nak tempuh semua ni Bukan nak mengeluh cuma rasa lelah sikit I need to be strong;Netral
e si goblok lauv nya jg gaakan ada di stage kan im stupid;Hate Speech
Fuck around gave him my number he wont stop calling;Abusive Language
happy new year kesayangan akuuuuuu terimakasih ya untuk tahun ini aku sangat bersyukur karena kalian aku belajar banyak hal see you really soon;Netral
Hey manusia TOLOL Situ sehat Hey manusia BODOH Situ waras Hey manusia IDIOT Sekali baca sejarah dong Jangan dilitain dong keTOLOLAN keBODOHAN dan keIDIOTAN lu Kasian yang udah milih lu jadi wakil rakyat;Hate Speech
i said what i said orang ga demo karena banyak alasan tapi menunjukkan keberpihakan itu bisa dengan banyak cara kalo dukung orang demo aja kamu gabisa kayanya udah sangat jelas kamu berpihak ke siapa kalo masih punya malu mending diem just shut the fuck up;Hate Speech
my best boy seokjinnie aku selalu doain kamu buat selalu bahagia but sometimes its ok to be sad you dont have to be ok all the time kalo kamu lagi capek gapapa seokjin tunjukin ke kita we will always love and support you;Netral
He s not an idiot Call him what he really is A kafir Also block him as Allah has blocked him from heaven and pray that you may not scroll upon this type of laadheenee naacharange in the future Amen;Hate Speech
Fuck ni yang buat cerita kakak sepupu dia PA lofa pelancau and kena guna guna babi si pu riz tu keHAHAHAHHAHHH;Abusive Language
ve im so glad to know you here aku beneran bersyukur bisa kenal kamu anak baik cheerful person be happy ya sayang you deserve it SO MUCH jangan lupain aku ya SAYANG AVE BANYAK BANGET SEJUTA LEBIH;Netral
Selain mereka bertiga masih ada tokoh kunci lain seperti Rikuto Tomoko dan Yayoi Dan menurutku ya dibanding karya Akiyoshi Rikakosensei yg lain permasalahan pribadi dlm buku Silence ini adl yg paling kompleks dan khas permasalahan org dewasa sekali;Netral
Born to be coward bastard bajingan tai asu babi fuck u;Hate Speech
Anjing youu the fuck mennn gt;Abusive Language
DITABRAK DITABRAKKKK AFFAN DITABRAK WHAT THE FUCK IS TERTABRAK;Hate Speech
FUCK I DONT DISLIKE YOU TOO OMG BABI AHAHQGXWGKDBF;Hate Speech
ziarah rumah sedare semua dok dkt ruang tamu volume aku kuat bukak je terus dgr me time tu weh back back back cpt laa bodo laaa sumpah babi tul aku off phone bila bukak bunyi lagi terus kuar twitter hanat tul semua pandang senyum kat aku shit;Abusive Language
Selamat Tahun Baru Dari menuju Happy New Year;Netral
hi thx u so much for what everything u kim sunwoo u deserve to be happy nu banyak orang yg sayang sama kamu termasuk aku bersyukur bisa kenal orang sehebat kamu aku mau ketemu sama kamu tpi itu susah untuk terjadi dan klo ada kesempatan banyak yg mau aku bilang;Netral
semalam aku mimpi aku beli buku babi asrama amp awek chuck taylor oh damn kalau la dkt bp ni ada mph;Abusive Language
Sebenernya frame di optik gak terlalu mahal menurutku Aku x ganti kacamata selalu mahal di lensa makanya sampe up jt Framenya cuma kk malah yg ku pilih;Netral
si cantik dan akan selalu cantik mana gemes baru selesai mandi dan pakai topi kesayangan saya cuma ayi yg bisa pakai barang saya miss you so much baby mau peluk banget;Netral
BITCH AINT NO WAY MY MOM JUST PRAYED TO ST ANTONIUS TO HELP HER FIND MY PASSPORT THE MOMENT SHE DID SHE IMMEDIATELY FOUND IT ANJING IS JESUS REAL BECAUSE WTF;Abusive Language
tahun paling kontol slamat tinggal bitch;Abusive Language
ANJING DOWNLOAD UDAH GAGAL FUCK BITCH;Abusive Language
Bangsat cepet nyerah nye wkkwkwkw easy bitch;Abusive Language
gua EDGY banget anjing lu semua FATHERLESS BEHAVIOR dan memanfaatkan anak anak fatherless bitch thats what on your brain;Hate Speech
Orang tuh kenapa sih ngga punya pikiran anjing mabokmabokan malah nyetir Sedangkal itu otaknya fuck;Hate Speech
Sender kamu harus baca rep ku ini Perlu kamu tau mau itu cewe pinter cantik bening segala macem pun kalo mau jadi selingkuhan yg mana itu artinya gabisa ngehargai perasaan perempuan lain kata aku VALUENYA GAADA Pokoknya kamu jangan mikir kalo kamu yg kurang U deserve better;Netral
kayanya ga boleh tp gue masi suka latah kalo denger lagu we wish u merry christmas and happy new year;Netral
Bener banget sih Part nya hanjin sama kyungmin masih lumayan menurutku Cuma nggak ada part yg benarbenar nyantol di kepala;Netral
yang ngejudge lo goblok anjinggggggg goblokkkkkk IDIOT FAK KESEL BANGET KONTOL;Hate Speech
Pembukaan UU Penjajahan harus di hapuskan HANYA KAFIR IDIOT yg tidak senang dengan ISLAM;Hate Speech
BALIKKK LA BODOOOOO ORANG ESOK MASUK PAGI BABI NI JE STAFF YANG ADA HAAAA TAKDE SHIFT JUST US LOT SO FUCK OFF AND GO HOME;Hate Speech
damn lgi nabung uang buat bli iphone yg udh mau kluar aj kampret;Abusive Language
Happy New Year Selamat datang bulan kelahiran Semoga di tahun menjadi pribadi yang lebih baik lagi;Netral
Mampus goblok akun yang tiktok nya gede mohon masukan ke tiktok please banget biar pada sadar orang idiot kaya mereka;Abusive Language
capek pusing ngantuk eh liat QampA benj mood jadi naik ty Prince he wants to be called as Prince;Netral
morning cantik happy new year semangat jalanin awal tahunnya;Netral
gw dri pagi sedih bgt smpe nangis di kantor liat berita negara ini anjing my coworker told me im too sensitive lol SENSITIVE BITCH WHAT THE FUCK;Hate Speech
Terimakasih suka duka nya ya Aku harap banyak kabar baik menanti di semoga apa apa yang di semogakan ter semogakan Lets live a better life in HAPPY NEW YEAR ALLL;Netral
Betul tuhRT EH BANGSAT SENENG BANGET LO NGELIAT TEMEN LAGI KESUSAHAN FUCK;Abusive Language
Babi Celcom Ni dah kali line aku kena block sebab exceed rm usage Fuck u celah mana aku pakai sampai;Abusive Language
gue tuh tipe yang jarang banget ngungkapin sayang ke temen soalnya gue lebih suka jailin mereka buat nunjukin itu tapi keknya beda kalo di sini makasih ya kalian udah mau jadi temen aku i was happy to be able to know you sweet dream guys love u;Netral
apa huruf yg keluar bila ada kawan nama alif and hes annoying as fuck and you want to say alif babi but your parents is around alif ba ta pak aji mata buta nak cium anak dara tercium bontot kuda;Abusive Language
anjing mati fuck sebelll;Abusive Language
Fuck ref kuat tgk hentai smpai mata pon dh jadi cm anak babi;Abusive Language
we are facing many things this year we dont need to see this kind of shit you really thought u did something with your tweet while my brothers and sisters are suffering in here Gtfo sok tau bgt lu anjing kzl gue;Hate Speech
bum seok sampah banget kontol stupid fuck ass bitch mati aja anjing ungrateful moron;Abusive Language
Babi nya statement but ok lah TERUSKAN NORMALIZING GUYS AND THEIR WEIRD SHIT OBJECTIFY WOMEN AS YOU WANT YES GO GURL;Abusive Language
kalo di kantorku bisa diurus kantor kalo tunggakannya udh lunas kalo blm lunas gamau didaftarin ke bpjs kesehatan dan iya jt itu sekeluarga menurutku;Netral
Terimakasih untuk nikmat sehat rejeki dan suka citanya Happy new year;Netral
semarang infonya anak dibawah umur dan worst ny disabilitas perempuan jg ketangkep kak ortu dari anak anak dibawah umur juga sudah ke depan polda dan belum ngasi aksess pendampingan;Netral
oh fuck anjing kenapa eknaosnekan;Abusive Language
Fuck ujan bisa baca pkiran orng apa ya najis bgt dtngnya kyk udh diatur nyet ujan bangsat;Abusive Language
Masyallah Terimakasih atas pengalaman ini Happy New Years Guys Semoga di Tahun ini smua hal baik dr sgl pnjuru berebutan dtg mendekati Diberikn ksehatn kberkahn usia dn Rezeki yg brlimpah Dn khusus doa private semoga kegantengan dn ketampanan ku tdk memudar Aamiin;Netral
You did great adek Paham sih apalagi dia disana sendirian kan dan first time experience bgt lg pasti agak awkward Gpp sayangku next time pasti bisa enjoy ya karena udh punya pengalaman sebelumnya;Netral
Mentang mentang jalanan jogja lagi macet trus bawa kendaraan pada sembarangan semuanya ANJING FUCK BITCH;Hate Speech
ANJING EMG ANJING gada safe place buat perempuan;Hate Speech
bitch stop goblok ye no one mentioned yn and its FACT that she won best couple with jh back then;Abusive Language
Anjing ketemu cuma begitu doang Mending gak usah ketemu goblok Fuck bitch n;Abusive Language
Hello there i just nak bagitau yg i rindu diri you yg dulu yg kurang emo kurang ego and romantic i know yg i tak terlalu baik but i hope we will try our best to improve and i hope will be the year yg less drama also we will create banyak memorable moments;Netral
FUCK HOOKUP CULTURE ANJING GW KESEPIAN;Abusive Language
Aku tak kaya Tp still bole kasi anjing makan Hmm Oh shit jgn ade yg triggered;Abusive Language
pake logika IFELSE basic aja ya IF pemerintah tidak becus THEN lakukan demo ELSE tidak lakukan demo tije ga beroperasi kenapa karena demo demo kenapa karena pemerintah semua tolol dan tone deaf aparat juga jadi tukang adu domba mana katanya mengayomi rakyat kentut;Hate Speech
yall fuck my life dahla aku sedih teruk now my fucking room takde electric apa babi sangat hidup NI SETANNN;Abusive Language
stupid as fuck once stupid remains stupid u dont get the point sigh percuma emg gw ngomong ampe berbusa jg kalo kemampuan nalar lawan bicara gw dangkal;Hate Speech
Damn;Abusive Language
Cewek Sok jual mahal Bangsat buat Lohh Anjingg Fuck;Hate Speech
first impression dewasa klesi unreachable tapi baaaaik banget ternyata Mau menyapa gue duluan dan tidak sesangar avanya ihiy your nickname in my head ainturclass closeness ratings do i like you yes you are my sisturr to be honest cantik bgt huft;Netral
Mas aku mulai capek Baru seminggu aja aku udah banyak banget ngalahnya I cant have you when i need you Mas can you just be mine When you will done to your life regret Massi miss you;Netral
WTFUCK FUCK ANJING KAGET;Abusive Language
fuck you mu babi;Abusive Language
bitch fuck me sa habis ganti karet behelku watch me crying for the next days atau seminggu anjing;Hate Speech
ihh masa mba mba yang ada di kantorku udh pada punya anak tksd padahal menurutku masih muda muda bgttt njer mereka nikah umur brp keknya sih umur udh pada nikah ha ha ha;Netral
mana bisa apalagi bandara umumnya kan isinya orang berduit udh dari awal ga solid kalau tambah ini malah makin wkwk fuck the rich;Hate Speech
justru menurutku lebih enak yg halus gini bjirrr jd cantik gak perlutaroj kebanyakan di rotinya semalem abis buat;Netral
aku syg kamu banget i promise i will always be there for you i promise aku nga bakal ninggalin kamu aku sayang kamu hehehehhehehehehehhe cant wait for us to meetup;Netral
Eh anjing lo cuma DUDUK MANIS doang di mobil yang nyetir juga supir Terus BINTAROSENAYAN gak jauh ya dan kena macet cuma MENIT doang Di luar sana ada yang desekan jam lebih naik transportasi umum buat berangkat kerja ya nyet Such an ungrateful bitch;Hate Speech
Imagine it like a Muslim man fucking woman without marrying them drinking alcohol killing people stealing and shit God made all those stuff forbiddened and made a punishment for them yet some Muslims still do that right Those are kafar plural of kafir;Hate Speech
Well after reading the captured comment section my mind tolol juga orangorang ya kalau berpendapat and the fact that I was this fucking stupid Fikri senior excuse me wtf Kalo gue masih di sana udh gua gampar bolakbalik dakolbojongsoang;Hate Speech
jaksel iik is this too late to say happy birthday im so sorry tapi semoga iik sehat selalu jauh dari orang orang yang niat buruk sama kamu panjang umur makin banyak yang sayang iik di sini dan di real life Bangtan especially TaeKookHope loves you a lot be happy there lt;Netral
Tai Bkn perkara nominal tlg lah jujur anjing Keknya hampir semua cwe penipu semua deh fuck;Abusive Language
know your limit as roleplayer account idiot mitos majapahit apa yg lu tulis itu kontol;Hate Speech
bye anjing hahaha fuck;Abusive Language
to Dear nanad please be happy as always kalau butuh teman curhat bisa dm aku aja sayang nanad banyak banyak tapi bohong PS selamat overthinking from anonymous;Netral
Harapan saya di tahun sedikit tapi agak banyak Tuhan Dilancarkan rezkinya seperti air mengalir menjadi pribadi yang lebih baik dipermudahkan dilancarkan diIjabahi dan didekatkan dengan jodoh Terimakasih tahun Happy new year Bismillah lembaran baru;Netral
Hahaha bangsat bilang gua idiot keren oy film nya gua aja sampe x;Abusive Language
fuck la cheese ni rasa babi sial;Abusive Language
I ve been rt banyak gila tweet Rt this money for ur good luck tapi aku tak kaya jugak So next year is my babi year Dont fck with me Its my year bitch;Abusive Language
Tahun telah berganti utangutangmu opo wis podo mbok sauri Happy New Year Selamat Tahun Baru;Netral
tak sudi dientot polisi lebih baik kontol anjing ketimbang kontol polici FUCK THE POLICE neraka tempat kalian selamat berenang di kolam nanah panas anyir dan mampus;Hate Speech
No shit maaan Enteng banget angkatangkat mental illness orang lain itu tuh privasi bangsat Ni story IGnya gimana ga mantap orang ngejualnya pake cerita soksok sedih;Abusive Language
makasih juga udah nemenin gue gamon kemaren makasih juga udah selalu nemenin gue kadang sampe sahur hiks makasih banyak pokoknya im lucky to know you be happy sayang;Netral
what the fuck lagu ni memang wujud ke babi bukan rekaan bodoh kau ke;Abusive Language
Kampret Orang nyetater motor malah bikin tambah kaget Shit;Hate Speech
SUPER KAGET WOW OMG AKU SALTING DIBILANG CANTIK SM ORANG CANTIK ADUH LOVE U YUK PACARAN;Netral
Tetep ada kemungkinan kereport dan keban filtering dari Roblox juga ya bukan cuma karena manually direport sama org aja Setuju sama reply lain menurutku mending bikin ava yg agak tertutup masih banyak kok style keren lainnya yang gak harus telanjang dada;Netral
Orang tokonya kebanyakkan aturannya staff pajanganya ngesselin TLnya sengke SPVnya sialan salesnya BANGSAT;Hate Speech
I LOVE U TOO RY CANTIK Semoga di banyak kebahagiaan yg datang dijauhin dari hal hal yg bikin kita sedih Makasiiii udh mau mutualan dan jbjb sm aku meskipun masih jarang sksk Ayoo next lebih sering lagi interact;Netral
Hey girl ayo semangat You deserve to be happy Ayo jangan sedih terus nanti cantik nya ilang Jangan merasa sendiri juga okay Because im here with you Jangan sungkan sama al Yok semangat lagi kamu pasti bisa;Netral
Sadly they didnt Bahkan suatu saat kalau ada penjajahanwar aku yakin kitalah yang pertama bakal dijual sementara mereka kabur ke luar negeri;Netral
tadi aku hampir nangis waktu baca bagian ping khianat sama rakai kaya what the fuck ping rakai yang udah sama kamu dari and HE TRULY LOVES YOU tp bisabisanya ya anjingggg lu pinggg jahat sih tapi pantes karir lu menurun marah banget anjing emosi asuuuu;Hate Speech
fuck shit semua orglau nak cuti buat sndri la jadualak yg kena dgn bossbabi btol prangai;Abusive Language
lah kan yg di highlight di SS yg gue kasih emang Ormas Kenapa ngebalikin hal yg jelas emang fakta seolah olah gue ga tahuJelas gue SS biar lo BACA Regardless kan kita lg bahas circle dia Wdy drag it left n right dah ah Go lanjut ngejob buzzernya Leave me the fuck alone;Hate Speech
ngomong sama silit anjing idiot lu udah search dulu gak kelakuan yang lu BELA di ACEH tuh gimana jawab KONTOL;Hate Speech
Rasa malas ni sampai dah tahap tengok post orang yg pernah buat u guys rasa down backstabb pun I be like wahh cantik nya gambar Dehekk Im not suppose to act tht way Hahahhaha kelakar kanTapi nk buat macam mana Malas Malas nak marah ke apa Forgive and forget okayy;Netral
cuma ngingetin bsok dah masuk sekolah o y Happy New Year Selamat Tahun Baru;Netral
Scrolling down Facebook wall then i show this one photo to one of my officemate Kak pelik kan jubah convo universiti ni Her respond be like Kau jangan mi aku alumni sini Terus cover eh tapi cantik Hahahahaha dieee;Netral
why s singing so damn hard anjing;Abusive Language
I ALWAYS BURN THE INSIDE OF MY MOUTH WHEN EATING TAKO TAO LIKE PANAS GILA BABI JDIJXAIDHSIXNSKXJZJZJZJS MELECUR LELANGIT AND LIDAH FUCK PEDIH JDKSJXSJXNXJSNBX;Abusive Language
Ketika orang membahas the fuck jam Gue doang yang ampe baca berkali takut salah super junior gue mana anjing Oke santuy jia belum tentu bener kan yuk santuy untung gue baik hati;Abusive Language
happy new year nad terimakasih buat karyanya tahun sehat selaluuu semangat trs buat tahun;Netral
Ask a rumah pangsa kos rendah resident and a tong sampah is not the worst thing you can provide to them in terms of kemudahan and stuff Babi kau tak pernah kenal sapasapa yg duduk rumah flat ke Idiot;Hate Speech
Happy birthday Thank you to myself untuk segalanya Jika di usia sebelumnya i am nothing di usia yang baru ini i must be something Semangat untuk menjadi pribadi yang lebih baik Terus belajar dan berkarya tak kenal lelah kerana hasil tak pernah mengingkari kerja keras;Netral
Happy New Year Terimakasih telah hadir memberi warna di hidupku amp menjadi salah satu alasan aku bisa bertahan di hari hari sulit dengan menjadi healing terbaik yang tersalurkan melalui lirik lagu ataupun konten kalian Mari tetap bersama untuk waktu yang lama;Netral
Terimakasih diriku setahun ini udah kuat dan sabar dalam bbrp hal Happy new year tahun yang baru awal yang baru Semoga apa yang belum tersemogakan pada tahun pada tahun ini tersemogakan Banyak hal baik yang terjadi dan selalu bahagia Aamiin;Netral
bukan saya benci Cara Fahri hamzah bermain kata kata ttg maafketidaksukaanya dg KPK hnya dia lontarkan di media bertujuanmungkin spy dibilang berani melawan tatanan karena gaya vokalnya sy sbgai orang dungu goblok peak idiot mengatakan itu bazar kata kata;Hate Speech
ya lo gapapa act like his wife bantuin beresin kamar masakin mijitin eh tapi dia ngetreat lo kek asshole ya tolol;Abusive Language
Cinta ku tak pernah terbalas haha anjing lebay lo ngga fuck;Abusive Language
buat masyarakat kota yg cenderung ga punya waktu buat persiapan masak kaya potong dan ulek ini oke bgt asal cemplung dan hemat waktu kalo di desa bisa juga lgsg beli bahan per biji di pasar dgn harga yg sm murahnya dua duanya opsi yg baik kok ga ada yg salah menurutku;Netral
Cantik bangat see u;Netral
Terimakasih selalu seperti ini dan seterusnya Terimakasih tlah percaya dan bertahan sambil menunggu kesebelasan kita pulang Aku cinta kalian aku sayang kalian keluargaku lets be together to be the best i luv you fams;Netral
Menurutku kerjaan beres itu hal yang normal karena lu dibayar buat ngerjain itu dan ketika kerjaan itu ngga beres itu kaga normal karena harusnya itu kerjaan yang lu beresin dan berpotensi menganggu workflow yang lain;Netral
Bitch Next time arijuliyanto Mana lu goceng kampret Tobat lu nyett arijuliyanto Menata masa depan cerah;Hate Speech
thank u sm sayangku yg lebi cantik;Netral
Ekspedisi anjing kali kirim barang selalu engselnya patah fuck Untung kali ini masih bisa diakalin;Hate Speech
Halo Fulgencias Presale sudah dapat kalian beli loh Jangan sampai kehabisan lagi dan dapatkan tiketmu sekarang Serbu sekarang Tiket Tiket Kartu Perdana By U;Netral
HAHAHHA YA THOUGHT SO AS WELL But fuck comel Babi rocco;Abusive Language
Tactical kepala anjing apaaaaa ni bodo mourinho fuck youuuuu;Abusive Language
babi paanfuck;Abusive Language
Be romantic dalam waktu bersama To be honest Bagi la layanan yg romantik Kucupan yang slow MO tapi terasa romantiknyamasa tu Bisik kat telinga wfe korang cakap lah I love you sayang thannk you jadi wife I so aty da berbunga perform la boek mlm tu;Netral
Happy New Year selamat pagi warga JossGawin dr gue yg masih ngantuk harapan di th baru ini semoga MGB cepet tayang dengan CGI yg bagus semoga JossGawin makin banyak moment;Netral
FUCK LATOLATO BANGSAT;Abusive Language
Happy new year kak Terimakasih udh bertahan sampai saat ini dan untuk kedepannya Btw foto Kaka selalu jadi mood booster ku hehe terimakasih kakk;Netral
Ngga toxic si menurutku semua orang bebas mau temenan atau ga temenan sama siapapun Akupun kalo ga nyaman ya interaksi seperlunya aja awal awal temenan karna nyoba nyesuaiin dulu Trus sekalinya ga cocok aku jadi biasa aja k mereka Kecuali kalo mereka jelek jelekin kamu;Netral
Happy new year gits terimakasih atas tahun hari hariku semakin berwarna dan semoga hari harimu lebih berwarna juga yah dan untuk tahun semoga kamu menjadi lebih bersinar dan makin banyak yang sayang sama kamu;Netral
Fuck kpop babi;Hate Speech
tidak bisa dihindari bertanggung jawab mau ngapain cok bikin masnya idup lagi yknow he is only or shall we kill your son instead thats even i guess;Hate Speech
Wfh sip Demo ke rumah mereka yuk Kerja ga bener minta gaji gede Pantek Kalian rakyat jelata Shut the fuck up Your wage is paid by us you piece of shit;Hate Speech
Huhuhu terima kasih diawali dr struggle cari kerja yg huf huf huff Dan diakhiri dengan peristiwa war sama orang kantor Wkwkw bangsat emg Tapi diselingi sama cerita bucin yg huhuhu semoga tahun aku lebih beruntung dalam hal ini shit;Abusive Language
tadi liat berita kekgini perwakilan dari dan TIKTOK di panggil komdigi buat bertanggung jawab atas persebaran konten atau live stream di platform mereka yang katanya mengganggu demokrasi Indonesia what the fuck man ini Indonesia lagi kenapa sih bgst;Hate Speech
fuck privasi FUCK YALL y gw cemburuan knp anjing gasuka;Abusive Language
happy new year kak neyy terimakasih banyakk;Netral
awal yeeey tahun baru pertengahan anjing lah tiba tiba skrg ganti tahun damn gw survive;Abusive Language
soundtrack paling cocok buat film ini menurutku Timur nya The Adams sih;Netral
Idiot yg senang adanya penjajahan KAFIR yg tidak senang dengan ISLAM;Hate Speech
Nothing s grosser and more disgusting than orang yg ngecatcalling bangsaaaatttt anjing anjing anjinggg fuck you jijik banget najis;Hate Speech
FUCK YOU IM NOT GUZZLING THE GODDAMN KONTOL JUICE HEATHER;Abusive Language
happy new year sirr terimakasih sudah menemani dari tahun ke tahun walau struggle gua banyak banget tpi setiap nonton lu berasa ilang aja SELALU MENGHIBUR YAHHHH SIRRR;Netral
Syalan manusia bentukan se cantik miss cibubur begini dibilang buzzer maap aku manusia sini cerita masalah idup mu apa irbef;Netral
betul nih hati yak gaes skrg terdeteksi ada varian omicron baru yg teramat bahaya dan mematikan namanya varian BS alias Bull Shit jam hari yg bisa menyerang intelegensi anda shg menurun dan jd goblok pol;Abusive Language
MASHI KU SAYANGGGG selamat bertambah umurr i miss u so muchhh mashi i wish u the best dari seluruh galaksi bima saktii sehat amp bahagia selalu ya dimanapun kamu beradaa cheers to new ages kak mashiii once again HAPPY BELATED BIRTHDAY ANAK MANIS;Netral
gian Pacarku yang paling kece paling keren paling cantik paling cakep Salah satu pacarku yg jago bikin aku dag dig dug hehe love u;Netral
Amerika goblok Fuck OB management;Hate Speech
Happy New Year Semoga tahun ini semua harapannya dapat tercapailt For my love Amerry terimakasih banyak karena sudah selalu ada menemani mewu dan bercanda ria baik suka maupun duka Makasih selalu mengkhawatirkan keadaan mewu yang imun nya rada Love u cimtakuuu mwach;Netral
the fuck bener orang udah gila;Hate Speech
Sorry I don t agree with that sentence The one who loves you deserve to be loved balik kot terima org yg sayang kita Tapi kita tak sayang buat apa kejam nama nya;Netral
Fuck you la reff macam sial babi kau;Abusive Language
OI WHAT THE FUCK BABI;Abusive Language
babi paghez followed you salam fuck you bro;Abusive Language
Pokonya semenjak ampho sih tapi mulai kerasa beratnya menurutku pas masup ke patch an lahh itu lumayan sih bossnya pada keras keras;Netral
aduh tau ngalami tp dadie pengalaman bodong pisan sg kuat nder;Netral
Happy new year yuhu selamat taun baru for my dearest exo seulgi and my moots Semoga bakal jadi taun yang menyenangkan;Netral
stop spreading rumors before I yo Babi daddy amp you in a tweet BITCH DONT YOU DARE;Hate Speech
update temenku ada yg nyari kurir paxel nya nemu dan coba nanya blio dan gini ternyata jadi selama ini dia ga nerima barang yg aku kirim itu brownies mamaku buat dari jam pagi ya bangsat buru bungkus buat dikirim ke elo sakit hati bacanya fuck;Hate Speech
HAPPY NEW YEAR Dapat usha firework from the other side of curve Fuck babi;Abusive Language
Tapi event shady ini related to Nik s cuz Antara sayang ga ikut atau bersyukur karena dia belum tau semua Aku sampai ga tau harus reaksi bagaimana sebagai Kady I mean this will be legit SL;Netral
Gue kalo liat konten selingkuh ingetnya Babi soalnya he is no way near this sick behaviour tapi Damn pgn move on ngga bisa bisa bangsat emang jinyoung milih karakternya nempel bgt;Abusive Language
Fuck you mom Anjing;Hate Speech
Fuck lah budaya do it for the gram kontolinstagramable tai;Abusive Language
ngelakuin pelanggaran HAM berat macem gini aja udah tolol ngelakuin sementara di US yg berkuasa adalah presiden Demokrat is a complete idiot;Hate Speech
Plotnya sendiri krn beda trus fokusnya mencar ya eps jg si susah ngerangkumnya ga bs bilang goodbadnya si tp sayang aja bbrp ada yg miss kyk karakter yikyung tu jd overpower in sangwook Like why he must to be assassin not police officer;Netral
Lebih untung kalau APBN ga digunain buat biayain Rohingya lah idiot keuntungan buat negara ga ada warga lokal pun resah untung kagak rugi iya nambahin tingkat kriminalitas lagi tolol;Hate Speech
dan saya menemukan alasan yang tepat untuk membenci sbs FUCK U ANJING HABSHSHS CEWE GUEpls itu parah banget sembuh nya berbulan bulan;Hate Speech
Yg posting bener Tolol Orang china yg ganas china yg korban china negara china kenapa lu yg kebakaran jenggot dasar otak Dorna tukang adu domba lu protes aja sono ke negara china dasar Idiot;Hate Speech
ditto sepupu gue voter pas pemilu sempet debat di grup wkwkwk sekarang malah gak berani bahas biar aja deh dia yang bacain sendiri semua pemberitaan ini gue gamau ribut perkara beda pandangan gini no politics at the table please;Netral
Good Morning Its time to wake up Jumat berkah bagi kita semua Semoga selalu dalam lindungan yang kuasa Berlimpah rejeki kesehatan amp juga kasih sayang Tebarkan positif spirit ke seluruh penjuru Stay Healthy and Always be Happy;Netral
fuck  sia anjing modar goblog jelema tolol sadizzz xenophobic;Abusive Language
As much as how uncertain our security will become to go against government tapi ini emang yang menurutku yang bikin aku jengkel banget sih BUT knowing this man background on what he had done di tahun just make sense kenapa dia bikin statement gini;Netral
Selamat datang Bismillah semoga ku bisa melepas semua kesedihanku membuang semua fikiran negatif Semoga perlahan semua kesedihanku akan berubah menjadi kebahagiaan yang nggak sesaat tentunya Happy new year to all of you;Netral
Bismillah bangun pagi untuk harapan pagi September is a month of kindness full of happiness and semua hajat kita di ijabah di bulan ini Aamiin Untuk tanggal di hari senin semoga banyak kabar baik di awal bulan September Aamiin;Netral
we basically have that one thing that needs to be same I pun sama cepat syg orang in the end I kena tinggal I kena dumped mcm tu je Lepastu I juga kena dipersalahkan sbb tak cantik;Netral
the fuck minta maaf kok diwakili culun lu loser;Hate Speech
yg paling babi JAAT tu paling damn Hahaha;Abusive Language
ZIZII SAYANGKUUU terimakasih suda mau berteman sama aku walaupun kita baru deket beberapa hari lalu tapi aku seneng bisa ketemu kamu semoga doa baik balik ke diri kamu yaa kita harus berteman selama nyaa lets get closer be happy and i love u anw happy new year too;Netral
Babi ahh peter senget ni Shit;Abusive Language
Hahahay hayuk kata temen gue Doyoung kelihatan banget tolol dan idiot nya;Hate Speech
GOBLOK BERCANDA SM YG OVERTHINKING EMG NGACO KAN UDH TAU YOO DIA OVERTHINKING KNP MSH DI LADENIN SIH KECOT DAH JADINYA SHIT TOLOL BGT LU YOO WKWKWKWKWK;Hate Speech
Coba besok lagi aja cantik Kayanya karena udah dua kali jadi error terus huhu T u T;Netral
Weh I used to be so rajin read an au but now hanya nampu bookmark tapi tah bila nak baca Busy la ehydjsus tapi rindu nak baca tapi mood tak sampai TT;Netral
Asli nder sumpah itu ip lo kok cman ih jlek bgt anjir bodoh stupid tolol dumb silly bgt lu nder anjing dah lu;Abusive Language
ANJINK KALO BUKA TWITTER NGELEG MINTA AMPUN KASIAN DIE NUNGGUNYE LAMA TOLOL FUCK LAH;Abusive Language
Hari ini kotaku turun aksi stay safe adek adek mahasiswa dan semua rekan rekan yang turun pls be careful sama profokator dan mudahan gaada yang luka;Netral
huhu ayok mulai sayang sama diri kamu sendiri dulu you deserve to be loved at least mulai dr diri sendiri;Netral
fuck random color blind box gw tetep berpegang teguh cuma mau membeli the og wish doll;Hate Speech
Full of shit alias anjing Wkwkwk;Abusive Language
Gak ngerti lagi harus gimana Harus mulai dr mana lagi Capek Kesel Pengen marah tp mau nyalahin siapa I just want to be normal Like the others;Netral
jika dia cinta dalam hidup mu lalu aku ini apa yang selama ini ada disamping mu fuck anjing;Hate Speech
ngga ngerti sayang banget sama seokjin pengen lihat dia langsung pengen peluk dia sekarang juga please be happy your happiness is my happiness that means a lot to me;Netral
irritating bgt yg dia blg melayani hrs dari hati kontol theyre working for minimum wage on christmas eve how bout u go fuck yourself;Abusive Language
Cuki deng nn BANGSAT Fuck gt;Abusive Language
Ngomong apaan sih lo tolol yeee idiot dompet lo buat mobil yg lo goyangin lah;Abusive Language
TERIMAKASIH BANYAK KAKAK CANTIKK HAPPY NEW YEAR;Netral
bitch malu bgt ajg knp giliran goblok k views pdhl yang lain ga nyampe segitu;Abusive Language
Untuk moots kesayangan alya HAPPY NEW YEAR EVERYONE Maaf bgt ya kalo alya masih banyak kekurangan kalo misalnya jarang jbjb apa gimana Ill try to be better mari kita sumicha lagi yaa Let this new decade bring us lots of success Good night guys sayang kalian;Netral
babi hope u get shit;Abusive Language
Eiii comel la mary ni jugaaaaa Dulu i ada kawan yang pandai make up utk tolong i tapi dia busy So sekarang boleh ganti u Tapi u pun busy ORANG CANTIK MEMANG SELALU BUSY KE;Netral
Semoga tahun depan dyandra uda canggih itu kaya promotor lain yg bisa langsung pilih row dan sn Soalnya menurutku indonesia masih ketinggalan banget Makanya ribut jadi kaya gini Jadi kan kalau misal make membership itu adil kita beli diawal dapet row dan sn lebih kecil;Netral
Bila kau nak jawab ni wahai anak anjeng even anjing is more holy than evil bitch like u;Hate Speech
udah dulu ya ga kuat banget ngantuk terimakasih buat yang masih baca ananta sekali lagi HAPPY NEW YEAR;Netral
Happy new year guys Sudah saatnya tidur Sekian terimakasih;Netral
I joked with my malay friend while driving then suddenly a dog cross the road I told him i hit a puppy before amp the puppy was dead Then he said Apa Kau langgar anjing tapi babi mati My girl friend amp I loled at himdamnhe was so confused;Abusive Language
Fuck fantasy premier league bikin gwa stress aja lo anjing;Abusive Language
semangat untuk yang demo hari ini stay safe guys pengen bgt ikut tapi ga di bolehin ortu;Netral
Kau babi lah khir rahman hahahahahah fuck;Abusive Language
Fuck yeah;Abusive Language
Shit aing kidal tau gt sekalian aja makan babi;Abusive Language
tw pedophile pedophilia gila babi what the fuck sial target budak budak bc they dont know any better;Abusive Language
kalau stranger aku rasa logic fuck you habis kes kes bapak rogol anak abang rogol adik atuk rogol cucu tu dorang stranger ke babi dah la bodoh pendek kote kecik pegi mampus jela babi;Abusive Language
Fuck bosan la babi;Abusive Language
Happy new year diriku yg kuat Terimakasih kerja kerasnya Kamu pasti bahagia Percayalah;Netral
aku jg dl pernah jual thrift ka emg yg nentuin hrga mahal murah selain merk ya modelnya kalo b aja dan pasaran ya kasi murah tp klo menurutku modelnya limited dan aku kadang posisiin sbg buyer klo aku bakal suka ya ku ksh agak pricey dan ada aja yg beli;Netral
KAGA SERU APAAAN KONTOL TAHUN INI ini aja akhir tahun baru membaik SISA NYA KONTOL FUCK gue benci tahun ini sama seluruh kejadian nya;Abusive Language
Omg shes soo sweet always amp i love her so much Bahagia terus ya cantik dan masih sama kayak tahun tahun sebelumnya dmku selalu terbuka buat ila so if u need me just dm me right away jangan sungkan Oh and the last thing happy new year anila;Netral
Happy New Year Semoga tahun lebih baik dari tahun Raih kebahagiaanmu Be happy Selamat Tahun Baru buat teman teman ku di X maupun di dunia nyata;Netral
Im If age plays a factor than what am I Dont joke about shit like this Its not funny shitheads Youre the reason why a lot of the victim gets called a liar Babi enablers mcm ni;Hate Speech
Sesuaikan aja sama kamu sanggup enggak kalau ambil Kalau enggak bisa fokus aja kuliah kalau bisa bonus buat pengalaman kerja kamu;Netral
Bangsat Fuck the future Make a wish besss O;Abusive Language
pdhl dr jaman pemilu udh seteramg itu indonesia bakal gmna dibawah pimpinan dia keliatan dr trck recordnya masih ga hbs pikir gue anjing bgt yg milih bodoh lu anjnggggg i hate yalllll blm th dh se chaos ini MUAK;Hate Speech
Stay safe yang gays tetep hati Buat yg demo plis jangan rusakin fasilitas umum;Netral
Dahlah macam bodoh aku layan org semua baik semua layan aku macam anjing ugh fuck u;Abusive Language
Udh muak x sama atasan awk a Udh d suruh handle kerjaan dia yg jarang masuk kantor yg d pikir cuman penjualan d tambah lg di suruh input punya org lapangan yg memang bukan my job desk dan harus pakek akun orgson of a bitch fuck you anjing;Abusive Language
I HATE SIMPLE Bitches Who Do shit out Of SpiteDumb Hoe;Hate Speech
Fuck scary babi;Abusive Language
happy new year mutualku terimakasih sudah mau berjuang walaupun banyak hadeh hadehnya tapi kita hebat juga yaa peluk satu;Netral
HAPPY NEW YEAR MOOTS Aku mau bilang terimakasih ke moots moots ku yang udah menemani ku selama tahun ini Maafkan aku kalo ada salah ato semacemnya I hope that we can continue to be friends and continue to make new memories;Netral
happy new year terimakasih udah mau jd temenku di tahun n ayo ttp temenan di tahun berikutnya okayy ilysm guysss;Netral
fuck gila aunty aku ni anjing omgash guys;Abusive Language
anjing Fuck off popies kuta Thx all osd Malam ini milik kita semua;Abusive Language
Goblok lu piara tolol Suara lu aja kek antena rusak Idiot;Hate Speech
first impression ini siapa om om nickname araaracantik closeness do I like you yesh you are my om kakak yang cantik tp gamau ngaku cantik to be honest ara suaranya rendah bgt tp cantik bgt ever had a crush on you no post this too sure;Netral
HARI Mereka dikasih penempatan khusus selama tahun pun GAK AKAN sebanding dengan NYAWA seorang anak seorang kakak seorang RAKYAT INDONESIA and yet you police have the audacity to just punish the murderers for fucking days DAYS Not even months Fuck you really;Hate Speech
so can you prove that they were drugged and threatened if not then you are worse than stupid you are an idiot who doesnt want to accept the fact that the only people you support are people who like to kill innocent children you re kontol;Hate Speech
niken kontol emang bocah iblis kaga bisa di baikin anjing najis banget gue sumpah kok bisa ya senakal itu gue rasa ini pas bayi ketuker sama bayi iblis anjing bangsat fuck you niken;Hate Speech
fuck taun baru yg gue mau balik ke taun anjing;Abusive Language
DAMN I LOST FUCKING WORDS FOR SPIDERMAN INTO SPIDERVERSE BANGSAT EMANG BAGUS BANGET;Abusive Language
fuck you guys tengok replay tv la babi;Hate Speech
Betul banget cantik gak harus dr segi fisik tp dari pola pikir kepribadian she know what she want bold and be true to herself Empower Women;Netral
Iyaa anjir Orang orang tuh malah milih instan yg menurutku ribet bangett Mereka lebih pilih obat k yg konsumsinya mungkin tiap hari daripada yg ratusan ribu cuma sekali padahal sterill ada juga yg gratis;Netral
customer service gojek mana sih kontol anjing idiot amat;Hate Speech
Lowkey fuck DAMAGENYA GAK MAINMAIN ANJING;Abusive Language
Fuck You Bitch Shame Of You Anjing Negara Give Away;Hate Speech
Hindu christains jews Atheist i dont care a DAMN all i want is a world free of Muslims;Hate Speech
Happy new year Terimakasih sudah membersamai harihariku dengan kenangan manis dengan rasamu yang manis Semoga di tahun ini bisa jadi lebih baik dan hrapan dN citacita swgera tercapai Aamiin;Netral
aaawhh sshh aahh ahah pllokk plokkk sshh aahh fuck harder memek istriku syang;Abusive Language
ah anjing lah cant people wait for a few days for drip marketing it aint hard to wait for a few days for fucks sake;Abusive Language
Gue tuh nyempetin waktu ke SBY cm buat bsa foto bareng sama baliho SKZ Pas sampe deket TP kek Badmood abis Maunya foto sama videoin dari dlm mobil malah ga bsa krna trnyata akunya yg nyetir sebelah org yg cerewet Fuck mah gedeg banget anjing Kesel aing;Abusive Language
happy new year semuanya selamat tanggal di tahun ini;Netral
kemarin adalah hari terpanjang menurutku hufttt energi habis bgttt capeek untung adaa doi;Netral
ANJING KANN FUCK;Abusive Language
If someone call u anjing that means u stupid;Abusive Language
ini kacau anjing aslinya apaansih pengeluarannya asal asalan banget anjing emang dikira gua gatau bangun rumah pendeta resort yg berlebihan itu dilimpahin dikit ke dana natal sekolah minggu amp remaja naposo gila anjing fuck u hkbp;Hate Speech
Sekali lagi Merry Christmas bagi yg merayakan and Happy New Year Selamat datang harapan dan semangat baru Fight;Netral
happy new year sunoo cie legal ya tahun ini selamat yhaaaaa gemessss semoga setelah becoming adults sunoo bisa senengseneng terus yaaa ganteng met tahun baru pokoknya;Netral
I am so sorry to hear your story that must be hard but youre a strong woman still surviving until this moment Kalau kamu sudah nggak kuat please jangan ragu minta bantuan psikolog yaa sayang;Netral
FUCK OFF LAA LEICESTER SIAL BABI;Hate Speech
fuckhaha okay danish handsome sampai aq meltingsado babi ahkaya anjingkhaliesyasbesties lak nish sem;Hate Speech
hey kamu i dont know you But youre strong youre amazing and you deserve to be happy Jgn prnh merasa sendiri ya sayang krn banyak yg sayang sama kamu Dan diri kamu berharga Semangaaat;Netral
fuck siapa itu anjing u okay nan;Abusive Language
Im going In I aint showing Ah Bitch NO MERCY;Abusive Language
apa kelancau k aku masih fuck la babi;Abusive Language
memadhu wei i think i have a man damn finally babi betul la hahasbsjjaha;Abusive Language
FUCK YEAH BABI WTF;Abusive Language
Fuck you babi kau sial;Abusive Language
Ngeliat momen mereka malam ini semakin kerasa sebesar itu sayangnya mereka sama yang lain Hah jadi tear eye im so lucky to be a part of them Rasa sayang mereka kayanya lebih dari adikkakak saudara lebih dari keluarga Happy holiday and merry xmas;Netral
selalu kebijakan idiot yg mengalir dari ide goblok mreka;Hate Speech
Percuma mau mantan gue cakep kek modis kek wangi kek Tapi kayak babi kelakuannya Damn nyelekit banget brengsekkkkk Sikap pura ga terjadi apanya itu loh yg bikin luar biasa sakit dan marah wkwk;Hate Speech
Abis ngambek sama laki w gara dia sodorin gue video demo sama video penjarahan since gue baru pulang dinas hari full ini gue udah blg kalo gue overwhelmed eh dia masih terus aja yapping Mbok ya biarin istrinya istirahat dulu gitu loh;Netral
Happy New Year kak jeta Semoga Happy nya gak pernah habis Terimakasih banyak udh nemenin separuh ku lewat hello again Love U more;Netral
Fuck la tak tau la ade miss ke tak kerja tuto ni Babi banyak sangat sial;Abusive Language
sch happy new year semogaa dapet kata selamat dari ltmpt Trivia Rumus modal akhir modal awal laba bersih prive;Netral
Selamat tahun Semoga diriku menjadi pribadi yang lebih taat pada Allah dan orangtua menjadi lebih dewasa dan tidak cengeng lagii Semangatt Happy new year;Netral
Raimu seng goblok Kaum kolam selalu menyerang agama tertentu lu merem aja Raimu goblok idiot;Hate Speech
Woi tolol itu harusnya buat pembelajaran bukannya malah bikin hal yg sama Disana ga boleh ada masjid disini juga ga boleh ada gereja ini pemikiran orang tolol Harusnya belajar dari kejadian itu dan bisa jadi contoh keberagaman Malah banding in Idiot;Hate Speech
bodoh semua orang elok gi mampos je fuck off lah sial babi bullshit kimak;Abusive Language
Fuck poi anjing;Abusive Language
shit sumpah babi lah C ni sumpah do;Abusive Language
nctzh Kita putus Kenapa Kamu gak cocok buat aku Hold on Banyak cewe cantik di luar sana Honey Aku gendut I dont care Aku jelek Youre an angel If you dont trust me i will take you to the church and ask you to be my wife;Netral
Jawabannya sederhana tp menurutku ngena sih dunia makin absurd Ekonomi naikturun politik bikin lelah iklim berubah teknologi makin cepat Semua ini bikin banyak orang ngerasa logika aja ga cukup untuk nenangin hati Ada ruang kosong yg butuh diisi;Netral
Menurutku kalau tujuannya duit jelas nomor tapi kalau tujuannya kepastianstabilitas jelas nomor tinggal mana tujuanmu aja;Netral
Shit nearly piss my pant bcs of that kecoa bangsat tai anjinv;Abusive Language
genuinely asking dia ini kok bisa kaya banget kenapa dari hasil apa awal mulanya gimana soalnya agak fishy menurut gue hartanya mantan gue dulu ngikuti dia banget;Netral
Kakak kakakku yang paling cantik sedunia yg selalu manja in dan sayang sama aku i feel really loved I love u all;Netral
Happy new year Terimakasih atas luka dan pembelajarannya;Netral
Gue gatau ini si sendernya serius atau ngarang but what the fuck on earth r u doing mf dumbass Hope u riot in hell srsly tho lo hak cuma risking his life tapi lo jg ngelakuin pelecehan seksual ke bayi Gila lo bgst Gak waras anjing;Abusive Language
FUCK JADI BUKAN BTS ANJING;Abusive Language
WAAAAA SELAMAT TAHUN BARU WISHNYAAAAA Wishnya Semoga segera ada update kabar Denise apapun itu capek tiap malem harus overthinking mulu Anw Happy New Year;Netral
klu pun hyeon woo mau repent himself bole jak dia buat biarpun x reborn jd jin dojun ahh babi stress ako ending mcm shit ni;Abusive Language
Ini hal yg sgt subjektif Ad je option utk stay away Dan kalau betul sayang knp nk sembunyikan u Apa motif dia klau bkn laki tu pun gatal jgak So as perempuan try to be smart about it and move away from it Unless jodoh says otherwise;Netral
Batre kamera ilang great Fuck Anjing Bangsat Sempak;Abusive Language
Pelajarannya adalah saat pemilu pilih dari pihak independen dan track record yang diakui Jangan hanya karena diberi uang saat pemilu Ingat uang kalian dari hasil pajak hanya dinikmati untuk kepentingan mereka dan parpol bukan kepentingan rakyat Sekarang sudah paham kan;Netral
tb Tum makasih banyak udah ngevote anak tanpa henti We did it Tum we got the ROTY Congratulations to our boys selamat juga buat kita Im proud of you all We might be small but for Treasure we will be big Sayang Treasure sayang Teume Ini bsru awal masih cont;Netral
BABIIEPDPWIDIQK CRUSH AKU MINTA NUMBER SIAL ANJING FUCK PLEAse LA;Abusive Language
Goblok asu suporter idiot SDM rendah njijik i banget;Hate Speech
Polisi tolol kampus tuh safe place ajg jgn nembak gas air mata sembarangan;Hate Speech
Hahahaa siapa y Jgn nak bejanji klo ndk bisa ditepati fuck asli lh Bangsat ni;Abusive Language
telat banget tapi happy new year tementemen semuaa makasih buat yang udah mampir ke akun ini dan suka sama ceritaceritaku senang bisa menghibur kalian semuaaa semoga di tahun ini kita semua diberikan kebahagiaan yang unlimited aamiin love u guys banget;Netral
seharusnya gpp sih pake uangnya menurutku mending kulkas soalnya pasti butuh kulkas yg ga rusak biar bahan makanan pun terjaga dgn baik jd sender pun makan makanan kualitasnya ga menurun dan ga buang duit klo makanannya rusak biar sehat selalu;Netral
ANJING NYOKAP GUE DIMANA FUCK TAI TAI MANA NYOKAP GUEEEE;Abusive Language
Wkwkwkwkwk komedi bgt najis Talking shit abt what i do and said tolol goblok kek tf Kek lu suci bgt apa Gua juga gatau dia dukung z apa ngga wkwkwk stop talking nonsense lah especially in front of my precious Soto ayam;Abusive Language
Happy new year kak tan Terimakasih untuk karyakarya hebat nya ily;Netral
Shut the fuck up urusana ke deui di akherat mah aya gusti Allah;Hate Speech
Babi wht the fuck U hungry and u tweet this Oh man;Abusive Language
guys sorry ya gua lebih banyak bersuara tentang politik politik kita emang anjing;Hate Speech
asli kachow goblok bgt gua goreng kentang and accidentally masukin pepper kebanyakan now shits be spicy as hell;Abusive Language
GOOD MORNING CANTIKKUU gimana kemarin ngeMCnya cantik banget ih baju kamuuu lt;Netral
Babi baru perasan mggu ni player main dua kali shit rugi;Abusive Language
ANJING WIN WHIPPED AS FUCK COKKKK GILA;Hate Speech
and not to be mentioned another orang yg manfaatin momen aksi ini damn fuck you and please go to the hell instead adu domba dan jadikan masyarakat sebagai pion permainan keji ini;Hate Speech
Adeline Aisya Azzahra Hidayat Mencurahkan Pengalaman Melalui Tulisan;Netral
happy new year all semoga menjadi salah satu tahun terbaik bagi semua orang dannnn selamat legal alias tahun buat haruto jeongwoo minji hanni dan beserta idol lainnya;Netral
Cieeee gua emng jelek Miskinbego bodoh Tolol Idiot Jadi lo pada gak mau kan temenan sama gua;Abusive Language
Well aku mmg dh biasa makan sorang tgk wyg sorang window shopping sorg Being a loner teach me to be very independent and ignoring others stares Well i dont care Janji aku kenyang mkn kt sini ni Malas nk balik rumah perut lapar;Netral
Kalo menurutku jangan sih nanti beliau keenakan kecuali pacarmu itu kerja keras amp berusaha Kadang ada cowo seneng dibayarin tapi ga mau usaha Tapi lelah juga kalo ga ada hasilnya mana ngajak jalan anak orang lagi masa ga traktir;Netral
Why the fuck cewecewe pada pengen punya pacar polisi Keren kagak kayak kontol iya;Hate Speech
Msh tp hijab itu msh jd perdebatan para ulama sebenarnya Itu produk budaya sejarahnya len buat pembeda status jd ya menurutku ga penting Bukan tolok ukur keimanan seseorang Itu hny bagian dari kebebasan ekspresi beragama aja Di kepercayaan lain jg pake penutup kepala kok;Netral
Babi senyap that shit was the stupidest thing ive ever done;Abusive Language
eh gila ya fakultas lain pada daring ini kenapa ini nggak di bikin daring juga are you really worried about your mahasiswa;Hate Speech
daym baru menit di bumi udah punya pengalaman kerja;Netral
haa ekonomi bangkrut ha ntr kalau lu gk bisa mkn bngkrut indonesia tnda tndya haa yg phk ah tolol itu kbijkn perushaan bngkrut prushn yg di phk jln tol ha ky lo bngun rumah nyuruh tukng trus ambrol yg di slahin yg punya uang haa stupid;Hate Speech
Gonna be honest thats so fucking dumb Ya trus kenapa Penjualnya yang harus belajar embrace kenyataan kalo ga selamanya ngasi makanan ke anjing itu hina It means theyre good owners for feeding their dogs with the food they need Honestly fuck you guys with that mindset;Abusive Language
babi damn;Abusive Language
BABI WHAT THE FUCK;Abusive Language
sialan lu keluar kardus kampret dasar bocah idiot lu haakk;Hate Speech
Happy new year Selamat datang tahun Tahun dimana seonho akan bangkit dan kembali bersinar Wait for me to come back;Netral
Goblok tolol idiot muka jelek katrok kelakuan intolerant mati aja lah orang orang kaya gini;Hate Speech
Apa yang salah dan harus dievaluasi dari MBG ini Menurutku sih presidennya ya;Netral
FUCK FUCK FUCK SINYAL BANGSAT;Abusive Language
damn son kau ada tgok vid dia live ke babi high sia hahahaa;Abusive Language
menurutku kating tuh punya jam sehari mereka belum spill tutorialnya ke kita aja;Netral
Idk penting atau enggaknya menurutku lebih baik beda tipe biar melengkapi Kalo setipe yg bener plek ketiplek kadang bs jd boomerang jg karna gaada sudut pandang lain lebih baik ada bedanya biar bs sama melengkapi;Netral
The fuck anjing speechless banget gila ga ngerti lagi;Abusive Language
menurutku ini upaya mereka biar cbx bisa ikut kegiatan exo lagi semoga hasilnya yg diharapkan semua pas mediasi kedua pihak tujuannya supaya cbx bisa ikut exo lagi dgn damai dan adil sm tolong jangan macem;Netral
want me to spread lika peacock uhh bitch please;Abusive Language
Happy New Year Hi moots selamat memasuki awal tahun yang baru Tetap semangat terus buat kalian apapun yang kalian hadapi tetap berserah sama Tuhan God bless;Netral
MANA GODZILLA MINUS ONE BABI FUCK;Abusive Language
HAPPY NEW YEAR Dan selamat datang bulan kelahiran;Netral
aduh udah kaya barang ya anjing wkwkwk titipan bedanya ini lebih setan daripada setan they dont even look like cops jir apa jangan nyewa orang yakshame on u bitch;Hate Speech
Kau nak cakap ape kau cakap lah k Aku diam pun cantik I dont want to be dragged down to your level Biar tuhan je tau ape jadi;Netral
Nada tidak membantah Ia tahu tabiat ayahnya Bukan pelempar tapi setiap kali ia marah dan melempar sesuatu benda itu selalu mengenai sasaran Tapi menurutku kau ada kemajuan Re ujarnya mengalihkan;Netral
fuck off borak unmention babi;Abusive Language
Hedonis bangsat Fuck your lifestyle worship my asshole;Abusive Language
ANJING saja tau yang mau di follownya Hanya ANJING GILAIDIOT yang memfollow yang tidak disukainya;Abusive Language
Anjing Babi Fuck Tai Goblog Asu Jancuk Pantek Astaghfirullah Astaghfirullah Astaghfirullah Alhamdulilah Subhanallah Hamasah Syukron Masya Allah Allahuakbar Tabarakallah AAMIIN;Abusive Language
akhir taun yg sangat kontol fuck semua orang anjing;Hate Speech
Niat gue cuma mau ketemu temen sd shit lah gak rugi gue gak ketemu kalian bangsat lo ngentot n tayibabsn;Hate Speech
Dahlah maths And chemistry assignments sama deadline agik juak mok delay Bodo tauk sik Tauk bah lelah not u alone bah WE ALL ARE Sigek madah I know sigek gik mala mok balit rumah madah sikpat tahan nasib I only have one more person to be count on that one pun;Netral
idc skskks typoo KEKKK I DO CARE ABT HER TAPI SOAL BALIKAN SAMA COWO YANG SELINGKUH FUCK YOUUUUU ANJING;Abusive Language
puki mak kau la sial Cerita keling macam hilang anjing kepanasan Fuck;Hate Speech
Babi Buat malu je Jatuh air muka kpopers yg tenang macam aku Fuck;Abusive Language
the fuck is this kpi babi semuanya tai kucing;Hate Speech
Selamat datang Tuhan semoga aku semakin bahagia dan segara dipertemukan dengan jodoh Kalaupun bukan Bangtan minimal lelaki yang bisa nerima kebucinanku kepada Bangtan Amin Page of Welcome Happy New Year;Netral
KATA GUA LU PADA DAH TUA BUKANNYA MATI MALAH NGERUSAK NEGARA AJGBURN IN HELL ALL OF YOU;Netral
Nah t lu tau goblok Jd mau d bkin dri awal lg Lama bro Mau dekorasi ulng SDM kita udh siap blm Y elah bcra ama kmpert emg sush ya Goblok jgan d pelihara bro Jgn sok tau klw tidak tau Malukan jd nya IDIOT;Hate Speech
HAPPY NEW YEAR NADOONG Selamat mengawali tahun baru semoga jadi tahun yg baik buat kita dan Jaemin tahun baru happy karena udah dapet pap gemes dari ayang;Netral
babi wtf i legit thought u sia fuck now i cannot get that image out of my head;Abusive Language
Bgn subuh tgk group ws kerja boss duk wish happy new year My hod pun ws wish happy new year Kitanyaaa penat duk jalan kt kl then before kul selamat dah tidur;Netral
Walaupun tahun ini tahun yang bisa d kata tahun njing bab bikin nangis nyakitin banget tapi ya makasi buat rasa sakit dan rasa bahagia yang kamu kasih and selamat datang semoga bisa jadi tahun yang lebih baik dari tahun sebelumnya ya HAPPY NEW YEAR;Netral
Shit punye lame aku charge phone tgk tgk xmasuk lagibabi;Abusive Language
Fuck Babi;Abusive Language
I m too hungover for this shit;Abusive Language
Aku kalau dgn bestfriend bodoh fuck babi semua tu dah biasa;Abusive Language
Hahaha padahal yng gak benar dan maluin itu ada bapk yang tdk mau ngakui anak karena idiot dan membanggakan anak orang yang kasih makn itu lah sebusuk nya bapk anjing saja masih mau ngakui anak nya masak ada bapk yg tidak mau mengakui anak nya lebih kejam dari binatang;Hate Speech
dan ada satu refleksi yang lebih mencengangkan gue sih kalau gue harus kembali ke awal tahun di saat gue mencalonkan jadi ketua dari to ini mungkin gue tetap akan ngajak mereka berdua sebagai rekan gue karena to be honest gue percaya mereka juga sayang banget sama to ini;Netral
vyy selamat ulang tahun sayang happy birthday mama kamu pasti udah tenang di sana kamu juga harus kuat di sini be strong be happy dont get hurt live your life to the fullest im so sorry i cant give you anything;Netral
Cimb cibai kau fuck yourself member aku hilang duit k pastu kau refund dia ringgit sebulan kau memang laknatullah anak babi;Hate Speech
layan balik online gig ACAB tdrindu zaman rebel time sekolah dulu rindu kena sebat dengan abahsiap cungkil grill tingkap sebab nk lari rumahsome people might think it never be goodi dont care Kenangan manis semua tumenjadikan aku manusiai have story to tell to my kids;Netral
Gw suka cantik yang agak maskulin sik kalau shou ntue so Chu Wnning sama u Mng;Netral
Pagi tadi pergi SSM KL Sentral Then dekat sekitarnya ada karnival for sakit jantung awareness Lepas tu ada talk awareness tentang sakit jantung To be honest after what was happened on July tengok hospital jantung pun I m still trauma Rasa rindu apatah lagi;Netral
Salam FCB Fuck Catalan Bangsat RT Happy cakeday Sir Alex Ferguson cepet mati ya;Abusive Language
Babi ape semua usha aku pantat kat dalam lrt fuck la babi;Abusive Language
Ending yang paling aman lah kalo menurutku karena in real life mbak Maryam masih sering diteror;Netral
Kampret ngakak RT lt He blocks me I cannot follow him Damn;Abusive Language
Never doing that shit again;Abusive Language
Moes got me full as fuck;Abusive Language
film resident evil isinya cuma ngomong fuck fuck fuck doang lu dasar leon anjing;Hate Speech
Fanspage bola pasti pada ucapin Happy New Year nya pake foto si Neuer Selamat Tahun Baru;Netral
Gue bahkan ngerasa kotor dan lo tau hal itu Bukannya mikir malah nambah nambah lagi Otak lo dimana sih bangsat I tried to share anything with you Gue cerita semua apa yang jadi ketakutan gue Masih berharap gue maafin Engga anjing engga Get the fuck out from my life aja;Abusive Language
riset edible coating edible plastic kudu dimasifkan menurutku biar bisa ngatasi masalah food waste n sampah plastik;Netral
Aya I adore you sooo much Kamu tuh definisi perempuan yang hampir sempurna karena kesempurnaa hanya milik Tuhan YME HAHAHA Kamu cantik terus lemah lembut Dan sangat open minded Be happy Aya you deserved to be loved Nana sayang Ayaaa;Netral
Pantat go fuck yourself la babi;Abusive Language
I literally f up with this shit Dari tadi buat but its still error Dah level Sawan anjing dah mengadap benda ni;Abusive Language
kalo menurutku ga masalah sih nder selama yg mereka interaksinya menurut aku masih tau batas kalau sudah nyeleneh dan aku ngerasa cemburu aku pasti bakal bilang ke dia tapi emang kadang ada juga yang orangnya bebel dah dikasih tau gasuka pun tetep dilakuin jadi semua balik;Netral
babi chocolate doesnt jus meant for valentines day or valenyine pls gt it meant for me my mood my world my temper u gay bitch;Hate Speech
ADUH ANJING IH INI TEH GELEUH PISAN IH IDIOT ALIAS BODO AMAF ANJING GAPEDULI;Abusive Language
makin ke sini jadi makin rindu dia yang dia sendiri belum tentu merindukan I dont want to be hurt;Netral
Fak anjing hours kebuka storynya defuk ewh gausa flexing ngono dia story cewenya ew apasi anjing fuck i hate it so much I hate myself more thats it Im so done I will lock my phone for real;Hate Speech
Gak bikin parno sih karena badan udah lelah pikiran kesel baca berita kondisi negara kangen alm mama dan kepikiran kerjaan Nothing can scare us as WNI anymore cuz beban hidup sudah berat Svck DAT jin and satan;Hate Speech
Ppl be like you stupid pig And we be like kau babi bodoh pukimak;Abusive Language
Hahaha its okayy ko mening tidur aja udah nderr aku juga bobo soalnyaa heheh selamat istirahat yaaa happy new year too;Netral
FUCK CHARGER CABLE TERTINGGAL DALAM PLANE FUCK FUCK BARU BELI ANJING DOG FUCK BABI SIAL;Abusive Language
Tahu dah orang kulit cerah ni perfect sial babi anjing cb fuck;Abusive Language
Indomie kari ayam menutup kerjaan yg lelah hari ini To be honest gue appreciated sama at WampLilo pic;Netral
Happy new year terimakasih dan mari sambut dengan kebahagiaan;Netral
OTSUKARIL KARAKIRA PARTY AND HAPPY NEW YEAR TERIMAKASIH SEMUA YANG SUDAH CHEKI SAN NONTON MUSES new experience unlock tahun baruan smbil nulis cheki HAHAHA;Netral
to Terimakasih sudah hadir di tahun kak ayo sering sering muncul aku senang tiap kakak muncul nyapa aku dan treat aku like a baby walaupun aku udah dewasa tapi kalo sama kakak aku bayiiiiiii happy new year kakakku;Netral
Gyul enak kayaknya kalo masih kecil pas masih sd ya Masalahmu waktu itu masih mikirin puisi tentang aku kentut trus gimana Gyul kalo capek kode kita ya Kita bakal terus ada di sini nemenin kamu Mau kamu nangis kita bakal nangis barengbareng I just want you to be fine;Netral
U kira hukuman itu akan jalan kalo gaada yg demo The fuck;Hate Speech
Dan sjw kiri bangsat akan membela munarman Fuck sjw;Hate Speech
Su asu ancene si stupid bangsat;Hate Speech
Ek to synthetic fabric ki support he nai muk rai Also neither I know kalmay nor do I preach Islam and declare a monitor that kafir like synthetica so to demand kalmay from me only makes you an idiot;Hate Speech
Turns out this is not an easy thing to do karena ada beberapa orang kayak gue yang sangat overthinking ke halhal kecil kyk gini But we have to try our best not to be an overthinker Be nice to urself karena hal gini cuma bakal buat lo capek aja;Netral
WHAT THE FUCK DID I JUST READ ITU YG MENINGGAL DITEMBAK DI SOLO TERUS CHAT CHAT ITU TENTANG YANG DIJOGJA fuck;Hate Speech
pengalaman gue ngect;Netral
Anjing fuck fuck fuck gue etika profesi hukum c fuck;Abusive Language
happy new year chris doanya kembali ke kamu semoga apa yang diinginkan di tahun bisa terwujud yang terbaik untukmu dan semoga bahagia terimakasih udah mau berteman sama bia;Netral
Perempuan selalunya tak pandang rupa Cukup kau sayang ambil berat utamakan dia lpas mak ayah and hv time for her then you are good enough to be loved;Netral
aku juga begini ka tapi rada susah ya kalo ngga ada pengalaman barista soalnya pengalaman ku cuman di hotel itu juga hot kitchen;Netral
Exactly thats my tax money theyre spending my precious dollars on shit Bangsat Dahlah;Abusive Language
Gabut malem ini sharing pengalaman atau fantasi liar km gas ga;Netral
Alasan saya diperbolehkan untuk tidak ikut meeting Sudah lewat jam kerja Sudah lelah Ga bsa mikir lagi Ngedate Wtf privilege bed punya couple jir This is so unfair for asxual ppl who prefer to be alone damn;Netral
Its simple i just want him to be happy semoga dia tetep jd taehyung yang kita kenal taehyung yg sayang bgt sm army amp bangtan semoga mixtape dia yang pertama bisa lancar semoga pandemi ini cpt berakhir jd bangtan bisa ketemu army lagi sehat sehat trs ya taee;Netral
close your mouth bitch makin muak masih mending gue diem ntar gue review kit ati anjing;Hate Speech
bitch wtf this is so fucking invalidating i wish them the absolute worst another day another bule bacot tolol bangsat tai lu semua;Hate Speech
Happy New Year Selamat Tahun Baharu Semoga tahun ini akan menjadi tahun yang lebih baik daripada tahun sebelumnya I hope this year will be great year better than previous year;Netral
Kalau chibi outfitnya menonjol yaa kak jadi menurutku lebih cocok yang nomor;Netral
idiot paok idiot setan kampret lfc gobllokk jual aja klubnya setan percuma starting formation sampah banyak gaya;Hate Speech
selamatt pagi unila boleh info loker apa ajaa hari ini ga yaa sekitar lampung atau di daerah mana aja deh gapapa asal gaji bisa buat hidup merantau aku perempuan teknik pengalaman intern ada di pupr trimaakasih yang mau bantu;Netral
Fuck betul la end year ni mcm babi sial;Abusive Language
HALO HALO my moots yang liat ini terimakasi sudah mengisi hari TL ku dengan byk cerita maaf kalau gabisa sering sharing sama kalian gabisa interact banyak yang penting kalian sehat sehat yaaa tetep utamain bahagia kalian manusia manusia hebat ku see u di;Netral
Thoughts are heavy tonight Baca One Piece juga lelah soalnya berantem mulu Akhirnya cari buku yg semiringan buat selingan dan nemu Mata di Tanah Melus ipusnas Side note baru nyadar ghostingnya ereaderku lumayan keliatan di foto;Netral
Cebongbacin idiot dari lahir;Hate Speech
Fuck kafir Musuh alloh;Hate Speech
Eh shit bukan design babi design besar nau tulisan tu DESIGN THE BEST;Abusive Language
Kampret AKB ama JKT pake konser lgi di Jakarta Desember malah gw udh jadi FAR fuck;Abusive Language
Dari dia bikin event nobar sampe pindah kota aja aku udh ngerasa aneh dia jual baju juga menurutku harganya ketinggian dgn kualitas yg kaya gitu;Netral
najis potong aja burung nya fuck benci kali liat orang ga pernah merasa cukup apalagi dia udah punya anak geli kontol;Hate Speech
Babi rosak plan nak sambut birthday minggu depan Fuck you Covid and fuck you NSW sebab tak pandai contain virus ni;Abusive Language
MAACIIII BUBBBB sebenernya menurutku agak susah si makanya ga espek juga bisa lolos;Netral
Hi tahun please be nice to me Murahkan rezeki aku amp family aku serta orang yang aku sayang pada tahun ni No more covid ni Tk best Hoping that i ll get permanent job and buy my own car this year If InsyaAllah ada boleh je kalau nak kahwin tahun ni Amin;Netral
Penat gila babi fuck Nak tunda boleh tak;Abusive Language
ihh si abang galak banget RT Ga bakal gua akuin lu jadi adek gua Punya adek udah kayak iblis bangsat;Hate Speech
I added a video to a playlist si Cantik Ayu Nyanyi Cover Lagu Peterpan Tak ADa Yang Abadi Merdu;Netral
to Happy New Year anak baikk terimakasih sudah berjuang banyak di tahun kemarin terimakasih sudh bertahan sejauh itu mungkin tahun kemarin g gampang tapi kamu hebat dan keren udah bisa survive kamu kereeennnn semoga ditahun yang baru ini akan ada banyak;Netral
Halo temanteman Hmm Aku akan rest aku habis kehilangan kucing kecil aku tapii aku bakal kembali Doakan aku untuk tetap kuat ya My precious kitten just died last night so i just need time to calm my self ill be back Wait for me;Netral
BITCH IK U JUST HATE HIM IK U DIDNT EVEN WATCH RLdr sebanyak itu org yg seneng sm acting ziyu dan sepakat kalo dia berhasil jd wsw ni org tb muncul bilang ziyu gabisa acting HADEHH HARI RASANYA ADA AJA MANUSIA YG PGN GW ANJING IN;Hate Speech
aamin terima kasih banyak sayang same goes to u yaa semoga senyuman manis dari wajah cantik sayangku ngga pernah pudar;Netral
Wifi celcom bodo anjing pukimak lancau cibai fuck shit sakai motherfucker bullshit ampampampampampamp astaghfirullah alazim;Abusive Language
HAHAHH Sini belajar sama yg pengalaman gw cikupaGBK;Netral
ga setuju meal prep hrweek asbun aja menurutku kupas kupas potong potong uleg uleg itu bisa lebih dari jam sendiri;Netral
Semangat nderr tapi buatku yg hasil akhirnya tetep bagus kok Selama gak ngeblur gambarnya gas aja nder yg titik di warna yg gelap menurutku juga gak masalah dan jadi kaya tekstur kertas;Netral
Menurutku lebih ke kode bahwa Gibran jangan diganti sampai;Netral
padahal gue posisinya di angkot yang lagi banyak orangnya banyak ibuibu juga tapi tangan si bapakbapak bangsat di samping gue ini bikin gue ngefreeze shit;Abusive Language
Sometime i feel so ashamed with my family pnya privillage makanya rada tone deaf suka mandang rendah orang yg lagi demo Terutama mahasiswa Jjur malu aja gw dengernya tiap mereka seidgaf itu dan msih belain onoh;Netral
makan kali sehari aku sendiri ikat perut sehari RM ringgit kalau betul nak survive bodoh duit tax aku bagi kat babi cmni fuck off sial;Abusive Language
Happy new year dunia Selamat tahun Thankyou yg sudah menjadikan ku KUAT LOVE U ALL;Netral
Sebelum bobo mau ngucapin happy new year buat semuanya hope everyone have an amazing year full of health love and opportunities Terimakasih banyak sudah berjuang dan melewati masamasa sulit di tahun kemarin semoga tahun ini kita bisa ngelewatin semuanya bareng dengan;Netral
Tak tipu rindu It shaped me to be who i am today Tak tahulah kalau duduk sekolah biasa apa jadi kat aku Sebab aku nie boleh tahan macam setan juga perangainya;Netral
happy new year ke kali nyaa terimakasih kak kumi selalu berbagi keyword hibari;Netral
Seli sayang you deserve to be happy Please kamu sangat berharga Jadiin semua ini pelajaran buat kamu Love you to the moon and back;Netral
Happy new year juga nun Terimakasih juga buat semuanya semoga jadi taun yg baik buat lu ya;Netral
Terimakasih juga untuk kamu semangat cepio happy new year;Netral
Shop its okay not to be okay Gapapa Itu gapapa Kita cuma manusia jadi pasti ada waktu capek pengen nyerah dan perasaan feel bad feel bad lain Kita cuma perlu mengakui kalo kita enggak baik baik aja Dan itu its okay Love u shoppp;Netral
O Panna Lab Siapa butuh destinasi untuk metime Menurutku cocok banget buat coba mampir ke caffe ini guys Ada perpusnyaaaa dan tempatnya masih aman banget kalau mau sekalian wfcan;Netral
Fuck Udah abis aja yg jam Bangsat lah gausah pulang Garuda gak ada air Asia gak ada Ini lagi satu pic;Abusive Language
Thanks One Itddeul buat kehepian sepanjang kalian terbaik kesayangan now Im gonna spend the last week of this year to be home again been a long time aku rindu banget doain sampe selamat di tujuan yah guys special pake telor buat my TAPIR fam lov U;Netral
Si PKI tolol ngamuk Justru yg idiot nyembah tukang ngibul;Hate Speech
This affair happened between pilot man bitch amp pramugari woman bitch How come you generalized laki adalah babi Maksain bgt feel sorry if youve bad experience with man Tapi jgn apa generalisir lah Ini oknum kok gak semua satu gender begitu semua;Hate Speech
And DONE Terimakasih bagi teman teman yang sudah ikutan GA maupun yg sudah boosting GA ini Silakan ditunggu pengumuman pemenangnya yah Happy New Year buat temanteman semuanya;Netral
Happy new year selamat tahun baru semoga kita selalu senantiasa dalam lindungan Allah swt Semoga kita selalu di mudahkan dalam segala urusan kitasemoga di tahun ini kita menjadi lebih baik dari tahun kemaren amiin;Netral
happy new year nyaiii selamat makan;Netral
hai nad happy new year semoga taun bisa jadi taun yang lebih baik lagi buat nanad makasi udh bertahan sampe skg nanad hebat sehat trs ya sayang i just want u to know that im vv grateful to know u be happy nanad ilysm written with love nayfas;Netral
Ya kamu jangan terlihat dong fuck Injak rem mendadak Kampret Nyebrang kok gak lihatlihat;Abusive Language
Weyh njir apa kata kau tanya Pu Azman I wanna know the damn results sial ini Ustaz mana kau celok ni babi;Abusive Language
Eh Kampret itu bukan pembina Pramuka goblok itu KaKwarnas tidak ada hub dengan karier pramuka tanpa profit itu Adyaksa Dault Mentri jg jadi Kakwarnas sebelum Budi Waseso goblok dan idiot koq dipelihara;Hate Speech
hahaha BEGO TOLOL IDIOT;Abusive Language
i promised you sayang everything is going to be alright insyaallah one day dalam masa terdekat nanti kita jumpa okay rindu tu semestinya sayang;Netral
Any confession before this stupid year ends U know we stepping into tahun babi tau;Abusive Language
teh pepel im glad to meet u thank you for being here kalo teteh kenapa inget ada jelin owkay be happy ya teh sayang teh pepel love u bb;Netral
kakkk sonn im glad to know you kak son baik banget semoga selalu di kelilingi orang baik jugaa asik banget orangnya sayang kakk son banyak banyak be happy and stay healthy ya cantik;Netral
anjing who dares to pee on my bed the smell so damn fucking pesing;Abusive Language
mmm menurutku kalau emang mau ngerjain pas paginya bilang dulu aja rann di grup kalau aku menempatkan diri sebagai anak itu malemnya pasti waswas sih soalnya belum dikerjain;Netral
hahahahh ini sih kalau ini baru bisa jawab to be very honest i ve been in Kia s position sayang bgt sm orang sampai akhirnya ya gitu the truth is out sampai sekarang masih bisa menerima amp memaafkan orang itu lagi sih;Netral
I added a video to a playlist Pengamen Terminal Paling Cantik Jago Main Ukulele Nyanyi Lagu Geisha;Netral
WHYA THE FUCK WEH AKU XDE DUIT LA SIAL NK DUIT BABI NAK NAK NAK;Abusive Language
Just be yourself Those who really love you will never try to change who you are to be somebody else Aku pernah kok taun pura jadi orang bego demi menjaga egonya dia dan akhirnya lelah juga aku lelah dia pun lelah;Netral
happy new year vik Terimakasih doa baiknya semoga balik ke kamu;Netral
Selamat pagi dan happy new year semuanya;Netral
All in one week I found out I got freckles you a bitch and ya mammy is too;Hate Speech
page of makasih buat semua mutualku yg mau ladenin bacotanku dan sikap randomku i hope will be full of blessings and happiness to all of us dan buat makasih aku sayang kalian terimakasih sudah jadi sosok yg selalu bikin bahagia;Netral
berpeluh aku tengok sandra bullock berlakon jdjkskdjd aghhhh fuck intense gile babi;Abusive Language
Lagi Dan lagi Aku rindu Sensei Please jangan pindah sensei I want you to be here by my side;Netral
Well tenang ajayg komentar goblog idiot tolol dllnanti Tuhan memberikan cobaan berupa depresi jg kepada mereka Dikira depresi itu mainan Mereka gk akan ngrti krn masih kecil Ntr uda gede ada masanya kok Nanti mereka belajar dewasa sndr dan igt tulisan mereka yg skrg;Abusive Language
Babi w life sial fuck;Abusive Language
Sorry but hell no as guys we need to control our eyes Mana boleh salahkan perempuan sematamata Even girls pakai menjolok mata pun we have a choice to NOT LOOK AT THEM Apatah lagi melancap kat public area Guy yg melancap tu ngah usha porn from a public PC kot;Netral
kl istrinya blg gini ya mungkin khawatir ya walaupun lebih baik shut the fuck up tp bayangin kl ada yg upload ky gini tp posisinya pacar polisi akwokwowkkakak dihh harga diri bosss;Hate Speech
HAPPY BIRTHDAY KE KECINTAAN KEHORMATAN KEBANGGAAN GUE TERIRING DOA TERBAIK UNTUKMU DAN HANYA SATU KATA UNTUK MU SAAT INI GUE RINDU We Love Persija Persija Will Not Hurt Your Heart Continue To Be Successful And Keep Going For Persija;Netral
Terimakasih selamat datang Happy new year everyone;Netral
Dalam hitungan jam kita akan merayakan pergantian tahun dari ke Tahun Baru jatuh pada Minggu Januari Ada berbagai cara untuk merayakan dan meramaikan Tahun Baru Satu di antaranya dengan mengirimkan ucapan selamat Tahun Baru atau Happy New Year;Netral
THE FUCK CUMA HARI ITU MAH LIBURAN AKHIR SEMESTER ANJING;Hate Speech
And how do we confirm kalau mereka pelakunya Jangan sampai cuma dijadiin kambing hitam;Netral
Ira iri pala lu peang iri tuh klo situ cantik good looking public speakingnya bagus bahasa inggrisnya jago good att pendidikan tinggi Situ udah kya kurcaci sokan lagi Yg punya masalah kan situ kenapa i jdi kambing hitamnya Shame on u bitch;Hate Speech
emang indonesia orang orangnya mental pembully anjing GUE BENCI BANGET i ll never forget for everything they have done to my man for bodyshaming girls for disrespecting minorities and etc ETC FUCK YOU ALL;Hate Speech
Akmal tolol bego idiot;Hate Speech
kiri baguss tapi sayapnya terlalu besar menurutku;Netral
buat longevitynya gak usah diraguin sih karna doi tuh tipikal yang menurutku wanginya strong dan bisa tahan jam an;Netral
Emang kampret nih usamilky callmeeja taik lu deket kalo ada mau nya doang tai fuck fuck;Hate Speech
Aku capek sumpah aku capek setiap aku mau cerita apapun aku selalu ngerasa nggak ada yang bisa ngerti A family supposed to be the one who understand but what about mine;Netral
Jujur menurutku rasanya ke tomat;Netral
apa sayang mau apa hm jeonggukie mau apa kalo ditanya jawab beta like you love to be filled right answer me baby i dont like being ignored ah apakah terlalu enak sampai dirimu hanya bisa merengek seperti ini ANJING LO BEM BGSTTTT;Netral
malam taun baruan di jalan aja kwkw cari suasana yg baru dari pada di daerah rumah sendiri ketemu cewe tolol dan idiot itu nantinya;Abusive Language
Lebih heboh yang ini dibanding yang video sebelumnya bes tadi masih kalem menurutku;Netral
Imagine how tiring must be to type each letter Hhhhhh bayangin aku ngetik panjang lebar tentang why i dont like someone aja udah capek mikirin orang yg ga aku suka aja dah males Hebat sih haters;Netral
AND THIS BITCH SILL HAS THE AUDACITY TO SENT WOT AND NOT DO THE SWAB BANGSAT;Hate Speech
FUCK TAKUT BANGET ANJING;Abusive Language
Kalo anda tidak bisa baca tolong jgn ngatain org tolol kesalahan pd otak anda apa masih normal atau idiot Baca yg pinter sblm kamu asbun maluin saja tidak mampu diskusi tp sok pinter;Hate Speech
Gurun Sahara di Arab Tolol bawaan lahir namanya idiot;Abusive Language
Sensi amat goblok ngegas kalau ngga by data itu loe idiot;Hate Speech
Untung la dapat dia Aku tak dapat pape Klab babi Fuck;Abusive Language
damn tanggung banget ANJING DIKIT JG A;Abusive Language
types of asshole Selfish bastards People who cant shut up Orang yang ckp cuti sekolah dah nak abis Nombor tu paling babi;Hate Speech
RT Hahaha Kampret bahagia bener lo ini lay haha RT Aldir Hahaha Lo dita amel yaD loviveyori idiot;Hate Speech
SELAMAT TAHUN BARU Para Pemburu Cari Binatang Era Baru Berseri Datang Para Pemburu Bawa Senjata Era Baru Jiwa Gempita Para Pemburu Sangat Pemberani Era Baru Semangat Berharmoni HAPPY NEW YEAR;Netral
gt Bodoh Idiot Tolol;Abusive Language
anjinggg bneran its just so fucking weird people in love are always stupid huhuhuhu gue bingung banget anjing gmn ya soalny nnti klo knapa jg dia ngeluhny sama gue bkanny gue gmau nerima keluhanny tp gue ni bingung knapa dia smpe skrg msh gasadar juga aku kan kdg heran anjing;Abusive Language
For the most beautiful human being mama selamat hari ibu Semoga kita bisa berkumpul kembali di surga nya Allah Aamiin Sampai saat itu Ill try to be strong just like what you thought me I love you always Sangat rindu;Netral
happy new year lol wish me luck buat tahun ini semoga dimudahkan dalam segala hal disehatkan jasmani maupun rohani nya disehatkan dan dimudahkan pula untuk seluruh keluarga dan kerabat Terimakasih banyak buat saya yang sudah stay alive yh di tahun you did a great job;Netral
cc damn dibilang tolol;Abusive Language
Seharusnya minta maaf dan langsung mundur itu baru gentle;Netral
menurutku kalo gagal dalam menjalankan usaha itu sudah menjadi resiko dan tanggung jawab masing masing dalam mengelola usaha kalo mereka pandai mengelola ya kegagalan itu kemungkinannya kecil sepertinya ga seharusnya kalo kegagalan itu masih tanggung jawab pemerintah;Netral
BUNOK BABI SON OF A FUCKING BITCH;Abusive Language
Nih wok gw kasih tau pemerintahan yg lu pimpin isinya orangorang inkompeten mana bisa melakukan yang terbaik untuk rakyat Yang ada mereka hanya akan mencekik rakyat untuk kepentingan mereka sendiri Fuck The Government Fuck DPR Fuck The Cops;Hate Speech
Happy New Year Selamat Tahun Baru untuk seluruh di Indonesia Semoga di tahun ini semua proses tahapan Pemilu demi mewujudkan Pemilu yang berintegritas bisa tercapai dan berjalan lancar Salam Awas;Netral
Kak ditaaaaa thankyou so much kamu juga cantik dan friendly habisss Tidak apa apa jarang jb jb kita tetap mutualan kok love u;Netral
me yes yes yes fuck you also me oh LUCU bgt bdkagsajah kok dia bisa gt sih anjing gw salting;Abusive Language
Happy new year semoga di hari kedepan lebih banyak bahagianya yah Terimakasih sudah menjadi teman terbaikk ceyna;Netral
Happy New Year ARMY Terimakasih karena sudah mau bertahan dan mendukung Bangtan sejauh ini Aku harap army dan bangtan akan selalu mendapat kebaikan di tahun ini Mari kita buat tahun ttp menjadi tahunya;Netral
BOTAK IDIOT NGENTOT BIADAB BABI KONTOL;Abusive Language
Irwan tolol apa dongo sih Jgn bilang dia idiot Gua rasa sih dia sinting;Hate Speech
fuck it all apapun alesan kalian mau jadi selingkuhan alesan kalian selingkuh itu apa selingkuh itu tetep bukan jalan keluar buat suatu pasangan anjng cile SELINGKUH ITU PENYAKIT DAN PILIHAN GAADA ISTILAH KHILAF KONTOL;Hate Speech
klg asu ccing bngsat jancuk wedus gembel babi bunting taik kebo eek goreng aaaaaakkk fuck fuck fuck;Abusive Language
WAIT WHAT OH SHIT WTF ICB FHJSSNKSSNKDDBJDNDDNDKDBDJDNDJDNDJDNJD FUCKING HANNA BABI SATAN FBKSNSKSNDXXM;Abusive Language
baru liat ternyata genshin do collab with aurora astagfirullah harusnya gue happy happy sama ginian tapi garagara lo pada bertingkah gue malah ketinggalan info setan;Hate Speech
Si goblok gw malah nangis sambil liat petasan Tbtb ke recap dalam ada apa aja dan gimanasiapa gw sekarang Damn Im so blessed;Abusive Language
Lu yang tolol dongo idiot babi Manusia stress membenarkan kekerasan Besok besok klo Lo ketemu rakyat coba kita gebukin biar dia tau rasanya gimana muka bonyok Terus aja dia provokasi belum aja rakyat bertindak kaya Ade Armando;Hate Speech
Kembang api nya dah selesai sekarang tidur ya Selamat Malam and Happy New Year;Netral
Aku tak suka org sebut memory yang menyakitkan Bnda tu buat aku emo smua bnda jadi baran Shut the fuck up lh mengungkit bnda sakit hati dpt apa sial Letih lah nak mrh babi;Abusive Language
tau kok aku jg udah ngawal dr lama tapi apakah kita sekeras itu ke pejabat yang ngurusin pendidikan menurutku sih tingkat kerasnya beda ya sm mbak thrift itu tapi kalo menurut kamu sama kerasnya ya bagusss;Netral
Happy New Year Semoga tahun nambah berkat Amin Meskipun di akhir tahun harus kehilangan papap Selamat jalan papap GBU;Netral
mungkin ini subjektif tp menurutku kalo kepalanya aman kok kak yg bikin ringkih itu akrilik di gagangnyaa rata dia lebih kendor dari v;Netral
fuck lah si Nolan ini mulutnya babi bener;Hate Speech
Motherfucker asshole What the fuck kiss my black ass anjing babi tahi palat bpk kau takuk kau berulat hantu raya antu tetek pantat babi;Abusive Language
Babi la jual rokok yg dah bulan Fuck u mamak;Abusive Language
Resolusi katanya Selamat Tahun Baru Katanya Udah juga sih katanya Happy New Year jere Katanya mau lebih baik lagi Bayangin kita Malemnya maksiat Besoknya meninggoy dan kita semua belum bertaubat;Netral
Gw muslim berwajah cina org sering nyangka gw non muslim Misal gw ketemu manusia macem begini mungkin mukanya udah gw ratain sama aspal Rasis bangsat kyk gini yg mesti angkat kaki dr bumi Indonesia You re just piece of SHIT;Abusive Language
Ahahaha kl lagi gini slogan nya jadi kebalik bang Fuck stadium go to tv soalnya di stadium ada ultras goblok hahahaha;Abusive Language
BABI HOT SIAL SEMUA FUCK;Abusive Language
woiii anjing bangsat admin biadab Apa apa an SVS BOXING DAY kalh terus kesel gue emosi gue anjiiiiing biadad admin bangsaaaattt FUCK YOU Admin biadaaaaaabb bangsaat;Abusive Language
babi mana dok buat cerita niii fuck ahhhhhhh;Abusive Language
HAPPY NEW YEAR terimakasih sudah melakukan yang terbaik di ILY;Netral
gua gamau kdm maju di pemilu serius deh he s just like any other regime gak ada beda sama yang sebelumnya stop glazing him jgn sampe orang lagi dibutain sama image doang;Hate Speech
Anjing fuck you fuck fuck fuck;Abusive Language
Happy New Year Selamat buat yang telah berpulang ke rumah kenangan;Netral
happy new year hwaniieee semoga kamu berbahagia juga di terimakasih karena sudah melakukan yg terbaik di tahun kamu hebatt dan kamu udah sangat bekerja keras hehehehe HAPPY NEW YEAR YAWW;Netral
Dan di setiap awal ada Selamat Datang dan Semoga Happy New Year;Netral
Bangsat lu muka dua Fuck anak miciiin;Hate Speech
Tolol tertutup oleh gaya Uang memang tuhan fuck yeahh;Abusive Language
Garagara mantan bangsat bisa buat hubungan berantem Fuck for you;Abusive Language
fuck ah kau ingat nama ciput style ke babi;Abusive Language
Haii Dear to be honest Fi Dear Baik Cantik kalo jawab ask sbar bnget taat sma agamanya Tbh Cantik ba;Netral
My acquaintance said masih ada waktu sampai Buset hampir setahun aja udah ngaco kek gini gimana lagi nanti Wake the fuck up Stop making those fuck ass coffee at ur ugly ass coffee shop njir and get ur head in the situation;Hate Speech
HAHAHAHA budak tar ni miskin sangat ke sial sampai mp pun nak rembat fuck kimak babi haram;Abusive Language
NAHH INILOO INII temen gue juga selalu bilang aku milih karena ada gibran like WHAT ARE U LOOKING AT HIM DIA NI KOSONG MLOMPONG THE FUCK;Hate Speech
s Carats its okay to not be okay Kalau kata hao love yourself juga hehe Istirahat sejenak kalau lelah Kalau mau ngobrol pun my dm is always open for all of you have a nice day;Netral
Daritadi kepotong mulu bangsat JARINGAN FUCK YOU;Hate Speech
menurutku sebener nya yang mau indonesia berubah gak sebanyak itu sampai ngepung gedung depeerr ratarata yang demo banyak cuma fomo aja mereka ga paham isunya the fuck ya iya sih ok emang statement bubarin dpr seems unrational tp statement lu aneh;Hate Speech
Fuck Lo ngelakuin ini ke anjing gue i will fucking kill you mf;Hate Speech
kak bby sayang be positive please just ignore it yg sayang ka bby lebih dari orang kok kalo ka bby berhenti dia bakal ketawa kenceng karena mereka berhasil menjatuhkan ka bby ka bbys strong enough to fight them so ayo kak bungkam mereka dengan karya ily kak;Netral
Hai i didnt mean to be gender bias tapi percaya deh seorang kaka pada hakikat nya bakalan sayang aama adek nya dia cuman emosi sesaat kok saya tau dan saya pernah ngalamin di posisi kaka mu itu karna saya pun punya adek so cepet baikan yaa;Netral
AAA FILAA SAYANG BANGET u deserve to be happy hug makasii uda mau jadi mutual akuu im lucky to know u;Netral
Gua liat yang bilang tuh bangsat emang struggle mereka luar biasa tahun kemaren pengen gua empit mukanye gua bilangin BITCH YOURE AMAZING AS FCK karena gua bahkan keknya ga sanggup sama apa yang mereka laluin tahun kemaren tapi MEREKA BERHASIL SURVIVE IM JEALOUS;Abusive Language
Anak codot idiot caleg goblok amp kampret sialan itu ga tau apa bro tapi merasa paling menguasai segala hal padahal Nol BESAR Woy FerDol maaih jauh hebat jokowi dari pada bapak kau yang kerjanya serabutan dikampung Ngaku anak mantan kades Dasar kepala landasan pacu;Hate Speech
Anjing emang where is the new nunew mic cant you recruit staff who are truly experts in this field Nunew even apologized even though the mistake wasnt his Damn you restart your live session face us directly;Hate Speech
Happy new year dan selamat mengentod dengan jeksa;Netral
I love you so much makasih yaa udah mau jadi mutual faw very lucky to meet you be happy yaa faw sayang kaliann;Netral
babi jangan jadi manusia pls jangan hidup pls fuck yourself;Abusive Language
Babi aja lebih bagus dari zionis laknatullah Fuck idf;Hate Speech
Hari tu baca pasal makanan orang kena curi Hari ni kena kat batang hidung sendiri sial Babi laaaaaa aku doakan yang curi makanan aku tu food poisoning bulan Fuck that was my last penny;Abusive Language
Fuck riot babi sunway;Abusive Language
Rindu nak tidur dengan hero mama nie Mengigau pun comel Tetiba berdiri and walking out sebab nak pee at night Mujur mama nie jenis mudah tersedar Always sayang this one amp I hope you grow up to be a decent man;Netral
Fuck Babi ahahaga;Abusive Language
Jika dilihat syarat jam kerja berarti itu bisa jam kerja karena rumah makan berdasarkan pengalaman bener langsung rawat inap habis terimavgaji;Netral
Anjing nation pun fuck ipansu;Abusive Language
Tapi sekarang memang orang gampang ya ngomong fuck anjing bangsat tai dll ke orang lain Aku jadi pengen nyuci mulutnya;Abusive Language
Berry barton btw kalo di optik tuh frame mahal tapi kualitasnya beneran oke Kalo di online kadang beneran cuma plastik aja gitu pengalaman Aku beli di online udah kendor dua duanya giliran frame ku yang dari optik udah kedudukan juga cuma mleyot dikit aja;Netral
Menurut situs resmi Bloomberg New Economy tugas anggota Dewan Penasihat Global adalah memberikan masukan dan panduan untuk mengatasi tantangan global kompleks berdasarkan pengalaman mereka di bisnis pemerintahan dan organisasi multilateral Jokowi termasuk di antaranya Tidak;Netral
tapi ya tapii menurutku rasis tu disetiap negara tu pasti ada ga si kalo ini yg kuliat lebih ke cewe jepang takut sama mereka si karena kalo kuliat track record cowo sana nafsunya tinggi bgtt ya sapa yg kaga takut coba;Netral
Happy new year lembaran baru Semoga diawali dengan kebahagiaan dan diakhiri dengan kebahagiaan juga wkwk Terimakasih karna telah menemani hariku selama tahun semoga tahun itu menjadi salah satu kenangan yang indah;Netral
RT HANYA ORANG TOLOL YG MENILAI ORANG LAIN CUMA DR TWITNYA IDIOT;Abusive Language
Happy new year too Nabilaaa Terimakasih banyak atas doanya Semoga lu juga semakin kuat menghadapi masalah yang akan datang semangat;Netral
babi gila im at my lowest kot shit gila;Abusive Language
Peranakan lonte tolol autis idiot perawan Sak jane pisuhan kuwi dudu asu bajingan jhancok dllpisuhan kuwi goblok;Hate Speech
FUCK GILA BOLEH LUPA BABI BABI BABI BABI;Abusive Language
Idiot pak RT Lah gele tolol banget Dibawa kepuncak sama gele pak RT Lah motor lu;Abusive Language
pake dengan cara biasa aja sih kak tp kalo aku jarang pake ss krn ss menurutku bikin ancur make up tp kalo mau pake ss bisa juga dengan cara bikin kering dulu si ss nya trus set pake matte powder kak;Netral
KAK SISIL HIKS makasih juga uda mau temenan sama akuuuu u are so so kind AYO AKU MAU JD ADEK MUU also thank you for watching my covers HAHAHA MALU btw hope the same thing goes to u as well kakakk cantik muah muah;Netral
FAKTA TANPA DASAR WKWKWKWKWKDASAR TTNG VAHWA PEMERINTAH SUDAH BERGERAK MENANGANGI ROHINGYA SUDAH TAK TULIS TO KALO MENLU SUDAH KETEMU KETUA UNHCR MRN FILLIPO KURANG KOMPETEN MASIH NUDUH PRABOWO MAU CARI SUARA WKWKKWWK TOLOL IDIOT GOBLOK;Hate Speech
Aman tentram gundulmu anjing orang susah makin banyak harga pada naik lu manusia idiot ya gak punya empati ke rakyat misikn;Hate Speech
Kenapa gw setuju banget sama kata terkahir bapaknya gw berharap johnny lebih bisa percaya diri dan nunjukin karakter nya karena yg gw rasa johhny kaya masih ragu Sayang johhny banyak banyak i wanna him to be more shine;Netral
Aku paling tak suka bila aku tegur orang buat tak kenal Wtf Go fuck yourself lah babi gemok Ingat senang ke aku nak tegur orang;Abusive Language
terimakasih atas kenangan biarla kenangan itu pudar dengan sendirinya di teruntuk kita yang saling melupakan Happy new year all;Netral
asu lah taik babi anjing burik sok cakep fuck gblk tolol lengob kirik celek kudis kurap koreng bgst bacot monyong dakjal setan binatang aaarrghhhhhhh;Abusive Language
HAPPY NEW YEAR MY LOVELY MOOTS New year new beginnings and a chance to write a new story Terimakasih buat mutual aku yang aktif buat jbjb suka sama tweet aku ataupun nyaman buat ngobrol sama aku semoga kalian di tahun masih bareng sama aku ya jangan bosen loveyou;Netral
Astagfirlh sabar boy Memang anjing bgsat matilah kau di neraka Shit;Hate Speech
Idiot semua anjing menari di atas penderitaan orang astagfirullah;Abusive Language
Jadi yah Selamat tahun baru semoga makin semoga yang baik semoga masih baik dan semoga kita tetap waras sampai penghujung akhir tahun besok Happy new year;Netral
beluga to be exact wkwkwk in this house we love opgan tenyu tapi aku sayang peraya jg ko;Netral
Malam adara sayang Hari ini terrible kacau balau dah pokoknya But its okay to be not akay isnt Adara Thank you sm yaa Hope ur day is the good one kkk;Netral
kontol saingan sama masa lalunya damn;Abusive Language
yes i am but i proud to be a big sist for ma bruh ga pernah ada pikiran ngiri sama adekku yg hidupnya way better im happy for them yang aku lakukan yang aku perjuangkan tiap hari biar adekku bahagia bisa hidup lebih baek mba cit sayang klen mbul cil al;Netral
bitch i ve walk a k just to get to a place and because i can ga akan bau kl cuaca ga terik u motorbike riders banyak yg suka naik ke trotoar pas gw jalan kaki padahal itu bukan lajur lu ya anjing u guys are assholes in the street and now on the net too;Hate Speech
happy new year ka kanee ka kane juga terimakasih sudah mau berteman dengan ku dan mewarnai hidupku love youu;Netral
Fuck im still at office at this hour since morning babi anjing sial;Abusive Language
Orang idiot yang berlaga tolol benci da BENCI;Abusive Language
Alhamdulillah petugas kebersihan jalan dapat upah tambahan untuk esok hari terimakasih penjual kembang api petasan dan jajanan malam ini Happy new year;Netral
Son of bitch lo kampret;Hate Speech
KAU MMG BABI WHAT THE FUCK DID HAAH ORDER CPT OG COULDNT ASK ME TO DO IT SLOWLY KE TAK CALL ME BITCHY GUD GUD;Abusive Language
Ini sumpah babi aku dalam mrt siottt fuck laaaaaa malu sialll;Abusive Language
HAPPY NEW YEAR VILLE terimakasih banyak yaaa seneng bisa kenal sama kamuu ilyy;Netral
happy new year amp selamat datang bulan rajab semoga hidup di permudah di tahun ini amp kebahagiaan selalu datang untuk kitaa aaminn;Netral
akhiri saja Mreka ldr sih oh damn udh thn bru msh aja anjing ada masalah yuyunpd Mungkin anjingku;Abusive Language
Simak cerita pengalaman Ibu Tina Kurniawan pasien Bethsaida Hospital Gading Serpong dalam menjalani penanganan masalah gigi di Bethsaida Hospital Dental Center;Netral
Selamat Tahun Baru Semoga lebih baik dari tahun sebelumnya Happy New Year Hi;Netral
Sorry to hear that Nder Klo ga bisa kamu kontrol baiknya ke profesional ya Takutnya makin parah dan memperburuk kondisi kamu dan hubungan sama ibumu Menurutku kamu perlu jelasin juga ke ibumu pas kamu udah tenang biar beliau ga khawatir amp salah paham Semoga cepat membaik yaa;Netral
ada lelaki yang memang purely babi and made out of pure shit and layak dikerat;Abusive Language
kcok memek cinta ughhh shit enk bgt memek pcr km brooo kontol kehisep memek cinta;Abusive Language
fuck jean mendingan anin sama gue aja anjing;Abusive Language
gw benci bgt orang yg suka ngebunuh tp kl gini doang penanganan lo buat PEMBUNUH gmn kalo we do the same to you its only fair a life for a life FUCK YOU ACAB;Hate Speech
Dik I know bila something melibatkan orang kita sayang kita akan tend to be manipulated oleh emosi tapi tak dik apa kau niat nak buat tuh salah menghukum bukan tugas manusia mungkin aku boleh sembang kencang cakap macam nih sebab tak kena tapi nasihat aku ikut lah sistem;Netral
wow anjing bentar lagi masuk fuck sekolah;Abusive Language
RETWEET Kalau anda rindukan seseorang tahap gile fuck lahanat babi kambing Beruk superman lawan batman pastu kene pijak dengan Utraman tiga;Abusive Language
Si anjing mau dikasih meme ronaldo juga ga mempan apa idiot;Hate Speech
hi meh lah tlg i RT so semuaaaa bride to be ni dapat jimat and cantik masa kahwin;Netral
Anjing siah babi di harkosin D Fuck you Fuck you;Abusive Language
lol not actual anti blackness but alleged amp suspected anti blackness bc some Kafir theory holds that I must be for not bieng born Black you stupid deviant Asabiyyah is HARAM for you as it is for me;Hate Speech
Kumpulan manusia stupid ini banyak banget yg selingkuh mana temenku kemarin juga ketemu sama pacarnya yang lagi gonceng cewe yg gak disuka sama temenku trus pacarnya cuman ngeliat aja kek anjing kan;Hate Speech
Tetangga anjing biadab bangsat Bacot lu Setan Tau apa tentang keluarga guajadah Babi anjing Tai Fuck Iblis Anjing lu anjing;Hate Speech
TXT Happy New Year Messages for MOA Pastikan kamu selalu sehat amp ayo makin sering ketemu tahun depan Selamat tahun baru sehat dan bahagia selalu Semangat juga di tahun ini amp terus berdampingan satu sama lain;Netral
Hi there all this acc just asked to be blocked and report Lets give her what she deserve Oh halo kak gak usah ngaku jadi oneit gue yakin elo oknum yg fave idolnya sendiri flop makanya gaada kerjaan dan sengaja nulis kebullshitan biar ada war;Netral
anjing najis bgt lu lu knal ama dia aja kaga dasar idiot;Hate Speech
selamat pagi sheng happy new year untuk senang sedihnya dan yang kamu temukan selama di tahun sudah kamu lewati harapan di tahun baru ini bisa menemukan langkahlangkah baru yang akan datang dan selalu bersinar untuk kedepannya btw have fun ya liburannya;Netral
Lahh memang lo goblok wkwkwkyg asumsi siapakan tolol namanya klo lu gw berasumsipejabat yg mentingkan diri sendiri sampe keciduk lu bilang aaumsi guawkwkkw idiot;Hate Speech
Halo mutualku disini ada yg bisa translate dari bahasa inggris ke korea ga ya Aku mau minta tolong makasih yaa Hello oomfs is anyone here can be able to translate from eng to kor If youre able to please dm me i need ur help thank you;Netral
Baru dari proyek jokowi yang selesaiberarti tahun ini yang diresmikan semuanya proyek dong Kok kecebong bilangnya pak ga kerja cuma bikin album doangkecebong stupid apa tolol sih;Hate Speech
keyboard an ribu banyak kenapa beli ribu an tolol dan kemudian saya jawab knalpot ratusan ribu banyak kenapa beli yang jutaan Dan dia plonga plongo kek orang idiot;Hate Speech
Fuck you RT Tolol membahana;Abusive Language
Well damn yea I would;Abusive Language
Ava zepeto yang tinggi semampai macam monas Menurutku ini masih biasa aja;Netral
i wish the anjing is our son and he be like please please damn P;Abusive Language
HAPPY NEW YEAR WOHOOO bagian waktu indonesia barat gue beneran seneng banget bisa kenal kalian semua terimakasih banyak;Netral
Damn Parabola lama nyeselin kampret;Abusive Language
Gpp von wkwkw Knp dam wkwk Bangsat;Abusive Language
Yaaa si rafly dongok goblok tolol idiot Minimal nonton fullny rafly dongo tolol goblok idiot Makanya klo pembagian otak tuh dateng biar gk tolol dongo goblok idiot;Hate Speech
memang brengsek tapi saat ini ada yg lebih bangsat nih gt rakyat rebut itu boneka Fuck Elit;Abusive Language
Temen gw wowo lovers tolol bgt liat;Hate Speech
Save football Liverpool takleh menang pl nanti bla bla bla Anjing Satu ja pasalnya kau dah tak boleh nak troll dan kau kena counter balik dengan member Liverpool lain Eat your fucking shit mate;Abusive Language
Gak nyangka udah di titik unfoll Indira Gatau ya menurutku beberapa exmember tuh entah kenapa kalo statusnya udah ex kehidupannya udah gak menarik buat diikutin lg di medsos;Netral
Dalam Al Quran Allah Menjuluki orang kafir dengan sebutan Jahiluun yaitu orang idiot dungu itu aja;Hate Speech
Hanya orang goblok dan idiot yg mengira Freeport itu milik Indonesia Anak saya yg baru kelas SD aja tahu kalo Freeport McMoran itu milik AS Hei Faisal kalo bicara pake data bukan asal mangap;Hate Speech
Fuck pgn ngamuk babi pengen ninju tembok;Abusive Language
Semua emoji pun gua fuck Android before kitkat dengan laptop mana boleh buat emoji Heh babi;Abusive Language
happy new year mamirr terimakasih kembalii semangat nulis au nyaa we love youu sooo muchhh;Netral
to Terimakasih sudah hadir dikehidupanku menjadi teman aku senang setiap kali kamu ajak aku ngobrol nemenin aku dan main main walaupun kadang aku takut tiap kamu moody tapi aku senang happy new year aika;Netral
happy new year semuaa semoga wishlist yang udah kita buat tercapaaii semoga juga kita semua makin tambah rajin dan nilainya naikk dan buat kakak kakak angkatan dan semua keterima di kampus dan sekolah impian selamat udah berhasil survive guys lt;Netral
duhhh apaya aku suka bgt stuck di sesuatu yg menurutku udh nyaman enak memuaskan kaya bakal ngulangin itu terus sampe bosenhal baru lain yg lebih memuaskan;Netral
Wan Lisha aku fuck Babi;Abusive Language
Babi nye fuck you srsly;Abusive Language
dan resign juga sih menurutku supaya konsisten boicottnya soalnya u kerja pake microsoft u cari apa apa masih pake google pake laptop dell hp dan pake prosesor intel ayo resign kakak kakak dan jangan main hp bcs ur phone juga terafiliasi dan uninstall juga twtnya;Netral
shit penalty kampret lu niang tampang doang ganteng;Hate Speech
Ngeri RT Ada boyfie yang perangai mcm fuck sangat buat aku rasa nak fuck dubur dia pakai hidung babi;Abusive Language
Selamat pagi warga Engdonezia Aku sangat fast resp dan bisa buat yang in rush Cek Turnitin tampilan baru juga tampilan lama Cek iThenticate free req filter Cek AI ENGIND by Turnitin GPTZero dan iThenticate;Netral
Gak usah digubris org goblok dan paok spt ini Takutnya jd ikut idiot kita yg baca twitnya;Abusive Language
Kalo emg menangganti membawa perubahan baik gak apa apa sih kalo menurutku;Netral
nau nau happy new year sayangku thanks for doing your best in yaa selamat membuka lembaran baru anak baik be happy alw;Netral
like fuck really anjing berkentod emg;Abusive Language
Happy New Year Buat semua teman kakak dan adik onlineku selamat tahun baru semoga di tahun kita selalu sehat dan bisa melawatinya dengan kebahagian Sebelumnya aku mau bilang terimakasih banyak buat semua udh mau jd temanku dan ingat sm aku;Netral
stupid dan babi bende ni dkt tl kau KENAPA KAU BAWAK MASUK TL AKU;Abusive Language
i wanna play my game after bought em and this shit happened you know kontol Yep your launcher seems like kontol;Abusive Language
Selamat Tahun Baru Happy New Year Semoga tahun ini lebih baik dari tahun kemarin All the best;Netral
di sana masih pemilu ya mau ampe tahun kapan pun bakal tetep gue ungkit kalo lu voting a zionist war criminal amp nepobaby yang ngebangun dinasti negara;Hate Speech
Babi lah defend main fuck;Abusive Language
Bye huft its one hard bitch But aint slow down yet regret nothing move on Hello maju loe semua anjing hahahaha;Abusive Language
Makasih juga Oline Terimakasih sudah hadir dan menjadi salah satu kebahagiaanku selama Happy New Year dan Semoga Menjadi tahun yang membahagiakan untukmu;Netral
Fuck pln pake padam listrik Anjing;Hate Speech
happy new year moots terimakasih buat kalian yang udah bertahan sejauh ini semoga di tahun depan keinginan kalian bisa tercapai dan menjadi pribadi yang lebih baik lagiii pastinya;Netral
Happy new year dan terimakasih juga untuk tahun nya ya SunShine;Netral
FUCK YOUR FATHER ANJING AHAHAHHAHAHHAHAHAH;Hate Speech
Happy new year semoga tahun ini lebih bisa menghargai waktu Terimakasih tahun yang berlalu apapun yang terjadi kita semua hebat sudah bisa melewati tahun dengan segala ceritanya;Netral
eww fuck mango passion starbucks rasa minyak wangi babi;Abusive Language
Happy new year juga buat anak baik anak cantik nan baik hati El aamiin ayo kita ketemu lagi terimakasii banyak udah mau mutualan dan temenan sama aku ya makasi juga udah selalu update Keren banget El terimakasih kerja kerasnya sayang banget pokoknya;Netral
doneee kak happy new year aku mau yang kaya gini kak tipe HP ku vivoe terimakasih;Netral
Happy new year Terimakasih banyak buat orangorang yang selalu nguatin kasih semangat dan yang selalu ada apapun keadaannya Semoga lebih baik ya Ayo lebih semangat pasti bisa Jangan lupa berdoa dan berusaha juga;Netral
TMI hari ini tiba banyak banget ngomongin mx dan konco sama sobat sma yg mbb juga Lega bisa bilang kalau aku sayang konco ke orang sorry this might be weird Im just trying to embrace all these feelings;Netral
Damn just watch Ejen Ali Misi Juang and it gave me goosebumps yall tambah part Niki and The Crew gila babi;Abusive Language
STOP LABELING EVERY DAMN GOOD LOOKING ASIAN GUY AS A FAKBOY WOOYY CRINGE BGT BABI;Abusive Language
Iyakan kayak ortuanya di wish tuh ya mereka berdua menurutku;Netral
gw pilih prabowo gw bersedih atas kejadian yg menimpa bangsa ini my dearest nigga why the fuck u voted in the st place;Hate Speech
Terharu sih banyak bgt rintangannya tp aku bisa lewatin itu semuaaa Ga nyangka jugaa huhu Terimakasih Happy new yearlt;Netral
Im sorry to say punya pengalaman di rumah sakit itu kayak bengkel motor mereka gak bisa mengembalikan apa yg sudah rusak kalaupun harus ganti sparepart udah ga sebagus bawaan pabrik Mereka ga bisa sepenuhnya peduli dengan dirimu sendiri Jadi tolong terapkan pola hidup sehat;Netral
Happy new year buat anak hebat yg satu ini Ta terimakasih banyak atas kerja kerasnya yg luar biasa tahun ini terimakasih uda bertahan baru ketemu langsung sehari tp dirimu sangat baik amp welcome abis doa terbaik semoga tahun ini kamu banyak bahagianya ya;Netral
Selamat jalan selamat datang Tak terlalu banyak yang kuharapkan tahun ini sama seperti tahun kemarin berharap menjadi lebih baik kurusan banyak uang harta tahta wanita dan ikhlas melihat kamu bersamanya Happy New Year;Netral
I added a video to a playlist Sharifah Aini Sayang Musalmah amp Gunung Banang;Netral
Aku juga capek To be someone who radiate the happiness capek terus pas dirumahnya gaada senyumnya I have an aura Thats make everyone not uncomfortable and scared when I get moody or mad to something Jadi gaada yg berani ngajak ngomong Padahal aku perlu di tanya r u ok;Netral
fuck you noel serius gue benci banget sama lu anjing;Hate Speech
nyesel bgt kenapa gue dlu drama bgt pdhl dia udah sesabar itu mau dengerin sambatan gue why im so stupid knapa gue takut meet up sih hah coba gue ga takut meet up pasti skrg gue gakan nangis kek bgini fak lah anjing;Abusive Language
Wkwkwk ya kalau ga banyak makan bakwan ga tolol kaya lu si ini mah karna lu kebanyakan makan bakwan pagi siang sore mangkanya idiot bukan tolol lagi wkwkwk;Hate Speech
ah shit goblok bgt si gue;Abusive Language
Kau ni mcm babi laaaaaaaaaaabhahahahaahahha fuck y shdjwhsunsvsjsbs aabdjeshgskw;Abusive Language
HAPPY NEW YEAR SELAMAT TAHUN BARU SEMUAAAA oke ngantuk saatnya bobok;Netral
Fuck life asuuu Muak lama lama sama hidup sendiri Setaun anjing kenapa lo nggak mau minggat dari idup gue senyaman itu kah lo sama diri gue;Hate Speech
udah GILA anjg BABI astaga Tuhan tapi SHIT HELL IS THE BEST PLACE FOR U BOTH disgusting mau kata yang disensor sama ISTRI SAH ngapain harus IZIN SAMA LU KOCAK pemilik dunia lu udah GILA;Hate Speech
lee dong hyuk trima kasih buat tahun ini salut bgt sama kamu ga prnh lelah and kuatt banget tahun ini you really work hard always be czennie full sun and mood maker ya haechan we are all proud to you you did well love czennie;Netral
Cuma langgar kesehatan Jelas itu mewakili karakter idiot kelompokmu Orang goblok akut memang nekat Mubazir hidupnya;Hate Speech
Anjg bgt punya temen ngegas muluuuuuu anjg bgt gue tau gue lemot tapi biasa ajaa anjg gue maluuu di denger org dikira kita ribut mulu anjg bgt jdi org babi dasar fuck;Hate Speech
tapi emang benersih menurut gue priviledge kids and people in general masih ada yang speak up ignorance is surely a thing that hold some of them back apa coba gamau ngurus ah ga ngaruh di gue juga wait until it does ajg;Netral
Apa katakata favoritmu La mboh Oh hee deng Opo yo hee hiss Nggilani E Jijik i ndis Tolol ok Idiot ik;Abusive Language
Dedy Corbuzier said TOLOL FUCK TC CANDLER;Abusive Language
I think I would make it my life mission buat ngeracunin orang supaya nontonbaca karya yang menurutku keren;Netral
Dapet pengalaman baru ngebolang sendiri ke belitung dan research internship di jepang ketemu banyak orang baru yang asyik dan baik pelanpelan berdamai dengan hidupku yang udah hancur lebur ga bersisa lulus S But hey I survived Walau tahun ini masih nyari kerjaan ya;Netral
Happy sayang nya aku Thanks to years with nctzen makasih u km yg selalu ada dan berusaha keras slama ini u did well until now stay healthy ya alwys be markeulee amp i hope u alwys more be happy i love u amp i miss u baby lion;Netral
army gajelas bgt anjing semuanya di claim like yall chill a fuck bit pls;Hate Speech
ANJING WIFI BEGO UDAH BERKALI KALI MATI FUCK;Hate Speech
happy new year sha sayang inshaAllah nnti kita set nk gi concert enha sesama okiee anyways selamat berdua puluh tahun dah boleh kawin ngan jay;Netral
damn i missed exo perfomace at the ceremony babi btul la;Abusive Language
lo itu anjing bin bangsat;Abusive Language
Emang situ punyawkwk idiot Iya dh emng papua doang tolol ga pnya otak ewww;Hate Speech
Ada tuh tmn gw yang ngomong seru dah ngeliatin demo SERU THE FFFF Go fuck yourself lah;Hate Speech
gaada yg namanya kesempatan kedua buat manusia yg uda buat ibu gue sakit hati ya anjing eat ur karma as well bitch;Hate Speech
WKWKWKW apasih tolol orang bahas Madrid Barca malah ke Portugal idiot IQ;Hate Speech
Fuck kena jogg je la lepas ni Babi babi babi Aku takleh terima sial;Abusive Language
yang paling penting itu menurutku dia harus mengerti sih mengerti menjalankan hubungan itu harus gimana;Netral
Bang uda bang gosong ini lama lama Btw selamat pagi Semangat weekend semua;Netral
fuck lah sial kau nak keluar tu keluar jelah anjing takyah matikan kipas aku bodoh;Abusive Language
happy new year warga wib semoga tahun ini diperlancar lagi urusannya dan selamat turu;Netral
But still again dengan SDM rendah seperti itu in power what the fuck can we expect Skrg kita cuma bisa lawan dengan baik dan benar Sampe tuntas No miss no blunder apalagi alay tolol komen gajelas malah fueling bajingan ini buat nyalahin kita;Hate Speech
Happy new year Selamat tahun baru Selamat datang Januari;Netral
HAPPY NEW YEAR MARI MEMBUAT LEMBARAN BARU LAGI YANG LEBIH BAIK DARI TAHUN SEBELUMNYA SELAMAT TAHUN BARU UNTUK SEMUA MUTUAL SAYA;Netral
Untuk kapal yang aku jalani sudah pasti ada beberapa seperti SunWoo x ChaeWon LeeHan x Liz dan masih banyak lagi karena menurutku mereka tipikal pasangan yang sedikit menggebugebu tapi terasa asyik jika dijalani cara mereka mencintai;Netral
IYA SAYANG KAMU YANG BAIK YAAAA SELAMAT TAHUN BARU JUGA HAPPY NEW YEARlt;Netral
fuck babi penipu;Abusive Language
Tementemen selamat tahun baru Terima kasih sudah kuat melewati senang sedih kecewa hancur kecewa dan lainnya dengan baik Semoga tahun jadi tahun yg lebih baik ayo kita jalanin lagi samasama Happy new year everyone;Netral
babi iffa the rmover berani ah kalau remove aku aku ckp dgn sarah nnti fuck u iffa;Abusive Language
Told ya shes pretty af Look at that last pic How can you have both messy hair and still look that damn pretty Gosh that is filthy pretty bodoh babi Johnny Depp Dale Denton pun bodoh ah;Abusive Language
stupid goblok tolol peler admin ini tahun berp wkwkwk;Abusive Language
Menurutku udh bener gini sih Apalagi budgetnya jg udh dipangkas banyak Setidaknya masih ada flashlight sama handbanner bentuk puzzle piece;Netral
Emangnya lu siape tooonnngggCuma bagian dari gerombolan KAMPRET IDIOT doank;Hate Speech
Closing with the memory of closing Fuck Babi emang mujib;Abusive Language
Kau buat aku ceni kau senang senang fuck org mcm kau babi;Abusive Language
for fuck sake iklan sosis s nice yg baru annoying bANGET BABI;Abusive Language
Im not trying to be rude Tapi gue capek gitu loh Kalo dibilang gue gak bisa kasih saran ttg masalah lo ya gue gak bisa Jangan maksa gitu Pake ngatain gue pelit segala lah anjir Ngasih saran tuh gak segampang itu gue perlu paham juga masalah utama lo apa;Netral
ada yang minat pijat barangkali aku pengalaman di spa T goodlook dikit;Netral
happy new year ctku Pat terimakasih udah luangin waktu buat spacerdeul di tahun ini maaf kalau selama aku di space masih banyak kurangnya sehat selalu ya nPat xoxo;Netral
bodo kbs and sbs did shitty to apink now mbc stupid kesian jaehwan babi;Abusive Language
so fcking stupid RT Hahaha babi ini lawak celaka;Abusive Language
i luv u babi im shitty I didnt fuck wen u was here;Abusive Language
I am angry goblok bukan I angry ngmg inggris aja ga becus wkwk idiot dsr lu item;Hate Speech
SO STUPID kalian sendiri yang bikin mindset begitu aduh sumpah toxictolol bgt ga nahan;Hate Speech
Bukak puasa mkn shit anjing heheheh;Abusive Language
beauty exfo toner avoskin mrt ada yg ukuran kecil gt gak sih Aku pgn cobain tp takut ga cocok kan sayang kl be li full size btw st aku normal to dry;Netral
Lanciao babi fuck wifi UIA;Abusive Language
Sial tak sampai lagi seminggu duduk rumah si anjing dah hantar gambo retarded bitch yang family suka menyalak tu kat aku AHAHAHAHAHAHAHAHA;Abusive Language
kimak pukimak sial pukimak kimak mak pukimak pukimak fuck kimak ah sial babi;Abusive Language
Happy new year all tapi telat menit Terimakasih pada siapapun yang pernah memberi warna memberi arti ataupun datang sebagai peran dalam kisah di tahun ini Semoga jadi lebih baik lebih tentram dan lebih indah atas pengukiran kisah dari Nya;Netral
pengalaman pribadi ya fren;Netral
disgusting as fuck sial babi bole tak laki semua mampus;Abusive Language
Bonek ini goblok apa y Konvoi gak jelas Ntar lek harga bbm naik demo anarki IDIOT;Hate Speech
Shit I met a lot of old friends at kyo shout out to haziq liam Danial Alyssa Maria and Dalia babi semua tak ajak;Abusive Language
GAK ANJING GAK BISAA SEMUA NYA NGENTOT TOLOL ANJING BANGSAT IDIOT AAAHHSHGGGG BABII LO SEMUA;Hate Speech
Happy New Year Semoga di tahun ini menjadi tahun yang penuh berkah bagi kita semua termasuk izna Dan semoga di tahun ini akan menjadi tahun dimulainya perjalanan izna menuju kesuksesan Selamat tahun baru;Netral
Babi how the fuck boleh naik tweet lama takleh stop gelak;Abusive Language
SDM bodoh idiot tolol dungu kampungan;Hate Speech
makasih tet janii yang gak pernah bosen nyapa duluan di dm yang kasih support tanpa diminta and happy new year jugaa maaf ya kalau jeje suka slr dan jarang on dm I hope u always happy teh anjanii Semoga nanti banyak hal baiknya yaa;Netral
saw my angkatan mate now a cops insta story just now and i must say bros playing victim final boss because what the fuck is this iya ini template tapi ya ampun lu mikir ga sih kenapa orang berduka atas kematian affan tapi not so much atas bapak itu;Hate Speech
Aku bagi nasihat amp try protect kau last last kau sendiri letakkan diri kau dalam masalah tu Memang babi Buat aku macam useless as fuck;Hate Speech
The fuck sial budak ni libatkan punk sial anjing pukul jom pek;Abusive Language
Kata gua mah jangan lupa sama target awalnya siapa deh Yup yg salah harus diadili tapi please dont cover your hands with bloods Buat mereka tidak nyaman buat yg bertanggung jawab tidak nyaman Kalau konfliknya jadi horizontal dan asal serang yg atas mah tetep enak plesiran;Netral
Bangsat kasut onitsuka aq hilang Babi btol kali kedua ni Fuck;Abusive Language
Mau jadi orang yah orang mau jadi anjing yah anjing orang kok kelakuannya mirip anjing;Abusive Language
untuk diadakan persidangan ini dan melantik Encik Dykes Penyelia Lombong bagi negeri Selangor dan Negeri Sembilan sebagai Setiausaha Persidangan Ahliahli rasmi persidangan ini adalah mereka yang mempunyai pengalaman dalam perlombongan di Tanah MelayuAhliahli Tidak Rasmi;Netral
Ga goyang gua anjing Bitch;Abusive Language
Pas pandemi itu aku posisi nganggur tapi buka usaha jualan hijab dan rame disitu bingung juga sih orang beli hijab mau kemana tapi ya namanya rezeki menurutku lebih susah cari kerja sekarang sih soalnya daya beli menurun jadi perekrutan staff juga menurun;Netral
Instansimu ini ga belajar ga bisa baca atau BUTA Ga belajar dr Kanjuruhan Emg kalian tuh cuma alat pemerintah doang fuck the police;Hate Speech
Taun baru kali ini anjing fuck Hapy new hell;Abusive Language
klub tertolol di dunia kontol goblok idiot;Hate Speech
happy new year buat aku dan kita semua semoga kita menjadi pribadi yang lebih baikk lagiii dan terimakasih untuk untuk segala kenangannya;Netral
Fuck lah jammed macam anjing;Abusive Language
Get your shit together Fatin kalau dok buat kerja speed siput babi mcm ni mmg tak siap la cita dia;Abusive Language
Hahahahahaha ni kes main look around ni hahahahaha fuck rosak babi timeline aku hahahaha;Abusive Language
aku pun melayu babi tapi apa sial nya alasan aku tengok kpop pun dah nyampah the fuck bro nak cakap plastic bagai eh bodoh tu kalau boleh tak nak simpan sikit kan muka kau tu plastik sampah lagi molek tau eh geram aku babi nya perangai narrow minded as fuck;Hate Speech
Emang kampret tuh bapak maen bolanya Kaki gua di embat ajah Bengkak FUCK;Hate Speech
A ngumpat B B ngumpat A A jalan dgn C then jumpa B C tanya siapa A amp B serentak jawab BESTFRIEND Dua dua LYING BITCH Anjing;Abusive Language
khawatir dengan keadaan kalian Kalian tetap menjadi penyemangat dan tanpa lelah memberikan yang terbaik untuk kita semua Im proud to be your fans;Netral
This kafir Fuck ataturk;Hate Speech
Apa babi ref ni stupid decision;Abusive Language
Halo mora kita udah mutualan dari akun aku yg ke suspend ya thank u moraa iya kita jd jarang berinteraksi lagi tweet kita jarang lewat teel masing pasti nih Sekali lagi thank you i hope your prayers for me will be answered and turned to yourself lets interact again;Netral
first episode aku pun mcm nk surrender sbb serabut tgk next nye fuck diww ep babi siaaa sape master dlm game tuh amp secretary dia dh mati sbb main game tu shittt x sabarrrr ep;Abusive Language
Apakah wajar kalo temen baru kenal minggu cowo bilang kita pretty Is he just trying to be a friendly person or he literally mean it Apakah dia beneran muji kita atau cuma basa basi aja Btw ini Cantik kan bukan dari segi fisik Bisa aja yg lain;Netral
When you are high AF that shit stops to make sense;Abusive Language
Happy new year ka tsuki Semoga kita selalu disertai dengan hal baik Terimakasih banyak atas tulisan kk yg sangat informatif ttg kevin yang membuka cakrawala kita semua;Netral
bener ziu noona pengalaman banget ya ini;Netral
fuck la babi harini;Abusive Language
ANJGGGG LIAT TANGANNYA BENERAN ANJING KEITH ANJING BABI LO IDIOT;Abusive Language
Pada anjing emg Gliran gw butuh pada ga adalu monyet Fuck;Abusive Language
Buat semua yg udah ikutan paper greeting di aku makasih banyak yaa seneng banget kalian pd suka hasilnya smg greeting kalian terkabul see u next event guys happy holiday amp happy new year;Netral
Wkakwkka Kota yg penghasilan nya dari wisatawan bilang fuck wisatawan Kok goblok;Hate Speech
Happy new year syg Terimakasih buat kerjakerasnya di semoga semakin banyak hal baik yg datang buat kamu semoga makin bnyk jg kesempatan buat ketemu Lancarlancar dan bahagia dan sukses selalu buat nya Gre Aamiin;Netral
Aku dah simpan bendani lama dah cuma aku malu Aku takut nak bagitau hmm Tapi srs sumpah Aku tak tipu bab bab perasaan ni You Dengar sini Sbenarnya i bukan nak tipu you To be honest I srs lapar ni hmmm sumpah tak tipu;Netral
Yes because you came at my fucking neck because I was trying to settle this shit;Abusive Language
Little bitch Fuck Anjing;Abusive Language
Aku sayang kamu sayang aku tak bisa bantu gambaran umum stay safe mode serius trus d UG jl Imogiri Bantul Yogyakarta di Bali kan ono hawaiian bbq sauce and a half hours to get to the bottom of this email and I will be there at least bisa bantu gambaran umum stay safe and Yeah;Netral
Pede aja kusebut bodoh soalnya dibilang berprestasi aja ngga Makanya menurutku sebuah keadilan untuk semua manusia itu ketika ia tak memandang sesuatu bahkan dari segi akses Mungkin orang bilang beasiswa tapi kalo ngga buat mereka yang bener bener miskin;Netral
Berarti anda nda bisa baca goblok tolol dungu idiot otak terbalik jelas tulisan nya tapi gak bisa bacanya;Hate Speech
fuck oknum unras yg rusak fasum sekitaran jalan ayani hari ini thats not the fucking point balek ndak kitak;Hate Speech
Gi mampus lah Sumpah tak tahan bodoh kerja dkt sini Kerja banyak babi Tp gaji still underpaid Fuck you lah;Abusive Language
please be nice to yourself ibu sama bapak mungkin kelihatannya keras dan gak sayang mas dan mba mungkin blm ngerti banyak hal banyak beribadah stay out of trouble and i love you dear myself hug;Netral
Fuck im happy cuz not crying for one weeks but why now im cry Anjing lah;Abusive Language
Happy New Year Temantra Selamat mengawali tahun baru ini dengan semangat baru dan senyuman ya;Netral
Iya menurutku juga cocok sama bold dan berani Kalau youngrye yg lembut dan pekerja keras butuh cowok yg fun kaya sangcheol atau temen kakaknya;Netral
OtsuLovi and happy new year lovii Maaf gak bisa nonton pas form ku di bacain pas balik udah end aja Terimakasih nilai nya Lovi;Netral
Babi punya fendy I thought u ll stop your stupid games with me already;Abusive Language
ntah apa yg ada di otak gua shit asli goblok banget TOLOL;Abusive Language
Damn wavy shi;Abusive Language
HAPPY BIRTHDAY to anak bungsuku Wish u a healthy wealthy life semoga rejeki kesehatan kepintaran dan keberuntungan mengalir selalu di tiap langkahmu ya nak Selamat menikmati New York Cheesecake segede gaban sendirian Karena dirayain di skul hari Senin jd gini aja ya;Netral
Byeolz baikbaik woyyy jujur gue sangat suka sama fandom ini Tapi kena mulu deh ga cuma geonwoonya ajah Jujur gue lihatlihat emang geonwoo sefansnya public enemy banget Jadi byeolz beneran pengalaman berharga buat gue di tengah hiruk pikuk kehidupan ketambahan pening;Netral
Bangsat mu jeg ika Oh damn;Abusive Language
ngewe demen hamil ngatain bitch goblok;Hate Speech
HAPPY NEW YEAR TERIMA KASIH KENANGAN INDAH DI TAHUN KAMU PASTI SELALU AQ INGAT SELAMAT DATANG TAHUN SEMOGA DI TAHUN KAMU LEBIH BAIK DARI TAHUN SEMOGA DI TAHUN KEBAIKAN DAN KEBAHAGIAAN DAN REZEKI SELALU DI LANCARKAN ALLAH SWT;Netral
Anjing babi bangsat FUCK WITH LOVE NGEHE;Abusive Language
selamat tanggal januari semuanya semoga di tahun ini aku kamu kita dan kalian semuanya dilimpahkan kebahagiaan dan rejeki yang lebih baik daripada tahun kemarin happy new year;Netral
Bangsattttt Hape ilang Babi nih yang ngambil hape sejuta umat masih aja diambil Di telfon ga di angkat di sms bales Maling idiot;Abusive Language
Cibai tahun jaa Wey membe aku sorang dua kali raya dh kat dalam tk tau apa jadi Babi betul double standard ni Fuck;Abusive Language
pernah gaksih u dibilang cantik bangett sama robot bumblebee di rest area tol YES I DID;Netral
Eh tai lu klo gk suka mah ngomong aja jan bisanya ngadu ke a lu pikir gue takut Gue gk pernah takut sama lo Bocah anjing FUCK;Hate Speech
Kampret idiot permanen;Abusive Language
DUHHHHH orang kalau udah bucin kenapa jadi tolol sih if love make me irrational and stupid i wont fall in love deh;Abusive Language
anjing stupid team Thailand dog;Hate Speech
kecil tapi sangat signifikan deodoran tawas anjing baru mulai pake taun ini that shit is a magic potion i swear;Abusive Language
fuck gengsi anjing;Abusive Language
akuu kakkk ada pengalaman di retail gbisa dm kak;Netral
Happy New Year Oshikuuu satu satunyaaa Ehh salahhh Selamat tahun baru oshiku satu satunyaaa;Netral
Harus coba dulu sih elu enjoy mana but it is okay to be unsure lu gak harus mengkotak diri dalam suatu role kok Sayang aja kalau dapet yang oke tapi rolenya samaan kec Vers;Netral
Dulu yak gw kira jt itu udah gede loh tp anjing skrg ga berasa apa cok Inflation is a bitch Apa sekarang mahal gila;Hate Speech
cantik nya interior dia congrats u guysss;Netral
Sundel bangsat Fuck;Abusive Language
fuck anjing im scared;Abusive Language
Stop lah bilang begini Gendut emang ngga sehat tapi kata lo kasar bgt anjing Lo nyemangatin orang emang begitukah Diri lo sendiri ga ngerasa bersalah gitu abis ngetweet gini Fuck you bitch Go fuck yourself;Hate Speech
tapi menurutku lebih apa ya duh gak bisa dijelasin itu font kaya udah nunjukin seberapa edannya lagunya;Netral
Zionis pekok idiot jancuk bangsat;Hate Speech
fuck u stupid motherfucker fucking bangsa yg bangsatu can go to fucking hellfuck u stupid hoe;Hate Speech
Fuck Im obsessed with Rizulala like wtf aku terhibur tengok live dia lmfao Dia ramas tetek rmk dia tu sambil ckp licak sama sedap HAHAHHAA BABI;Abusive Language
plus aku sayang generasi aku akan datang If ada rezeki aku ada anak i dont want them to be like that Aku taknak dorang membesar dgn contoh tak baik Ive been experienced it Its hurt you knowww;Netral
Punya bacaan byler ao tapi will nya jadi bad boy terus mike nya stubborn as fuck jadi mereka enemies gitu anjing tapi semalem aku ketiduran tai Setiap ada schedule baca AO ketiduran terus kontol kesel deh bacaanku numpuk di bookmark sampe bacaan tolol bgt;Abusive Language
Rintik rindu instrumental Happy New Year buat semua yg bahas Selamat Bismillah BTS PAVED THE WAY Welcome Hepi Happy Rabu Udah HAPPY BTS YEAR Mengawali Hope Cheers to LazadaSale Udah Mulai Starting New York;Netral
ares im SO HAPPY to know you ares kamu baik banget aku yakin deh banyak hal baik nunggu ares sayang jangan lupain aku i love you so much be happy ya bb you deserve it so much;Netral
gemes deh sm org yg blm pernah kerja sm gue gatau work ethic gue kyk gmn trs tbtb ngomong makanya jd cewe tuh kayak regina cari cowo yg kaya AS IF gue goblok bgt gangerti cara kerja padahal cowo gue yg selalu nyantai gue yg kerja mulu bless their stupid little brain;Abusive Language
fuck mal nak jauh babi typo;Abusive Language
orang yang membalas story instagram si mbaknya tolol abis jelas sekali itu adalah misogyny dan sexual harassment bisabisanya mewajarkan tragedi yang terjadi di luar kendali si korban dengan alasan karena pakaian yang dikenakannya fuck;Hate Speech
and hari ini kuliahnya jadi cuma jam dipadetin karena demo fuck the govt;Hate Speech
source music anjing fuck u never touch my gilrs again;Hate Speech
AH FUCK NI LAWAK PALING BABI SIAL;Abusive Language
demi Allah yg turun ke jalan u guys hebat bgt bgt bgt i love u all ini gw aj yg hanya mendengar berita lewat twt ig story energi gw udh kekuras bgt like fuck the government coy;Hate Speech
Alhamdulillah terimakasih aku udh sekuat ini ternyata Janji ya bakal terus dan akan selalu kuat janji juga ibadahnya ga bolong bolong lagi Happy new year Ive closed the book and ready to fill out a new sheet bismillah;Netral
goblok asu pan setan bajingan kntl babi mki taik tolol sarap seenthing congok dongo kere asshole brengsek pusi akahahqkaboshskqiah nggarai emosi babiii;Abusive Language
Goblok banget susah bgt padahal kampanye kondom untuk mengurangi kehamilan diluar nikah sama penyakit kelamin ini malah disita what an idiot;Hate Speech
Hello risa What happened to you Please dont be like that banyak yg sayang sama kamu kok Allah sayang sama kamu apapun yg terjadi jangan nyakitin diri sendiri be strong kalo butuh bantuan bisa hubungin aku;Netral
every single person in this universe deserve to be loved and happy period jangan ragukan dirimu sendiri hey kalo kamu merasa you dont worthy enough to be loved salah banget nih ada aku namaku agnesia aku sayang sama kamu jangan mikir jelek lagi ah ngambek nih gue;Netral
Untuk Happy new year untuk adekku yg cantik inii makasi yaa udah mau jadi orang baik dan penyabar sampai sekarang aku bangga punya adek sekaligus temen kaya kamu Tahun nanti kamu harus lebih bahagia yaa kita bahagia bareng bareng lov u canciii;Netral
Kampret ujian bulan iki tanggal piro Me akhir tahun Kampret lha kowe oleh sek jam piro Me shit Kampret;Abusive Language
yunaa sayang i m sorry to hear that semoga amal ibadah beliau di terima di sisinya take your time as much as you need sending u tons of prayers for you amp your adek to be strong sehat selalu untuk kalian berdua i love you sm yuna semangat juga untuk kelas nya yah sayang;Netral
Damn cb sial ni budak bodoh Senior kau tolong kau abeh prangai mcm anjing kurap maseh nak indirect post Mak kau lah sial Budak hingus;Abusive Language
Sudah bukan tempatku semakin kesini semakin imut ajasih wkwkw jadi ngerasa ini bukan tempat yang dulu aku kenal yang menjadi tempat singgah dan berkeluh kesah tapi to be honest aku sayang kalian kok hehe;Netral
Malem minggu terakhir di Cuma pengen bilang Bangsat lo Mewujudkan mimpi sekaligus menghancurkannya Damn;Hate Speech
Fuck you anjing bodo amat dah;Hate Speech
Paansi tolol lu tau sistem AI bikin gambar ga Buzzer idiot;Hate Speech
To our moon I wish you always be happy panjang umur selalu di beri kesehatan kamu orang baik sayang jadi aku harap semua orang di sekeliling mu juga orang baik semua and thanks for your gift itu lagu yg sangat bagus jin i love you;Netral
Gue gamau makan lah anjing fuck semuanya;Abusive Language
Keluarga Tolol Anak cewek nya super tolol Ibunya Tolol Idiot tingkat Akut ini mah Efek dari NEGARA Miskin;Hate Speech
What the fuck Bangga karena mukulin masyarakat Bangga karena ngelindes ojol sampe meninggal Bangga karena ada anggota nya yang jadi pembunuh Bangga karena jadi anjing yang menggonggong buat tuannya dan mengesampingkan rasa empati Itu value yang dia banggain harusnya MALU;Hate Speech
to hii ellen tau gue siapa gatau dah hmm be happy ya tetep jadi diri lo sendiri yg gue kenal gue sayang lo banget kalau ada masalah bisa dm gue cerita ke gue jangan di pendem sendiri i love you so matcha;Netral
baru jam tapi udah galau lagi alias ngentot fuck you anjing bangsattt;Abusive Language
Tiap tiap malam mesti mental down dengan hang Anjing betul hang ni Fuck tang dai;Abusive Language
hi nop makasih yaa makasih udah bertahan sejauh ini let me tell you one thing youre precious Istirahat nop its okay not to be okay kalo Lo capek take a rest and eat some delicious food Semangat yaaa you deserve much love;Netral
SAYANG KEIII iya love trims jga yh dh sempetin buat on di gdm kalo sibuk gapapa padahal glad to know u kei be happy;Netral
Anjing bangsat Capek tai Fuck;Abusive Language
Serious kali ni fuck fantasy babi nakram ale uto;Abusive Language
to I hv crush on u liaa Tebak q sp xixi Jaga kesehatanmu jgn lupa makan and istirahat Kl km lagi ga mood tidur ajh deh kl ga cover dance sesukamu Oh iyh be happy cantik;Netral
Yea that bandersnatch ting is shit;Abusive Language
terimakasih kembali makasi udaah jadi good person selama ini i appreciate that sehat selalu dan semoga diberikan kekuatan untuk menghadapi tahun yang baru ini happy new year lov;Netral
WEIRDO IDIOT RT BEGO GOBLOK BANGET YURI GOBLOK;Hate Speech
BISA GA SIH ANJING FIRSTMEDIA BUAT SEHARI GA ISENG MATIIN INTERNET ORANG GOBLOK ANJING IDIOT;Hate Speech
menurutku yona ga seru anjrit akwkakakkaka yona nya pmo walau udah eps sih TAPI MENYESALL kembalikan waktu gwh;Netral
menurutku klo dmin lebih ngerasa deket aja krn aku gk dm semua orang dan yg manjang jd prefer klo berjulid ya di dm aja lah;Netral
fuck la stalkerjgn kacau hidup aq babi;Hate Speech
hahaha cam clake tau x hahha bangang siaaa babi ape la esaimen plak malas shit mcm haram hahahahaha;Abusive Language
Our president is killer he orders soldier to against civilian his own country people Crazy man Terus kemarin pas pemilu dia pikir dapet suara darimana CIK GAK DUWE UTEK;Hate Speech
to be honest coach saya gunners dr dlu tapi skrg saya bosan krn tidak ada permainan cantik wall passing seperti jaman creative midfield kek cazorla rosicky dan fullback perannya dapet pasing umpan balik belakang lagi So Muter ajaa;Netral
Sakit hati lh babi bodoh shit;Abusive Language
eh ini sendernya siapasih keluar dong anjing psikopat beneran ya lu bunuh kucing for no reason fuck you sender i hope u get ZERO peace from now on;Hate Speech
READ THIS PLEASE SELAMATKAN INDONESIA Takut pulang kwitang aman stay safe kapolri dpr ri pondok gede brimob balik petrus indonesia dprd rumah eko patrio uya kuya ahmad sahroni prabowo gibran polri polisi mahasiswa kapolri reset indonesia mundur tiktok live presiden;Hate Speech
banyak anak banyak rejeki tai kucing gausah berpegang sama omongan kayak gitu kalo lo ga sanggup punya banyak anjing use protection or some shit;Hate Speech
Kak Caci u nda mau jadi ba scenery aja kah cantik amay weh scenery buatan kaka;Netral
dasar kampret idiotkebanyakan makan taik kau fadli zonk bangsatbencana kok dikaitkan sm rezimda gila kau yawkwkw;Hate Speech
these bitches is lame like lame as fuck jangan sok seru ya anjing;Abusive Language
but fr naik pesawat is the scariest shit kalo pilot lo rencanain bunuh diri diatas pesawat gimana anjing;Abusive Language
lonte death threat mati muda tolol dungu idiot Bayi stunting Dongo;Hate Speech
I see demo damai minim mahasiswa demo rusuh banyak mahasiswa;Netral
Take a number Bitch;Abusive Language
HAPPY NEW YEAR SEMUAAA Terimakasih Selamat Datang Baik baik sama aku yaaaaa;Netral
Benar tolol tau ngga arti desak Anies Oh My God very very stupid itu bukan acara desak Anies percuma di terangkan dongok tonton vidio yang lengkap dan utuh itu sepotong sepotong vidio nya Oh my God Oh my God;Hate Speech
Padahal kalau punya otak dan bisa baca buat orang yg merasa Anies terlalu idealis atau visinya terlalu drastis Ganjar is a perfect more balanced alternative yg jadi pesaing sehat di pemilu;Netral
Aku tak pernah nak gurau bodoh macam tu Dah la kawan rapat pastu buat perangai Aku tak pernah buat kat kau sampai tahap macamtu Gurau melampau Bodoh la sial Elok aku datang muka ceria Balik muka macam babi Fuck lah kawan camni;Abusive Language
nampak sangat bodoh bila teguran yang elok kau bahasakan this shit ingatkan orang kafir rupanya ada muhammad dalam nama;Hate Speech
first impression oh tipenya bedboi y lirik banri ama gaku hah u are my bucin banri amp mobage friend to be honest roki apaka tidak lelah menafkahi banri what i like abt u dedikasimu terhadap yth banri should u post this too bebass;Netral
sakusa dalam hati be like HAH ANJIR SERIUS NI ANAK PENGEN GUA PUKUL TAPI GUA SAYANG BANGET SAMA DIA ARGHHH BANGSATTT gue suka liat omi trying so hard to make atsumu falling in love with him;Netral
Fuck off la sedang sibuk baik takyah ada customer service babi;Abusive Language
Apalah anjing masih jilat pantat Jokowir masih aja jualan rakyat biasa biasa apa Biasa korupsi Biasa Kolusi Biasa Nepotisme Semua jokowir dan pendukungnya Jancok Pital koe you bitch;Hate Speech
Aplg di S dikasih gambaran sunrok tp di mukanya ga di ksh lihat jd makin pgn dibikin snya Untung jaewon yg peranin menurutku cocok dr segi visualnya Dulu berharap bws sih tp udh ambil daegun buin duluan;Netral
mjb kalo yg dulu menurutku bagus kayak Yuusha Yoshihiko Gintama Aoi Honou Kyou kara Ore wa Mr Nietzsche Beliau juga nulis days of battle Us of Police yg menurutku kocak bgt Kalo karya yg baru ntah kenapa berasa garing;Netral
Sn tiket future bagus semua menurutku soalnya beli pas weverse semua;Netral
ROB THE BURNING HOUSE Ini ajaran Prabocor Kemana arahnya Siapa aktor intelektualnya Terkoordinasi Rumah Sahroni Uya Kuya Eko Patrio Sri Mulyani Puan Maharani Semua dijarah dan aparat seperti membiarkannya Pulang DPR RI Bintaro Kwitang;Hate Speech
Kaya mereka bekerja mati matian pun gabakal dapet akses pendidikan itu maka menurutku boleh Tapi untuk sebuah percepatan yang sebenarnya bisa ya ga adil menurutku Karena sebuah keadilan tak memandang apapun Untuk sebuah alokasi bullshit bahkan Ga worth it sama skali;Netral
Yahh napa Lo bawa bawa agama GOBLOK Ibu itu emang salah TAPI hastag Lu Nyudutin Umat Muslim mana Vdeo nya Colongan Lagi Fuck Provokator;Hate Speech
Manusia tolol yang cuma giring opini negatif disambut orang orang dusun pasukan sakit hati FUCK YOU JAGOAN KEYBOARD NAJIS;Abusive Language
Kalau nggak fun I wont be talking to you sayang;Netral
Fuck kau boleh diam tak babi;Hate Speech
baca ini ya kontol fuck gemay gemoy kesehatan itu penting;Abusive Language
Selamat mengulang bulan teteh dan pasangan Happy new year;Netral
SHARE sebanyaknya menurut dia lucu kali ya pujianibadah dibuat becandaan sambil ada backsound org ketawa MAU KREATIF TAPI TOLOL IDIOT mudahan viral muka lo biar masuk tv;Hate Speech
who the fuck is that sial Pahal nak gadoh kat ask fm buat face to face Babi sial tau penakut je;Abusive Language
Mw donk nyodok memek km fuck me all night long;Abusive Language
sumpah fuck la apahal lembab babi ni;Abusive Language
HAPPY NEW YEAR KALIAN im so sorry aku ga hype kalian sebanyak dulu jarang on jg di acc ini masii suka keteteran bagi waktu tp beneran sayang kalian bgt bgt bgt luv u lets have a better year;Netral
babi di sini u asshole;Abusive Language
CW harsword klo lgi bercanda dikatain bodoh oon tolol idiot goblok dkk itu kek feel biasany enjoy life tp klo lgi serius even dichat dibilang tolol lngsng ciut ovt lemah tak bertulang;Abusive Language
bukannya yg pendatang kafir ya yg awalnya ngungsi tiba tiba gatau diri tau gitu tuh yahud dimusnahin aja ama hitler wkwkwk yahudi pinter gak kaya kaum domba tersesat yang tolol tolol idiot jilat terus kaki yahudi;Hate Speech
NO WAY ANJIRRRRR TAI BABI NGEPET TOLOL IDIOT STUPID NERD SILY JERK FUCKING SHIT THIS SO PISS ME OFF BITCHES TAI BABI ASDFGHJK;Abusive Language
temenannya bisa lama berdasarkan pengalaman sy yg udah cape berantem mulu sm tmen;Netral
May All Your Dreams and Wishes Come True and May Prosperity Touch Your Feet Wishing You a Happy New Year Selamat Tahun Baru Semoga di tahun yang baru ini menjadi berkah bagi kita semua;Netral
Yang namanya bangsat mah ya tetep bangsat Fuck;Abusive Language
KAK ICHAAA i always grateful to know you too makasih udah mau temenan sama ratu dari jaman kita bikin konser ginjal sampe sekarang sayang kak icha banyak banyakk LETS BE FRIEND FOR A LONG TIME ILYSM;Netral
To be honest gua jadi kangen masa masa pdx deh yang kangen bener bener kangen Mau rigged vote apa engga gua tetep sayang sama anak anak pdx pas x d word pun nangis nya kek apa gua wkwk;Netral
I feel so happy as I got my family here And to be more specific team Sayang korang semua Ketahuilah wahai siti nordiana bhw kamu mempunyai byk tulang belakang di sini walaupun tak semua mampu muncul di hadapan mu;Netral
Lihat couple di pinggir jalan tiup tiup trompet gw Gandeng Anjing Mereka malah gandengan Shit Bikin cemburu;Abusive Language
Dalam rangka aku sayang bnget sama perempuan ini despite of some jerks trying to pull me down be safe ya love;Netral
Menyesal saya bantuin RT twit yang jual paket nikahan karena gagal nikah Ternyata si kampret selingkuh sama cewek open bo fuck u;Hate Speech
Babi regulations tak baca apa lagi fuck;Abusive Language
Just answer qadayani kafir how mirza shit eater became pregnant;Hate Speech
Menurutku asik heartwarming juga Ceritanya juga menarik ga terlalu pasaran tapiiii pas nonton tu kek ada yg kurang Setelah aku pikir keknya karna chemistry para pemainnya kurang klop Tp masih bisa dinikmati kok hehe slow dramanya tp ga ngebosenin menurutku;Netral
ira selalu semangatin jennie ira selalu say i love you to jennie jennie sayang ira jennie harap we can be closer;Netral
anjing sedih banget gue liat hui fuck;Abusive Language
gw sebagai penggemar bola ubi offended denger ini apa bgt dah isilop puki get the fuck out of our lane BEACH;Hate Speech
babi aidil fucker reka cerita sama je dengan adam sakai keling asshole dickhead;Abusive Language
Menurutku ya antara dia yang terlalu hoki banget slalu qn kecil pake bot beb Dulu waktu konser svt rame banget di base soalnya ada yang pake bot buat war Kalo pake bot buat war itu lebih cepet masuk ke web nya;Netral
SHIT ANJING KESAL EH;Abusive Language
what the fuck serem bgt goblokkk org cm mau idup tenang anjir;Hate Speech
enha never says anything bad about other idols daripada itu mending mereka cerita pengalaman di iland dan itu fokus ke merekanya emang attitude itu penting ya manteman apalagi kalian idol satu kata aja bisa jadi bahan war Sayang banget sama enha;Netral
crying while jahit well fuck u la babi;Abusive Language
what the fuck an actual WOMAN actually supports an action of a man sexually abusing another WOMAN babi kimak mampus sial kau LABUHKAN TUDUNG;Hate Speech
Fuck mentolol lira;Abusive Language
iya sayang sma RT Terimakasih kesayangan singkat namun menyenangkan Im happy to be with you;Netral
sakit babi fuck;Abusive Language
anyway happy new year temanteman tahun baru buku baru semoga temanteman diberikan kebahagiaan dan keberkahan untuk menjalani hidup terimakasih sudah lahir ke dunia dan bertahan sampai sekarang;Netral
Risih sama orang yang suka ngejudge orang lain haram lah kafir lah najis lah pendzalim lah Shit Pikir aja moral lu sendiri cuk;Hate Speech
kepada kedai yang masak telur mata style mcd stim go fuck urself goreng jela babi aku nak telo mata aku crispy sial bukan flat macam sheet of paper babi cam kimak;Hate Speech
legging flare ini literally legging yg pake bahan polyester spandex fitnya ini BAGUS POL nemploknya cakep di kaki flarenya ga too much beneran stretch jd nyaman mau dipake yoga pilates harganya jg ga sampe k menurutku ini WORTH EVERY PENNY;Netral
ini ga si kak asli agensi nya seret promosi bgt menurutku semoga soon di AOUAD makin rajin;Netral
puntangina HELL TO THE FUCKING NO Piece of shit ACTUALLY RACIST KONTOL BABI LO NGETOT OVER KPOP YOU WANNA WAGE WAR AGAINST THE ENTIRE SEA OVER KPOP Goblog cok jancokkkkk asu;Hate Speech
menurutku antidiarenya gak usah soalnya kemungkinan bakteri dan anomali lainnya di usus supaya keluar aja dan gak jadi komplikasi kasi probiotik aja;Netral
Aku ga bisa so sweet tapi happy new year semuaaaa terimakasih sudah mau mutualan sama aku maaf buat semua kesalahan taun kemarin semoga jadi taun yg lebih baik buat kita dan TXT bismillah TXT daesang;Netral
HAHAHHH BABI LAH Dah tekan reply aku baru perasan ke Shit;Abusive Language
baca gue ga terima cerita gue dibaca sama anjing kalau memang ada beberapa dari kalian tolong block akun ini sekarang juga jangan pernah interaksi lagi sama akun ini get the fuck out;Hate Speech
Why do you live among the kafir if islamic rule is so wonderful Nobody is forcing muslim countries to treat women like shit Absolutely mental to blame Arab failures on the West;Hate Speech
Hahaayat luluh hati mmg babi babi la yus fuck shit;Abusive Language
Terimakasih untuk tahun yang telah kita lalui bersama Happy New Year;Netral
I tend to be bias when Orang suruh pilih baju mana yang cantik Aku mesti pilih biru Entahlah kenapa biru begitu menawan di hati echeche;Netral
eh kita sama banget aku sudah rewatch mereka berkalikalii menurutku BAGUS BANGET kdramanya deserve untuk di rewatch berkalikali karena memang sebagus itu apalagi di salah satu episode yang mereka ke luar negeri itu Kaiser inget gaaak;Netral
Shit was fucked up whole weeks;Abusive Language
Idiot kali hahah RT Orang pintar minum tolak angin Orang goblok minum minyak angin;Abusive Language
bila aku fight kata let me write the script kau lagi babi tell me im not being cooperative BITCH its my idea MY;Abusive Language
kalo nanya jam matkul menurutku masih wajar sih karena jam kuliah kan suka diganti secara mendadak ya tapi kalo sampe gabisa bikin makalah tuh udah parah bgt itu mereka bikin makalah aja gabisa gmn nanti waktu bikin proposal sama skripsi coba;Netral
fuck u anjing;Abusive Language
as easily impressed person kalo ada yg menurut aku bagus gt i excitedly amp immediately ucapin atau bilang ke orgnya kyk apa yaaa reflek pasti dan selalu gitu;Netral
iya aku tau aku ga asik diajak temenan aku ga cantik aku ga gaul itu kan alesannya pada gamau temenan sama akuok kayanya i dont deserve to be happy deh;Netral
Selamat tahun baru my dearest one Dismys Semoga di tahun ini kita semuanya diberikan kesehatan kelancaran gak ada halhal yang jelek Amen Semoga membawa banyak kebahagiaan buat kita semuanya Happy new year once again Daniel and Saka love you so much DMD;Netral
Nowadays be like LAPAR ANJING go find ur ANJING la if u really want it bitch;Abusive Language
brand tolol idiot;Abusive Language
fuck sinyalnya anjing mau marah;Abusive Language
he aint a babi n e mor daMn;Abusive Language
Seandainya pun ngga bisa gue cuma berharap untuk ngga sakit hati dan ketergantungan aja udah ngga mau benci orang yang pernah gue sayang but God you know that I m asking to be with him and be good together right Just please ngototanaknya;Netral
diem anjing org yg shat shit shat shit in elu;Abusive Language
Woe jancuj goblok fuck bedebah kalo berteman jangan egois cuk Maunya menang sendiri Jalan masingmasing cuk;Abusive Language
Yeayyyy tamat voice DC ga berhenti selama hari Terimakasih kpd semua orang yg sudah terlibat yg udh nungguin DC yg sekedar mampir tyty semuanya happy new year lets fucking go Jgn lupa join DC Rumah hantu;Abusive Language
Hampir termakan Babi Nasib Aku peka hahahahah fuck Kembang tengkok bodo Nak suap dlm mulut dah kot;Abusive Language
aku taktau periuk ni apa nama dan harga berapa but aku tau mahal i hope one day ill be rich enough to buy barang untuk yang bagus macamni amin plus warna dia cantik;Netral
Pukimak la dera kucimg dera anjing apa kepuasan dera binatang mcmtu fuck im so emotional when it comes to this although im not a big animal lover but it still hurts when i see such thing;Abusive Language
To Its okay to be tired You already fight this far you deserve a good rest Capek banget ya Istirahat dulu boleh kok Nanti lanjut lagi menjalani hari dengan lebih bahagia dan bersemangat Fighting;Netral
PES PES PES seri ini yang menurutku sangat memorial Habis itu dah ga ngikutin karena spek laptop ngga kuat;Netral
Sebenernya penting ga penting menurutku Mksdnya apaa gitu dampak langsungnya dari pidato di SU PBB tuh Keknya cuman nunjukkin harga diri sbg negara besar formalitas aja Lebih dari itu kita butuh aksi;Netral
Stupid Goblok;Abusive Language
Menurutku lagu GReN BOYZ itu kaya bocil Sederhana riang hangat dan penuh semangat Sesuai namanya mereka bener bener Anak Lakilaki;Netral
Happy New Year to you Selamat Tahun Baru dari Raudhah Group Team Ipoh Perak bersama Persatuan Pengasih Malaysia di Rumah Pengasih Amanjaya atas jemputan pada kami menyambut bersama dengan penghuni ahli;Netral
Fuck customer yang main ambik baju pastu main letak je Babi letak la balik dekat tempat yang kau ambik tu;Hate Speech
Babi Bitch kau panggil aku;Abusive Language
Jujur ya nder si vitrah lebih ringkih daripada si vitri lebih kotak kotak gitu kalau dipegang tapi emang cantik bangetttt sih bentuknya dan aku lebih ngerasa keknya si vitri bakal lebih kuat dipake ngereog itu menurutku ya nder;Netral
Life is simple Follow orders Songkok heads Or burka eyes Look like each other Eatshit like each other Dont ask Just multiply Start young Have babies With older men Dont think He the Maker or husband Providesin Providence If not enough Food water space Kill kafir Save Ummah Amin;Hate Speech
KAK KET MI LUPLIIIIII HAPPY NEW YEAR Aamiin ih terimakasih doanya huhuhu Kak ket juga semoga semakin sukses dapet kerja cucoq jikalau tetap ingin tetap kerja kantoran dan tidaq sering makan mekdi lagi luvyuuuuuuu;Netral
Reja arap oktovian gamers ganteng idaman fuck pemcitraan nakal tapi tampan di yutup ngmgnya anjing bangsat tp di instagram cwe memdekat gua bukan ustad gak punya sayap tp bukan malaikat;Hate Speech
gonna start doing positive things and less ngomong anjing starting today happy mew year bitch;Abusive Language
Hi maku HIMAKU is Calling Pengen aktif di kampus dapet pengalaman organisasi temen baru plus vibes seru bareng anak akuntansi Yuk gabung di Open Recruitment HIMAKU UBSI Jangan cuma jadi penonton saatnya kamu yang ambil peran;Netral
Babi damn laggy sia i barely touch anything cb;Abusive Language
Betul buangeeettttt Itu bukan bodoh lagi tapi bego tolol bin idiot akut;Abusive Language
Hallo pagi semuaa udah Alhamdulillah selamat taun baruu semoga di taun ini kita selalu sehat rezekinya lancar hal baik dan kariir kita selalu lancarr teruss dan semoga apa yang kita mau di taun baru ini tercapai amin Happy new year gais;Netral
Envy anjing liat orang orang lain bawa cewe aing malah sama Shit fucking;Abusive Language
UPDATE DEMO RUMAH SRI MULYANI DAN PUAN MAHARANI DIJARAH JAM DINI HARI ITS GETTING WORSE;Netral
tidak bisa dihindari jelas bisa berhenti trus menyelamatkan korban tapi milih untuk trabas emng orang sakit jiwa akan kami usut dan bertanggung jawab lets see;Hate Speech
Pengalaman pribadi;Netral
Salah satu makhluk bumi yg tolol stfu bitch;Abusive Language
This stupid mfs read lore with his asses anjing;Abusive Language
barcelona anjing fuck;Hate Speech
mbul sayang love of my life everythings going to be okay jadi jangan lupa senyum ya sayang kamu;Netral
Pakar macam apa lu bodoh Muka jamet aja sok tau ku bikin gaduh terus anjing semua cawapres makai mic lu gak liat dont be full of shit;Hate Speech
oya pemenang games kecilan juga udah ada ia congrats dan silakan DM nomer ewalletnya dikirim besokk yang belom menang jgn berkecil hati like doa SEKALI LAGI TERIMAKASIH ANDD HAPPY NEW YEAR;Netral
Hahahah sia anjing SBY g bisa kaya mendadak karena sudah tidak dianggap walaupun jilat saja jilat sini tipe bapak durhaka sama darah daging nya yang tidak di akui karena idiot tapi membagain akan orang yang kasih makan si anjing penjilat;Hate Speech
y do ppl hate atshn so much goddamn i mean its not my fave ship either but can u just shut the fuck up gituloh kaya adh anjing dahlah;Abusive Language
Hmmmm IDIOT ANJING AH Kesel;Abusive Language
Shit babi cikgu jalil cikgu gayyy time darjah shitttt shitttt TERINGAT ANJIRRRRR ingat tak dia sanggup belikan topup kat budak tu suruh budak tu bagi dia gambar ehemm Celaka do kauuu buat aku teringattttt dulu ajar science kemainnn hhahahahahah;Hate Speech
Fuck kalo masih kafir haha;Hate Speech
menang di lapangan Lo ngelawan rakyat Rakyat yang berjuang buat teriakin aspirasi demi LO LO SEMUA juga Goblok Udah ga menang di pendidikan ya sit the fuck down bitch Kalau lo ga bisa ngelawan karena perintah atasan at least DIAM ga usah sok asik kek gini;Hate Speech
fuck off la babi hg pun sama naik ja;Abusive Language
fuck you whoever you are anjing;Abusive Language
Fuck bekas polis barua anjing Dah tua pun bodoh;Hate Speech
tapi kau jenis apa tau spreading some shit about me and make everyone hate me about me subtweeting you perasan nye kau ye ye la babi memang aku jam subtweet kau waknat;Abusive Language
HAPPY NEW YEAR KAK OTYYY TERIMAKASIH ATAS CERITA CERITA NYA WALAUPUN GUE BELUM BACA SEMUANYA SEMOGA TAHUN INI BISA BACA SEMUANYA AWOKAWOK HAPPY HAPPY TERUS DAN SEHAT SEHAT TERUS KAK OTY AND TEAM;Netral
Setiap kegagalan adalah pengalaman Jangan biarkan masa lalu menghalang langkah anda hari ini Teruskan berusaha kejayaan pasti menanti Selamat pagi;Netral
Wish ku di comeback baemon kali ini walaupun ga mungkin tapi pengen Ahyeon dance challenge sama boygroup grup apa terserah Aku pengen lihat menurutku energi dan body controlnya dia waktu dance itu bakal masuk dan balance banget kalau ngedance lagu ganteng;Netral
i barely cursing in bahasa but this taekook wonderland is bangsat pisan euy what the fuck is this;Abusive Language
Cari blob shark di ocean nder itu lumayan gampang menurutku;Netral
KAKAKK makasih juga udah mau jadi mutual akuuu im glad to know u kakk pls be happy and stay healthy yaa happy new year love you kak ninii anw aku suka video editannya lucuu;Netral
Aku tetep open waitlist dan post pl sesuai janji ya besok Tapi karena waitlist yang sekarang masih lumayan banyak hanya nerima beberapa aja Yang belum kukerjakan mohon ditunggu ya;Netral
Sembari terus berusaha buat trs skinkeran but just be u aja yak saiank even cantik indentik dgn soal fisik tapi bagi aku u always still pretty dgn apa adanya diri kamu dgn kebahagiaan that u always spread to each others aka kamu punya kecantikan dalam diri;Netral
menurutku walaupun bersebelahan tp masih tetap jauh krn masih muat satu sahroni di antara mereka;Netral
happy new year juga kak anzel yang cantik imut dan baik hatii semoga bahagia selalu yaa terimakasih banyakk;Netral
my parents suruh aku balik keja dkt utara tbh i wanna be far from home sebab i dont want ppl yg aku sayang tengok aku mati or suffer depan mata depa cos they gonna feel useless kalau depa dekat tapi aku still mati it s better to hold distance ticket drpd guilt sbb dekat;Netral
fuck babi betul fans sebelah ni;Hate Speech
Stan toto s flop goblok Fuck Udah flop belagu Collab westrn flop IJBOL toto s;Abusive Language
Happy New Year Ha Sungwoon Semoga tahun ini tahun kebahagiaan kita sukses terus berkarya dan semoga karir serta usahamu makin naik Bingung mau ngetik apa pokoknya yg terbaik buat kita semua Selamat tahun baru SEMUA yang baca tweet ini Love you;Netral
beep beep Happy New Year Kiyul eonnie Eonnie kayanya sekarang udah lebih happy dari sebelumnya uwu Eonnie semoga ditahun baru ini kebahagiaan selalu sama eonnie ya Terimakasih udah jadi Kiyul eonnie yang strong dan penyayang ILY;Netral
Eh babi jangan bukak ni sialaku dahla bukak depan parents aku kuat pulak tu eeee babi nnjing sial Dont open trust me ada bunyi tak menyenangkan Fuckin hell its always the same fking moan shit Stop nnjingaku gak yg kene marah sial;Abusive Language
sekali dua kali gpp lah tpi ni udah berapa kali ngentot sm ajg babi nyumpahin lo bangkrut juga gada ngaruhnya lo better gausa debutin idol klo dari awal ngalangin idolnya buat ngembangin dirinya jelek bgt ajg sayang bgt idol gue berjuang di agensi yang fuck gue benci bgt;Hate Speech
Ternyata pengalaman bekerja di dealer bertahuntahun kepake buat ngurus hadiah customer;Netral
wait this was the bitch was sitting on stream with her tits out;Hate Speech
Dah kau memang bodoh otak letak kat punai Pastu delete tweet sebab takut takut orang baca Sebab tu otak kau tu kat punai kecik kau tu dah I m not talking with dumb old shit like you Dah tua pegi jaga cucu sana Sebok main twitter buat apa bangsat;Hate Speech
Padahal anjing kan lucu setia dan berhati baik Beda dengan kamu aku gatau gimana rupamu gimana keseharian mu but one thing for sure fuck you;Abusive Language
KENAPA SAYA TIDAK PERCAYA SANTET KARENA DUKUN ITU TIDAK PUNYA NASIONALIS TIDAK ADA YG BERGERAK NYANTET SAHRONI UYA KUYA EKO PATRIO CS DLL SANTET IS BULLSHITT YOU KNOW;Hate Speech
go drink your goddamn kontol juice heather fuck y;Abusive Language
Happy new year Sesuai janji pernikahan aku akan mencintai kamu dikala sehat dan sakit miskin atau kaya suka dan duka hingga maut memisahkan kita Terimakasih kamu sudah datang di hidupku aku akan selalu mengingat kalau kamu adlh jawaban doa ku pada Tuhan thn lalu;Netral
Selamat Tahun Baru Mari mulai hal yang belum kamu lakukan dan buat tahun ini menjadi tahun yang penuh dengan kebahagiaan dan semangat untuk langkahmu kedepan Happy New Year;Netral
definisi anjing ya ini FUCK muak banget tahun baru dapet berita ginian;Abusive Language
FUCK gue suka banget sama webtoon ini anjing bangsat;Abusive Language
Damn sudah lah menteri je bebal anjing rakyat jgnlah jadi bebal sekali Nama pun ramalan cb;Abusive Language
mourning for the dead is now a laughing matter what shit of a soul do you have lmao call yourself faithful towards god but when it comes to someone you call a kafir your thirsty ass comes attacking them for taking away their life after years of fighting their inner demons;Hate Speech
Hayy akhirnya selesai jugaa yaa tahun ini Untuk kamu temanteman baru yang kutemui tahun ini semoga kita masih bersama yaa di tahun depan Terimakasih untuk banyak ceritanya Happy New Year;Netral
Jahat bodo mulut dia ya Allah whylah sedih nak mampus rasa tak perlu pun ckp fuck babi lah meleis;Abusive Language
Damn it Khalidi What was that lxoxloxlxx;Abusive Language
jumpa ss conversation dgn stupid ex boyfriend sumpah seranah maki hamun semua keluar aku benci dia sgt sgt weeii ee babi lahh knp jantan bodoh mcm tu kena wujud ea;Abusive Language
happy new year semoga tahun ini baik dan selalu baik sampai tahun berikutnya terimakasih buat tahun;Netral
jgn pernah merendahkanmeledek org yg sedang perjuangin haknya Klo bs bantu silakan bantu even hal sekecil apapun Tp klo ga bs just shut the fuck up Karena one day u jg akan perjuangan hak lu apapun itu bentuknya Itu org yg demo lagi perjuangin haknya;Hate Speech
Bukan sayang kalau hanya muncul untuk menghinabukan sayang kalau hanya cantik shja yg didambakani choose to be not ur chanteq anymoreand chanteq xboleh beli syurgaa;Netral
Ternyata gagal nikah karena dianya yang selingkuh dengan BO cewe Oh shit Segitu sulitnya kah jaga kontol;Hate Speech
ANJING BANGSAT LEE JONGSUK FUCK OFF;Hate Speech
Hit me up nder aku ada pengalaman admin finance di perbankan;Netral
AAA TERIMAKASIH AKHIRNYA ADA BALON BALON LOVEEE BANGET MELL HAPPY NEW YEAR;Netral
happy new year mbak tata wish this year would be great for you ya selamat rehat happy new year juga anon semoga kamu juga bisa berjalan dengan baik dan mendapatkan yang terbaik met istirahat juga love rilivku udah;Netral
Mantaf bahasana nteu nyakola hhahahaa Ih SENA SIA ANJING GOBLOG IDIOT TOLOL IBLIS BEGO BABI SETAN;Abusive Language
haaiii jg Iyaaa td ku liat performnyaa tp ga full soalnya signal aku lg fafifuwasweswos hmm sorry yapp tp td kagebiii keren rambutnya jg kyootie selamat yak last show nya kerenn happy new year for u n fam;Netral
gua fuck autocad susah babi;Abusive Language
halo kakak Sohee makasih kakak soalnya roti gambang tuh enak banget jdnya belum ada yang gantikan lagi setuju banget sama kakak kakak tau gini jangan jangan pengalaman pribadi ya tapi kakak tuh lebih suka ngeteh apa ngopi p;Netral
Im supposed to be in Zambales pero ang hirap umalis ng bahay ng walang extrang perang hawak lalo na we are coming from the south Ending Sayang leave ni habibi sayang din food na hinanda dun sa ppntahan namin;Netral
Yes patutnya kita and kenapa dorang nak mengamuk the fuck tak habis nak burukkan idol lain bodoh takla yang tiba mention got ni kenapa pergi mampos la babi I tak suka save or ss hate comment sebab memang tak suka;Hate Speech
setelah semua huruhara ini dia masih nyuruh tenang dan percaya sama dia The fuck;Hate Speech
Anjing lu mainin perasaan gua Lagi gua keluarin ni kata Fuck for Love;Hate Speech
Aku cuma mau bilang aku sayang banget sama kalian semua Maaf aku belum bisa jadi moots yang baik untuk kalian jarang jbjb dan sebagainya tapi seriusan aku sayang banget sama kalian thank you for wanting to accompany me to be my moots I love you really;Netral
DAMN HEAVY BABI;Abusive Language
yuk french revolution tapi yang dipenggal oknumnya dan pragib serta mulyono mulyani puan dan pejabat lainnya;Hate Speech
Fuck tiket habis babi;Abusive Language
happy new year moots terimakasih banyak yaa kalian udah mau mutualan sama aku yang anaknya ga jelas gini hehehhehe pokoknya ilysm naa jub jub;Netral
Apa babi compare rappers kpop dengan Eminem stupid kpop army;Hate Speech
Tugas akhirnya gimana Buat skripsian tuh minimal banget sisain budget juta menurutku Terus kalau memang udah beres semua better kulkas Kulkas satu pintu ada yang nggak sampai juta aku baru beli kemarin merek Aqua Kulkas lebih krusial ketimbang mesin cuci;Netral
lek menurutku ya bnr surga di telapak kaki ibu krn beliau lah yg melahirkan kita di dunia bertaruh nyawa tp lek semisal ibumu modelan e koyok monyet kamu se berhak buat kecewa berhak marah berhak ninggalin ibumu jg tp janji o jgn dendam sm ibumu ttp doakan supaya ibumu tobat;Netral
Alhamdulillah ekor babi Zionist mampussss damn isrel laknatullah;Hate Speech
Review pengalaman tahun lebih pertemanan gua sama bang shobi;Netral
FUCK OFF Buat VAR la babi;Abusive Language
amp the worst part is mau keluar rumah aja jadi was was siapapun bisa jadi sasaran ngga mandang kita demonstran atau bukan perempuan atau laki muda atau tua semua bisa kena dan dari sini juga semua orang bisa terhambat aktivitasnya bangsat;Hate Speech
Padahal se Indonesia tau yang tidak punya malu itu anjing penjilat dulu mencaci maki pak president eh pas jadi mau menjilat tapi sayang tdk dianggap oiya yang lebih memalukan lagi punya anak tapi tdk diakui karena idiot tapi membanggakan anak orang yg kasih lu makan;Hate Speech
Kesayangan dan kebanggan army kontolmuu bauu dajjal ahhh goblok sih yaa jadi orang mual guaa ada kata kata kpop sama army calon calon idiot autis kelainan genetik intinya ARMY itu bangsat lokal pasaran najis pelacur miskin;Hate Speech
HAPPY NEW YEAR ARMY SEMUANYA TERIMAKASIH SMOGA THUN INI TIDAK MENGECEWAKAN;Netral
kampret loe paket mau abis baru muncul shit;Hate Speech
Korang kalau stress or perlukan ME TIME korang buat apa I suka cari hotelsuite yang ada bathroom cantik and especially ada bathtub Feeling feeling gituuu Sometimes we have to be far away from people to find ourselves atau reflect kehidupan cehh I ada jumpa tempat best;Netral
New ppl farhana trisyia Friends pana farhana bat Bestfriends pana bubu baby sayang panacomel pundek perempuan gila Familyhome kakak batrisyia kak bat I hate to be called trisyia fana;Netral
tdk terasa weekend berakhir sebentar lagi anjing fuck tahun baru hari minggu;Abusive Language
Pundek dia Ghiarah tak ghairah jaga la nafsu kau Kenapa lelaki lain boleh kenapa kau tak boleh Meaning you are the problem Cakap pasal nafsu perempuan pun ada nafsu binatang pun ada nafsu And here the cliche Kalau belajar sekadar belajar babi kat hutan pun belajar;Netral
Happy k Followers kak Tako Semoga semakin lancar tetap menjadi toko andalan para pecinta doll Sehat selalu kak Tako semoga dijauhkan dari buyer dan maker tidak bertanggung jawab semoga di lancarkan juga shipping nya Kalau menang aku mau Jonghyuk YJH ORV;Netral
Fuck dat kid babi;Abusive Language
buat loe perusak hubungan orang dapat salam dari aku for You PHO Bangsat;Hate Speech
Ini pon babi jgk nibitch;Abusive Language
Haha jd pengalaman kocak yaa;Netral
saraha they are dak regragui rah zad fih wa ana rajawi o hrimat kijebni labo wa the guy is technical as fuck maymknch maykounch f mountakhab;Hate Speech
menurutku ini bagusbagus aja dibilang lebih bagus yg sekarang juga karena kita keseringan denger yg sekarang;Netral
Fuck cube babi;Abusive Language
and I will do it my way nggak ada yang boleh ngatur cara aku dan siapapun ngefans selama gak merugikan I won t be able to watch you but I ll be here when I got enough energy and when all my works are done pun begitu rasa sayang dan bangganya gak akan pernah berkurang;Netral
YOU SEASON ADALAH SEBUAH SERIES DENGAN ENDING TER ANJING ALUR CERITA SANGAT DIPAKSA UNTUK LANJUT KE SEASON PERMAINAN KAPITALIS FUCK JOE KUNTUL GOLDBERG;Hate Speech
shit aku terskip dorang gonna stay tgt next huh sampai makcik ni mati doh MAKCIK NI AJAK DIA STAY SALTBURN GILA HAHAHAHAHA BABI DIA SENYUM HAHAHAHAHAHAH BODOH OLLIE DAPAT GREAT ENDING;Abusive Language
HAPPY NEW YEAR untuk semuanya terimakasih udh bertahan sampai sejauh ini sehat selalu semoga segala doa dan harapan bisa terwujud;Netral
I need a strength every morning to lift selimut Babi to stand Subuh Prayer kenapa lately susah bangun subuhapa dosa akuahhh shit;Abusive Language
fuck off semua benda nak letak kat kepala aku payah gak babi;Abusive Language
You are whotheb B tu terpulang Bitch boleh babi boleh belen pun boleh Terpulang;Abusive Language
Pada liburan gua baru mau uas bareng sama lomba Harus riset sana sini Ngg dikasih pertanyaan apa apa Bingung mau jawab apa Nnti klo ngg bisa diamuk dikatain bego tolol idiot Anehh bngtt anjing anjing;Abusive Language
FUCK ASAL LRT NI GEGAR TERUK SANGAT BABI;Abusive Language
Rinrin sekeluarga gdocsnya mengucapkan selamat tahun baru happy new year new wig new bool semoga amanah selalu;Netral
Proud to be his Menikah dg orang yang sama saat pacaran tahun tapi berasa nikah dg orang baru Hes too cute sayang dan pedulinya baru muncul waktu udah nikah You know marriage is a whole happiness if you marry the right one;Netral
you and everything else minim bgt scene fillernya bahkan adeknya pun pas gede ga dilihatin anjir wkwkwkkwkwkwkk mungkin peran adeknya ga penting buat jalan cerita tapi nih drama rapi banget alurnya terus semua scene menurutku penting;Netral
shut the fuck up dude sesusah itu kah say sorry to masyarakat and make it a better place udah tau kejadian brimob polisi dan jajaran DPR lo yang ga ada aksi sama sekali cuman ngomong doang mah bocah tahun juga bisa pernyataan ini gada guna tanpa aksi nyata ya bejir;Hate Speech
Masih butuh pake bgt kelanjutan si keras kepala Hazel si tolol Marvin sama si bitch Riana pleaseeeeee;Abusive Language
I fukked around and almost aint pull out lasnitedat shit was good but i remembered i already have a son and dnt want another babi moms;Abusive Language
HAPPY NEW YEAR makasih udah nemenin user jjinsovl aka lupi sepanjang kemaren ayo kita mulai yang baru ini dengan kebahagiaan dan suka cita LOP U MOOTS;Netral
yamazaki enak lembut terus varian rasanya tuh macem kaya mango cheesecake matcha cheese strawberry cheesecake trs macem jg jenis rotinya lebih variatif dibanding merk lain menurutku;Netral
HAPPY NEW YEAR Selamat tahun baru moots semoga di tahun ini kita tidak menjadi remaja jompo sakit pinggang lagi;Netral
knp ye mandalorian lebih berasa star wars dibanding trilogi film yg terakhir dasar ben goblok stupid emo kids;Hate Speech
Terimakasih banyak untuk bidadari kecil cantik dan lucu yg dikirim Allah buat aku jaga dan aku sayangi selalu mewarnai hidupku dgn senyum manis yg ada di dibibirnya Im very lucky to have to you I hope I can be a good mother I always want the best for you baby;Netral
fuck support system akan kuhadapi kehidupan yang bangsat ini tapi sambil nangis kek fajar;Abusive Language
sounds stupid when coming from a kafir;Hate Speech
Makasih yaa dan inget you deserve to be happy Jangan lupa sayang sama rani ya I love u btw;Netral
Dah la stress dapat patient Babi Suruh PAKAI mask boleh pulak nak maki Pt sari kot Fuck punya Pakcik;Abusive Language
Tapi sayang nya gak ada yg mengikuti bacotan babi idiot seperti loe her maher Yg ngikuti dn patuh dngan babi idiot seperti lueya babi babi idiot juga sama kek elu;Hate Speech
elo aja iblis pergi keneraka Bangsat elu kaya ISIS Ni negara pancasilais pluralis Elu semua ideology Alqaeda fuck orba;Hate Speech
Wtf dgn scammer pn korg leh kesian ke ptutla makin ramai yg kne scam Dala bangang pastu kesian x kne tempat Fuck korg bebal gile babi;Abusive Language
fuck jangan ingat aku ni duduk kat zaman s ke babi lancau;Abusive Language
apa susahnya minta maaf klo salah ya minta MAAF bodohhhh jan sementang nentang ad kata joke lu berlindung dikata ituu itu ga lucuuu goblok stupid lu akun besar tapi atitud lu mana Dah lah fuck u;Hate Speech
the fuck maju lu yang kemaren blg ketidaksengajaan;Hate Speech
Uuu shit my fishball Lupa pulak tgh goreng Babi punya twitter;Abusive Language
Gemeter bgt gua ajgg liat videonya ya Allah ga berhenti nangis fuck the police fuck the government gua aduin ke Allah lu semua;Hate Speech
Kan dah kena bahasa dgn aku Antivaccine ni jangan main eh Dgn aku tolong jangan main Aku dh hilang ramai saudara mara rapat even our best friend died bcs of covid Kau nk dtg sini tiba nk terapkan agenda bangsat kau u better shut the fuck up;Abusive Language
Mas masukin kontol ke memekmu sayang sshhh oouuhb jjllleebb aahhh ahahh fuck hard memekmu;Abusive Language
Wlaupun Ill take the positive things and bnyak pengalaman dan hikmahnya tapi ga lagi cuk;Netral
BABI RT BOT FUCK;Abusive Language
bangsat kusut otak gue duit abis hape ilang shit;Abusive Language
im still full of rage for people who think this was an accident siapapun yang masih bilang kejadian yang memakan korban ini adalah hal yang nggak disengaja from the deepest of my heart fuck you;Hate Speech
Happy New Year Terimakasih Welcome Bismillahirrahmanirrahim Semoga Menjadi Lebih Baik Lagi;Netral
weh anak babi kau tolol ama idiot sih aku gak bahas mereka pantek aku bahas akun ini doang bisanya nyari pembelaan bawa akun jilat aja tuh pantat big account menjijikan;Hate Speech
sedih babi aku dengan pic number tu kau as moa patutnya percaya diorang and keep supporting diorang anjing sejak bila pulak txt flop ni otak dia babil you r not deserve for moa how can you label yourself as moa fuck;Abusive Language
SELAMAT TAHUN BARU hari telah terlewati hari ini adalah hari pertama di tahun Mari menjadi pribadi yang lebih baik lagi Happy New Year Selamat Tahun Baru Momentum Cerdas Objektif Terpercaya;Netral
Bangsat anjing goblok tolol idiot gila udah ibu juga otaknya jatoh kali ya semasa muda su;Abusive Language
Babi ah dah ada awek Naseb baek awek pakai tudung tau Shit ah;Abusive Language
aku serious ni babi fuck;Abusive Language
Happy new year makasih sudah menemani ku di tahun makasih sdh sll buat aku senang bahagia semangat dan selalu membuat aku percaya diri seneng sekali bs kenal kamu sempat aku di merasa tdk berguna dan ingin menyerah tp st kenal km itu semua brbh Terimakasih;Netral
Selamat melanjutkan perjalanan hidup Selamat tinggal kita di tahun Tidak ada lagi kata kita setelah hari itu melainkan takdir tuhan Baik baik dengan hidup yang baru Sukses terus and see you Page of Happy New Year;Netral
WOI STOP IDIOT PLS ANJING;Abusive Language
I added a video to a playlist Full Sinetron FTV SCTV Gadis Cantik Tukang Kuda Terbaru;Netral
Haiyo to su HANYA ORANG TOLOL YANG MENILAI SESEORANG CUMA DARI TWITNYA IDIOT;Abusive Language
How dumb is that Difference in handwriting is a stupid claim A language can be written in multiple styles And its not all about killing kafir Its about resisting evil and oppression Its about honesty charity truthfulness justice humility Get your eyes checked;Hate Speech
Happy new year Muffin Terimakasih karena sudah melewati hal baik buruk di tahun Mas Dino akan selalu mendukung kamu dan kebahagiaan kamu di mendatang;Netral
Belum lagi smt masih dihadapkan sama sks yang hampir semua matkul banyak tugas Ok for my body and soul please be come stronger than what we used to be jangan ambruk jangan lelah we can pass it together;Netral
Fuck lo jadi ngungkit inj yang jelas konteks objeknya beda Goblok;Hate Speech
STOP MANDATORY FUCK CINE UP UP UP VIRALKAAAAAAANNN;Abusive Language
Don t play with my feelings lah babi anjing fuck;Abusive Language
Pasgok for all melayu jual agama jilat pengkhianat n penyamung utk hidup cara penyamung kitab semua buang longkangfuck u lah melayu bangsat;Hate Speech
dont u babi me u shit everytime say urself fat padahal I can see collarbone and thigh gap and everyone says u r slim so diam;Abusive Language
ANJINGtiba gue udh gasakit hati aja gitu abis dikata in Ajajajshdhhdhsiwowowiehehdbb i fucking hate at this time fuck;Abusive Language
Halo kak Aku baru follow akun kakak kemarinkemarin dan kaget banget di follback huhuhu tapi aku udah baca ceri Halo Waaahh makasih banyak ucapannya Aamiin Happy new year too Anyway seems I know who you re and to be hones;Netral
and the conclusion is kalo bisa cari pasangan yg sama membangun sama mau usaha sama punya tujuan yg mau nerima keadaan kita yg ngga putus asa disaat kita lg down yg sayang sm km satu rasa satu hati you deserve to be loved and happiness;Netral
mereka cuma cerita pengalaman dan trauma mereka pas trainee loh mereka ga nyebut nama mereka ketawa jg bkn ketawa ngejek di live yg sama mrk juga nyeritain klo mrk dipukul sm pelatih mrk pas trainee sambil ketawa mrk yg ngerasain wktu itu hak mereka mau cerita ke fans mrk;Netral
Aku pake knitpro symfonie juga dan menurutku worth it kalo belinya gak yang set Aku beli ukuran yang sering aku pake aja mm mm mm mm Soalnya kalo beli set mahal banget dan gak semua ukuran sering aku pake Kalo kualitas needlesnya menurutku nyaman karena ringan;Netral
Halo cakepku Aku suka banget sama wherever u are Bener bener bagus banget romantis banget suara kamu indah banget Ily ily ily Trimakasih hadiah ulangtahunnya sir capt;Netral
Lets keep it longer please Jangan lelah buat repost dan kabarin ke flatform lain;Netral
People be like boong banget lo udah ganteng cantik pasti banyak yg mau Gurl Gays dont want it They want ganteng only which is Terlihat lakilaki Terus kenapa gamau potong rambut pasti ngantri Id like to keep my queue short then I can choose easily;Netral
work aku keterima kerja di wh ecommerce sebagai checker Jam kerjanya jam sehari dengan hari libur dalam seminggu dengan gaji ribu per hari normal nggak sih segitu Soalnya aku belum ada pengalaman kerja di bidang itu makasih;Netral
anak kmarin sore sotoy pula dasar idiot kecebong tolol goblok akun baru baru netes siapain data baru adu argumen maw tolol;Hate Speech
Kalo kalian suruh milih lebih baik bertahan dengan rasa sakit atau pergi dengan rasa sayang Sebab ditinggalkan atau meningg dalam kasus apapun itu ive always hoped ill be the one whos left behind but i always knew the limit and when i had to b;Netral
terlepas dari suara rakyat beneran didenger apa enggak thats a great gesture for our democracy bukan kyk pejabat arogan antikritik;Netral
Hey tante kesayangan aku Dari awal join corsa tante tuh bener bener easy to be approached pokoknya friendly banget deh Im grateful that I met you this year Merry Christmas ya tante cantik Perlu diketahui bahwa udig sayang tante banget banget banget;Netral
Happy new year thank u udh mau jdi mutual gue maaf klo selama kita mutualan gue ada salah sma lo thank u juga udh jdi army suka ngingetin vote tbh im so proud of u semangatt ya pasti banyak hal baik yg dateng di tahun be happy lang i purple u;Netral
Oh shitbaru ingat baju x iron lagibabi ah;Abusive Language
PAIN ANJING WHAT THE FUCK;Abusive Language
Begini salah satu cara emak goblok bin idiot kalo udah salah trus takut langsung nadanya meninggi kaya curut kejepit trus triak kaya kesurupan Gilak kurasapun ibu ini;Hate Speech
fuck lahh babi;Abusive Language
Bitch dgn sembang english dia yg mcm babi lawanye;Abusive Language
tapi menurutku toko kelontong namiya gak seheartwarming itu sih wkwk heartwarming bagian yg kakek namiya tp tetep ada gilanya jg pas baca ending dari tiap bab;Netral
Happy new year Selamat datang waktunya menuliskan banyak kisah yang menyenangkan si tahun ini;Netral
yutupp soalnya kalo yt prem otomatis yt music keikut premium jua trus menurutku yt music lebih lengkap lagulagunya;Netral
So the guy who bullies Ad Dien named Faiz fuck kau malukan nama Faiz babi;Hate Speech
Fuck u laaa kau rambut panjang bole p mampus dgn bapak mamak kau sekali perangai waris dari org tua babi;Hate Speech
dn ciyu lebih cantik ah anw thank u sayang;Netral
HALOOOO BUAT SEMUA YG BACA INI NAYI CUMAN MAU BILANG SELAMAT TAHUN BARU YAAAAAMAY BRINGS U LOTS OF JOYTHANKYOU YAA KALIAN SEMUA UDH MAU JADI TEMEN AKU DARI TAHUN SAMPE SEKARANG DAN SEMOGA KITA BISA TEMENAN SELAMANYAAAHAPPY NEW YEAR;Netral
halo im interested tapi mau nanya ini unsealed sealed yaa trus rd mana thank u;Netral
mel i lov u always be happy jangan sedih sedih km cantik cakep keren argh iya sama sama;Netral
Kakaaak terimakasih banyak yaaa Kebetulan aku juga suka lagu superm better days ini hahaha Happy new year kak nicho;Netral
Im just on this app to chat shit tbh;Abusive Language
fuck datang la kl malam ni babi Lepak lepak;Abusive Language
Fussy satu hal selfish satu hal complicated mengalahkan perempuan Macam babi Haihh fuck betul;Abusive Language
Happy New Year I Hope This Year Better Than for All Selamat Tahun Baru Saya Berharap Tahun ini Lebih Baik Dari Tahun Bagi Kita;Netral
Maaf kaka baru kebaca komennya Kalo dah ileran brati ada sariawan atau sakit gigi aku pake hypets ini lebih manjur daripada yg murah banyak terdapat di e commerce tp harganya aga mahal dikit gpp sih menurutku ka;Netral
Happy new year terimakasih untuk pelajarannya walaupun banyak hal yang menyakitkan tapi gwe seneng hehe Semoga tahun ini gwe ga banyak ngeluh dan ga banyak nangis juga Makasih ya yang udah temenin gwe di Love u;Netral
Ilung marah marah anjing Hahaha Ga usah rese Fuck Ga nanya Apoy lan;Abusive Language
Jujur gue capek bgt sebenernya kayak i pretending to be happy as fuck dalem jam orang taunya gue kuat gue seneng gue periang padahal gue ancur se ancur nya kayak udah gapunya harapan capek banget pura pura terus kayak did i deserve the world Capek bgt capek;Netral
To be honest suara dowoon ni sedap kot suara dia macam ippo hafiz sikit sikit Tpi sayang dia tak nak menyanyi Day ni semua nyanyi sedap lagu pon best teruk;Netral
Happy New Year Semuanya Semoga tahun ini menjadi lebih baik dari tahun sebelumnya Terimakasih buat all moots ku yang sudah mau berteman sama aku Terimakasih untuk semua nasehat support dan semua interaksi kalian Love you guys;Netral
Fuck a miina babi kau sumpah;Hate Speech
Tak cantik pon ape masalah kau Im proud to be me;Netral
Menurutku ga ada yang salah kak kan kita juga pingin mengenal karakter satu sama lain Kalau ditengah ada yang ga kliknya gausah dilanjut daripada kayak aku duli gara ga enak malah iya iya aja endingnya aku yang kesusahan buat cut off si itu;Netral
Dasar anjing nggax punya otak loe Ternyata sibuk ngurusin orang laen selama ini fuck u;Hate Speech
yah anjing fuck TAHUN BARU FUCKKKK;Abusive Language
bagussnya karena creamy amp pilihan warnanyaa sih ndariii tp menurutku gak seawet blp pas di bibir blp lebih gak geserrr begitu ngesett;Netral
Terimakasih Tuhan untuk berkat luarbiasa di tahun kiranya berkatberkat mu selalu melimpah dalam kehidupan hamba ditahuntahun selanjutnyahappy new year;Netral
happy new year ris terimakasih kembali ya krn sudah menjadi teman sekaligus bagian terbaik dari hidupku smg bs tambah deket dan terus sama sampe tahun berikutnya semangat baru ya ditahun baru good luck lt wuff u;Netral
I said nO BABI But you went on buying me stuffs that I even told u reasons that I dont rlly buy them Sure fk u i am grateful af but fk u for blaming me when its over Sure ppl be stupid af when in love but u r just manipulating me man U suck;Abusive Language
Tampang sih boleh Baby Face tpi sayang kelakuan lo BABI FUCKups hha;Hate Speech
nailoong menurutku lucu banget tapi orang ada yang gak suka abang aku;Netral
Nenda geulisnya aku Its okay to be not okay Pasti lagi kesel banget yaa Im sorry for what happened to you semoga moodnya cepet baikan Gega sayang nendaaaw xenyooom;Netral
Pengalaman pribadi compare to others languages yang aku pelajari i can say indonesian is the easiest mungkin karena aku banyak interaksi juga kali ya sama orang Indo Gue bahkan JAUH lebih fluent basindo dari pada portugisone of our official language wkwkwk;Netral
This is how parents should be instead of just giving children gadgets to play Sampai mengamuk taknak makan kalau tak dapat ipad pun ada I would never spoil my children with gadgets Nak main hujan pergi la Demam nanti baik balik Rindu zaman budak;Netral
Fuckaku lagi hensem sial dri mamat babi nie;Abusive Language
Fuck my life seluruh dunia bangsat sama gue;Abusive Language
Gpp sih masa temenan karena beda jenis harus dibatasin Menurutku klo pasangan mu selingkuh sm dia ya emg dri awalnya gk bener;Netral
Aku malah suka denger suaranya sasa Lanjutkan sa Kamu tuh anaknya supel dan ramah bgt Happy to meet u Anaknya gak neko Happy New Year cintahhh;Netral
Mayoritas trader futures makin condong ke analisis teknikal apalagi yang udah punya jam terbang baca chart amp orderbook jadi modal wajib buat entry yang terukur dan risk management Feeling masih ada tapi biasanya intuisi tajam itu hasil dari pengalaman ngulik chart bukan;Netral
Kenapasi tiap jalan ama org pasti ada aja hal yg konyoltololidiotpea bukan bawaan dari gua kan bzbzbzbzzzzz;Abusive Language
HAPPY NEW YEAR MOMIII KESAYANGAN CHOOO hope what u want is realized soon always happy always healthy n be urself god bless u fi pkok nya baikk bgtt propp baikk bgtt aku suka klo lgi kelas eh tapii maap bgtt yampunn choo lupa ngumpulin tugas nyaaa;Netral
au ptn damn bon courage babi;Abusive Language
RT ngguya nguyu jembutRT Wkwkwkwk RT malam tahun baru brengsek fuck tai anjing;Abusive Language
wAAAA TELAT BANGET HAHBINI BARU LIAT gemey banget disebut begini ue ue ue terimakasih banyak untuk siapapun yang punya akun ini happy new year;Netral
fuck i forgot the everline necktie one rugi weh tak beli since kfans jual jadi high demand same goes to couting star sial aku takde duit babi;Abusive Language
THE FUCK DO YOU MEAN ICONIC KONTOL yeah Its fun roleplayin w u too Walau jadi burik anjink pen w penyek Hopefully this bond gon get more kontoled;Abusive Language
aku bacanya selamat ulang taun happy new year juga kak;Netral
FUCK HE DIDNT WASTE A TIME BABI;Abusive Language
babi punya Honda Stream tadi aku bagi signal la bodo tak yah nak hon hon macam cibs lahhhh Pastu pandang usha panas nak je tunjuk fuck Haih;Abusive Language
Selamat melanjutkan menulis cerita kehidupan dengan pena yang lebih baik agar cerita lebih menarik Chapter Happy New Year;Netral
Gue baru sadar gue udah lakuin hal goblok literally goblok banget anj Pengen ngubur diri hidup hidup i swear stupid af;Abusive Language
Anjing anjing fak fak shit damn;Abusive Language
im gon start ch but i keep rmbing how bangsat lw for pulling her shit and betray us like that SIS I ROOTED FO YUH SJSJEUDJD;Abusive Language
Sorry telat bales njar gak liat kemarenkampret lu kampret wakaka RT happy bitch day mas semoga tenang;Abusive Language
Lewat Hai moots bcs bsk udh ganti tahun aku mau ucapin Thank u udh mau jd teman online aku Sorry klo aku ga seseruga sebaik itu But i will try it hmm sorry jg klo aku annoying orgnya klo yg ga suka bisa bub aku Happy New year semoga jdi tahun yg baik;Netral
This bhikari kaum is living in India on kafir money nirlaj munafiks should do hijarat;Hate Speech
what the fuck hoyo double bannernya anjing bikin gua pengen uninstall genshin lagi ajg;Abusive Language
Selamat mengulang bulan kalian Semoga diberi kebahagiaan tanpa batas dan langgeng selalu Semangat untuk kamu dalam menghadapi semuanya You dont have to be strong all the time kalau capek boleh istirahat Sometimes life is tough but I know you can pass it;Netral
Setuju sayang Lagi menurutku yg abo itu juga ga sewah itu kok;Netral
Memang sebuah pengalaman yg seruuuu;Netral
Yap sangat cantik seperti kembang desa terus lokal banget Menurutku sangat manis dan seksi;Netral
bukan menunjukan kebodohannya tapi emang karakternya dah begitu tolol idiot;Abusive Language
kak thankyou for your sweet words kak tolong jgn manis kak jantung ku gakuat baca dm kakak kak i cant say anything else i hope u will be happier until the end i glad to know u kak sayang kak rain banyak selautan sesamudra sehindia sedunia pokoknya;Netral
Fuck sacry babi;Abusive Language
Shit sumpah arh tak tunggubabi siak;Abusive Language
Sumpahh Aku fuck up gila babi dgn kau;Abusive Language
fuck for all this shit things babi bena rasa camtok aihh;Abusive Language
DJ YAKUZA DIATAS AWAN ARE U REDY KAMI SEKECAMATAN SUMAREADY MENGUCAPKAN SELAMAT HARI BURUNG TAMBAH UMUR TAMBAH LANCAT SEGALANYA HAPPY NEW YEAr;Netral
fuck gemes banget anjing;Abusive Language
Selamat tahun baru Terima kasih sudah menjadi tawa dan tangis di akhir tahunku Happy new years;Netral
emang jadi fsog ditayangin di indonesia Hahaha Cuma sayang nis belakangan ini british men are already taken or soontobe taken;Netral
tau ajaa nihh pengalaman ya;Netral
Jangan terlalu ngeliatin kalo sia te Tolol atuh euy ketakutan dosa ga nyebarin BM tapi sehari nyekek Botol idiot;Abusive Language
Happy new year sayangsayang terimakasih sudah membuat ku penuh warna;Netral
GOBLOKnya kebangetan nih orang SUMPAHSprti komen gw diawal udh GOBLOK NYOLOT pula Eh tong yg namanya presiden dari jaman dahulu kala juga diliput junjungan aja yg baru jadi capres aja juga kmnadiliput apalagi sekelas presiden IDIOT LU;Hate Speech
Stress babi Fuck semua lah;Abusive Language
Yang ada elu mau apa anjing thena fuck;Abusive Language
ada aku tumbuk ref babi ni fuck;Abusive Language
Legitimasi politik dipertanyakan Pemilu kemarin dianggap penuh masalah isu kecurangan abuse of power sampai peran MK yang meloloskan Gibran lewat putusan kontroversial Buat sebagian orang ini bikin pemerintahan mereka dianggap nggak punya fondasi moral yang kuat;Netral
Orangorang dari B itu emang udah ada gilagilanya ya ya kali bikin narasi gini Sampaikan Aspirasi Boleh Anarkis amp Menyentuh M BB kami ratakan Dia siapa dah udah sok sok an Untouchable gitu orang suci pak;Hate Speech
Happy New Year Taxmates Terimakasih atas kebersamaannya sepanjang tahun Di tahun nanti HiPajak punya beberapa list resolusi dan bakal ada banyak kejutan buat kalian Keep in touch ya;Netral
Jusco tebrau dalam Aku nak keluar dari mall je sial ni pun still stuck fuck off sia babi anjing;Abusive Language
jadi normalisasi konsumerisme menurutku mereka bakal suka belanja banyak dibuat vlog atau apa aja bbrp bulan kemudian dijual entah knp kayak ada yg salah;Netral
fuck you polis aku engat nme ko md shukri jage kau babi saman aku;Abusive Language
bocil kesayanganthankyou deh jd kwn w yh thankyou for join in my life and pls still like this until new year hihilove u ara meongmksh dh mw jd kwn gue yg slalu sbr slalu mnunggu dm sy be happy yh janlupa mam cuy jan sakitjan suka wtpLOVE YOU SM;Netral
sweet banget si adeknya akuuy paling gemes cantik manis i love u dede;Netral
happy new year selamat tahun baru SEMUAAA dari aku mantan kak ji;Netral
Bedain sit sama shit goblok;Abusive Language
Happy New Year kami crewct VALSIRE mau ngucapin terima kasih buat kalian yang udah gabung sama kita peluk cium kalian atu atu kami doakan yang terbaik buat kalian rp maupun rl selamat bakar bakar yah jangan lupa bagi ke base remember VALSIRE always love u;Netral
Happy new year Selamat tahun baru to my fellow bookish mutuals Semoga di ini kita semua bisa menyelesaikan semua tbr ataupun kalau tidak juga gpp yang penting tetep enjoy Lets do our best this year everyone;Netral
Banyak bgt yg berubah gara covid ahhhh gasuka babi anjing fuck;Abusive Language
ln f bea yang berpindah tangan jadi beo bjir agak sedih karena usnnya bagus menurutku cas f bea yang jadi ekaun promosi;Netral
Meskipun ending sdh dijelaskan di bab Yayoi ini menurutku masih banyak hal yg sedikit krg memuaskan Sedikit banyak aku sdh bisa menangkap dg apa yg tjd pd Toshiaki dan juga Hiroki tapi rasanya kaya ada yg kurang aja sih;Netral
menurutku semua sama aja si kak soalnya ga ada kondimen yg nekoneko trs udah template;Netral
Untukmu Im proud to be yours selalu sayang sama keluarga yaaa bg;Netral
Happy New Year TALKINC Friends Jangan lupa untuk wujudkan resolusi kamu ditahun yang baru ini selamat berjuang;Netral
Terus plsi nya bilang Jangan salahin kita terus skrg salah DPR kita cuma kambing hitam Like You have a choice yet you choose to side with the oppressor;Hate Speech
Kkt to Astaga sayang Im going to be a dad oppa ga loncat tapi langsung menangis Arg oppa masihdi indo jadi tidak bisa memelukmu Terimakasih syaangku jangan terlalu lelah I love you;Netral
BOCIL KONTOL IDIOT BABI ANJING CUIIIHH;Hate Speech
My stupid sister air ni tak halal weh Me seriuslah Mana kau tahu Sis sebab kape kafir;Hate Speech
Halo kak apa kabar Udah dua tahun ya ngga kerasa Doaku masih sama seperti yang dulu semoga kak jjong selalu bahagia Apalagi sekarang ada tementemen baru Dijaga ya kak dua bidadarinya Thank you for always being there for me I ll try to be happy;Netral
Iya tapi bukannya di moving juga jadi tukang gebuk ya Udah ada pengalaman;Netral
Ngeri ya ilmu silat lidah si irene inibukan goblok atau dungu atau idiottapi dia berhasil mengkombinasikan ketiganya;Hate Speech
Turns out gua harus beli laptop baru sekarang karena baterainya kembung Padahal gua baru beli tahun lalu Fuck lah pemerintah indo taiiii Ill just fucking blame everything to the govt now Fuck you pemerintah indo;Hate Speech
tonight we arenjang anjing bitch;Abusive Language
Selamat Tahun Baru gess Yang lalu biarkan menjadi pembelajaran Hal baik maupun buruk yang mungkin kita hadapi mendatang mari hadapi dengan tenang Kejar dan gapailah semua harapan ambisi dan impian kalian Happy New Year All adminnyasokbijaktapidesainnyabegitu;Netral
gue benci banget anjing gue sedih gue mau nangis fuck lah asu kenapa sih gue selalu ovt selalu ngerasa ga cukup sama diri gue sendiri;Abusive Language
Sayang jugaaa pokoknya nanti harus ketemuuu aaaa i wanna hug you remember to always be happy angel;Netral
the fuck babi sampah punya orang tua;Abusive Language
Happy new year Apa yang baik datang di awal tahun ini Ya kamu terimakasih telah hadir dalam hidup aku Memberi warna yang indah di akhir tahun hingga awal tahun semoga sampe akhir kita bareng Happy nd month with me sayang;Netral
heeseung sayang sunghoon semua sayaaaaang sunghoon bahagia terus yaa HUHUUU NANGIS NGETIKNYA IM TOO EMOTIONAL FOT THIS udahh ah aku cuma mau kasih tau aja ini aja you are my favorite kiddo im happy i can be able to see you grow from now till the future come;Netral
Kayaknya Yams ngematiin Erwin karena capek nggambar rahang cheekbones sama alisnya dah Susah bener emang And i get why Mikasa is his comfort chara to be drawn;Netral
Babi im still very sleepy but gotta go to makmal to finish up my shit huwaaa;Abusive Language
Happy New Year Selamat Tahun Baru semuanyaa Semoga tahun ini tentu bisa lebih baik dari ya Dilancarkan urusannya Tetap jaga kesehatan dan semangat membuka lembar baru Adakah yang di sini nonton anime setahun Nontonnya selesai di wkwk oke ngga lucu;Netral
fuck anjing detektif jin gmn;Abusive Language
Menurutku buku ini sangat recommended buat kamu yang suka baca novel misteri tapi gak mau berteletele demi nyari pelaku karena buku ini beneran sesingkat itu supaya tau siapa pelakunya dan masih dikasih tau motif serta bagaimana cara pembunuh beraksi;Netral
Abang gua bacot anjing fuck;Hate Speech
HAPPY NEW YEAR ALL Terimakasih telah bertahan sampai detik ini sayangsayangnya aku love u all;Netral
happy new year kak nana apa kabar semoga kabar baik aamiin tidak mungkin dirimu lupa dengan yin yang kiyowo ini yang suka oleng ke dobby inget ga kak sebelum debut treasure kita sering ngambyar bareng di dm twit setiap waiji update pasti langsung modar i love u kak na;Netral
kecuali foto terakhir itu menurutku foto foto aib sih yang pertama yaudahlah emang kelakuan bapaknya ngadi ngadi foto kedua aku selalu keinget karena diedit meme daegal merokok;Netral
like the other day i took a grab amp sumpah that young fine driver literally complete opposite aq lak xleh klau laki handsome mule menggelabah hshshs pstu aq lak nk cpt pdhl bukannye aq smpai office lmbt pun die tnye aq sbb aq bawak luggage die igt aq nk g ciq;Netral
Ya emang wkwkwk thai bl aja nonton cuman ppw doang karna suka aktornya yang lain mah cuman nonton beberapa yang menurutku lumayan kaya series nya boc bl china jelek semua bl taiwan amp jepang doang yang mending kalo Asia Aku emang lebih suka western bl karna no kaku;Netral
fuck malls kapitalis babi anyway HIDUP MIDVALLEY;Abusive Language
Lol you damn right No rush but like;Abusive Language
menurutku ya menurutku ini bl nya tersirat doang kek gak diliatin gitu unless berpikir kedekatan mereka itu lebih dari temen;Netral
Selanjutnya ada kupon hadiah dari Kakak ngga tau ini bisa dipakai kapan tapi terimakasih karena menyediakan kupon yang sangat lucu ini Marsha sebentar lagi bisa debut dengan TnC berlaku Happy new year Yemima Semoga lekas ketemu heeseung ya;Netral
Ugly bad attitude stupid and memek bau;Abusive Language
Lumayan se lek menurutku kakk but worth it kokk;Netral
the more i try to ubah the more you punya perangai menjadijadi takpelah orang cakap kalau someone tu nak ubah dia sendiri ubah for someone yang dia sayang so im done kau nak ubah thats mean kau sayang aku then if not sorry well be completely a stranger;Netral
Allah tidak pernah salah mempertemukan kamu dengan seseorangHadirnya membawa salah satu di antara dua hadiah untukmu yaitu kebahagiaan atau pengalaman;Netral
Lahh dia kagak mati ya tolol Dia masih hidup Saatnya bunuh bootlicker aparat dan aparatnya Fuck all the police Fuck Prabowo dog fucking shit Fuck all DPR MPR;Hate Speech
anaknya kalo dinasehatin tuh marahnya nabrakin dirinya ke tembok nyubitin badannya atau garuk garuk keras badannya Menurutku ini udah dibatas wajar ga sih mamahnya nih dari dulu nurutin trs kemauannya anaknya minta es teh dikasih trs badannya sekarang kecil bgt tantruman;Netral
Fuck no Anjing;Abusive Language
BENER BENER KONTOLLL GOBLOK SEMUA ANJING BERINGAS BANGET NGENTOT FUCK THE POLICE;Hate Speech
Menurutku seat di row masih aman sih kak soalnya center Ini bekas mapping svt kemaren;Netral
takde mood babifuck off;Abusive Language
mau bilang aja gue beneran sayang bgt sama yoongi kayak idk ive never fallen in love this hard towards an idol NOT IN THE BOYFRIEND WAY THO EW more like i love him as a person who deserve to be loved yaAllah yoongi kl aku punya dunia aku kasih ke kamu smua;Netral
ini angst bgt menurutku gak ada yang bahagia di akhir Padahal pasti awal ChaekyungRaja tuh interaksinya lucu bgt tapi ujungnya aduh;Netral
Anjing yang komen masalah politik jangan dicampur ke KPop Lu tolol Fandom kami gak nerima voters goblok You better get out stupid;Hate Speech
Yang dimana dia sadar kalo Indonesia lgi gak baik baik saja the fuck men Kenapa dulu aku bisa mau jadi wni yah cuman atas berdasarkan udah nyaman stay di Indonesia;Hate Speech
Btw Happy new year guys semoga menjadi manusia lebih baik lagiiiii terimakasih;Netral
LOL RT Anjing Apaan taemin sama krystal Fuck;Abusive Language
Happy new year Selamat merayakan senang dengan orang tersayang;Netral
JEONG MF JAEHYUN KIM MF JUNGWOO KIM MF DOYOUNG WHAT IN THE FUCK WHAT THAT ANJING;Hate Speech
Terimakasih kembali ka indaj sudah menghibur kita diwaktu tadi melalui sr nyaa happy new year yaa kaa indah;Netral
kuzzzz why the fuck he still like my profile kat leobot bodoh tu like kau nak apa lagi babi move on lah sielll;Abusive Language
i m trying to loving this shit walaupun hati pengen teriak ANJING;Abusive Language
Anjing kam binatang Fuck for kam yg bikin saa jengkel gtO gtlt;Abusive Language
Posisinya aku fg ya pandemi itu Jadi non pengalaman banget Sekarang lamar entry level atau experience sama aja susahnya;Netral
goblok chanyeol idiot bangeet;Hate Speech
terimakasih yaa happy new year jugaaa keren kamu masih stay di dunia ini tetap semangat yaaao;Netral
babi ape laaaaa haduhhhhh fuck laaaaa;Abusive Language
malem ini tl gue penuh cursing mulai anjing bangsat fuck dan sebagainya;Abusive Language
di kramat kwitang IB ada panti werdha asuhan gki semoga lansia yang di sana sudah dievakuasi semua kemarin ada yang berobat shes yo kualat polisi kualaaaaatt;Hate Speech
Happy new year kak joo Terimakasih sudah memberi warna di melalui tulisan nyaaa;Netral
Halo Saya yang harusnya bilang semoga gak bosen ngirimin saya menfess hahaha So ready for weekend Hope this one will be wonderful A simple gift which is my smile to brighten up your day Terima kasih hadiahnya hari ini jangan lupa jaga kesehatan ya Have a nice day too;Netral
Fuck I love your voice;Abusive Language
BABI LA DAY SUKA BUAT SURPRISE TAK MENENTU SIAL BABI FUCK FUCK FUCK FUCKKKKKKKKKKK;Abusive Language
GOJEK KOK LAMA KAYA ANJING YA MASA TARIF TIBA BERUBAH PAS UDAH SAMPE TUJUAN TERUS GOFOOD JUGA PAS UDAH ORDER HAGANYA BERUBAH ANJING FUCK U GOJEK;Hate Speech
Mencintai orang yang salah Iya tau urang bego Iya tau urang tolol Iya tau urang idiot Iya tau anjing aing gaguna Susah kalo udah terikat sayng ah anjing pengen udahin semuanya;Abusive Language
Spirits zangu zimerudi basrment ya basement ya the ocean fuck aaargh huki ni wapi;Hate Speech
Dalam memperkuat posisi sebagai Cultural Experience Center Sarinah hadir sebagai Official Experience Partner untuk LaLaLa Festival dengan tujuan memberikan pengalaman budaya yang relevan dan memberikan warna baru bagi generasi;Netral
UP AND LET SOMEONE LIKE YOU DESTROY IT i thought youll be my tempat bergantung percaya memahami dan satu satunya orang yang aku sayang but i definitely wrong again aku salah sayang org lagi aku benci kau weh jujur aku janji aku takkan layan kau like what i used to;Netral
menurutku jemong super considerate bgt orangnya huhuhu jemong;Netral
kaya gaada bedanya u sama that fandom kalo senggol senggol idol juga gue alah kali yaa tapi serius all the idols tuh deserve to be loved Kayaaa seburuk apapun fans nya i cannot hate BTS karena mereka memang sehebat itu so inspiring dan gue sayang sama semuanya;Netral
Happy New year Selamat tinggal Selamat datang Semoga tahun baru ini menjadikan kita pribadi yang lebih baik lebih sukses lebih berkah dan lebih bahagia Salam kelurga dari kecil kita Junkyu amp izzie;Netral
Sumpah aku benci kawan jenis babi lahabau buto sial macam ni Islam atas sijil Lagi teruk dari Kristian Fuck;Hate Speech
Padahal tu cowo kagak ganteng si Bangsat keinget gue pernah juga waktu zaman dulu sma diselingkuhin sama adik tingkat shit;Abusive Language
Hello friends Happy new year Terimakasih udah mau temenan sama kia semoga kalian sehat selalu dan hari harinya selalu di liputi oleh kebahagiaan Sending love to you;Netral
To be honest kalo orang ngeluh gue capek lu jawabnya bisa ga gabisa diusahakan ya wid Atau apala gt yg lebi polite bukan malah ngejudge HIDUP LO GITU MULU WID;Netral
I just want to say Kalian cantik Kalian hebat Kalian berharga Berhanti nyalahin semuanya terutama diri kalian sendiri Lakuin apapun yang kalian suka Everything will be fine Have a nice day;Netral
pajan paling babi hahahahahaha aku fuck budak lepak pavilion tengah hari kot;Abusive Language
Oh fuck banyak banget Kumpul kapan Senin And the award for the most bangsat dosen goes tooo;Hate Speech
bangun lihat notif tiktok rame banget sempet bingung karna seminggu ini emang ga upload VT sama sekali ternyata ada VT lama yg mulai k UP lg dan bisa rame grgr isi komennya orang TOLOL viewers yg awalnya k jadi k you guys are stupid people with that easy education;Hate Speech
FUCK ANJING MALU BABGET;Abusive Language
i honestly tired for being a positive person anjing so ill take some rest from positivity shit;Abusive Language
idiot gua baru inget anjg kan gua minus ya trs gua mau nonton avatar nih yg d TAPI GUA MALAH MILIH SEAT A GOBLOOOK masa double kacamata ih anjng kek org tolol;Abusive Language
Happy new year Mom Terimakasih untuk semuanya;Netral
Entre a miss e a Babi acho que Babi pode render mais ao longo do programa;Abusive Language
Untungnya Minggu kmrn udah gak ada demo Agustus udah puncak geram sama pemerintah kalo kita cooldown trs track back ke awal demo terstruktur bgt semoga demo kedepan rakyat jaga rakyat jangan ada korban lagi;Netral
bila kalah pes sbb x warm up perasaan dia mcm nak g nasi lemak anjing tapi tutup fuck;Abusive Language
Capek ueyy nangis mulu dari kemarin i am proud to be NctZen;Netral
Kapan gw bisa nyetir anjing kalp ga dibolehin bawa mulu dgn alasan ini keburu soalnya KONTOLLLL fuck udhlah;Abusive Language
KONTOL ANJING MEMEK BANGSAT BABI TAI ANJING FUCK YOU GAADA YG TIDUR DI DALEM DUA DUANYA BANGSAT;Hate Speech
Ya mmg tolol krn gak dididik baik buktinya itu udh rugi jt;Hate Speech
sayangku terimakasih suda mau berteman sama aku terimakasih suda bertahan sampe titik ini kita berteman selama nya yaa lets get closer semoga doa baik balik ke diri kamu im happy to know u bahagia selalu yaaa i love u and happy new year;Netral
Hmmm you know what the worst feel in this situation You cant angry to yourself cause u r too stupid and too panic Ahhh jdi gini rasanya jdi orng tolol wowkwowkwk;Abusive Language
Fuck lah Aku benci betul dengan manusia acah care cakap pasal hubungan aku ni Babi lahh Kau tak tahu apa aku rasa and tak payah nak tambah cerita lah babi;Abusive Language
Pelacur rata kepalanya isi taik anjing jadinya IDIOT;Abusive Language
damn teruk sia Babi soton spoil bnyk;Abusive Language
Goblok Kau kau bukan cuma Buta amp Tuli ttp malah IDIOT Kau sungguh Jahanam LontoL BermoraL Hewan cuma piawai Cuci Lontong Siyep Leper Antek AsingArab utk jalankan misi Tikus Got Orang Arab amp Gerombolan RadikaL yg mau destroyed NKRI mengubah RI jadi SuriahYaman ke;Hate Speech
terimakasih untuk mutualku yang sering jadi moodboosterku terimakasih sudah jadi orang baik terimakasih happy new year;Netral
Takleh bela la sial hahaha bgn pagi nk kencing kote hilang hahahahahahahahahahahha babi la hadi hahahahah fuck;Abusive Language
Assalamualaikum happy new year Selamat datang;Netral
Yang di luar negeri apakah bisa membuat mereka kena deportasi Mereka ninggalin negara dengan kekacauan and act like shit The fuck;Hate Speech
sumpah ya udah stress ngejar materi stress ngurusin idup masih distressin sm agensi bangsat hmmm wayv gained lots of fans this era but label v decided to be a bitch once again what are u gonna do if the fans start leaving cuz of this mess capek su;Abusive Language
Fuck laaaa tak habis habis lagi ke nasib malang aku ni Apa ke babi sangat ni awal tahun malang hujung tahun pun malang jugak Fuck fuck fuck fuck fuck fuck;Abusive Language
the fuck tolol bgt;Abusive Language
Even prayers sounds bullshit im numb as fuck Doa jg ga guna man aing pgn ketemu mamah pgn denger suaranya Pengen peluk Anjing ga lucu bgt sumpah ditengah kerja tbtb kerasa sakit bgt and i ended up crying like a lil stupid kid bcs fuck i am Im fucking lost Stupid lost kid;Abusive Language
break time don t forget to take a break your brain would be so bored from studying do something else that is also productive jam istirahat jangan lupa buat istirahat otak mu bakal capek banget dari belajar lakuin hal lain yang juga produktif;Netral
Selamat pagi happy new year everyone Dari aku yang pagi ini presentasi walau libur tahun baru;Netral
nonton queen mantis emang harus sabar bukan karena plotnya lambat no menurutku plotnya masih wajar sabarnya tuh karena di sini sifat manusianya realistis apalagi tim yang diketuai sama suyeol kalo di rl pasti ada aja orang yang kayak anggota tim suyeol ini;Netral
Jadi di NgebutZ tuh belajarnya dibagi jadi tahap PreClass nonton video materi dulu di Zenius LiveClass belajar bareng tutor disini kita bisa tanya jawab PostClass kerjain PR buat nguji pemahaman kamu Sekarang aku mau sharing pengalaman aku ya;Netral
Ibarat dikasih babi ngga mau dimakan tapi milih makan hasil nyolong Damn;Abusive Language
Saya nak buat pengakuan Saya baru telan makaroni goreng Kit Kat dan saya masih lapar Yup I will be single forever I think There is no way Im back to kurus again;Netral
Anjing anjing ini bitch kok dikasih job to;Abusive Language
thank u ka udah adain GAlt halo ka semoga km bisa dapat tiket cy yh dan dimudahkan segala urusannya dimudahkan untuk dapat tempat yg kaak mau semoga keberuntungan selalu menyertai kakak lt;Netral
Nangis banget Sekarang aku cuma berharap kalian bahagia bisa saling sayang dan jaga satu sama lain sampai selamalamanya Apalagi setelah tau kisah kak Usok i just want him to be happy after the hard times hes been through;Netral
ANJING NOT ME NANGIS FUCK YOU AND YOUR CURSED MIND;Abusive Language
Careless as fuck anjing;Abusive Language
Halo kakk aku mau argentinya boleh;Netral
makanya gausah sok blok sana sini pake ngeblok reddit segala idiot banget safe search ga bisa dimatiin pula pantesan dibikinin akun bodong toh orang juga udah ga percaya sama ini lembaga trust me that wont be the last;Hate Speech
kafir useful idiot;Hate Speech
iya nyet Okay babip nisaa oke babyiiiiiiii D Dont you kiss me bitch nisaa anjirrrr lu fuckmwah;Abusive Language
SELAMAT TAHUN BARU BUAT SEMUA YANG BACA TWEET INIII HAPPY NEW YEAR semoga tahun baru membawa kebahagiaan baru buat kalian semuaa;Netral
Happy new year sa Terimakasih banyak sayangku sehat selalu tolong ambil semua cintaku;Netral
Ilove who i am semoga tymah sentiasa sayang diri sendiri without stop and pls dont stop to make a move and change to be a better person jadi lebih baik fatimah dr segi akhlak budi bicara pakaian and etc u can do it believe Bismillah;Netral
Idup ngang ngong ngang ngong eh tiba dah aja Happy new year semua manusia di muka bumi ini Semoga banyak hal baik lainnya yg datang menghampiri dan mari lupakan yg bikin kita sakit hati yaa Terimakasih sdh bertahan sejauh ini kita kuat;Netral
HAPPY NEW YEAR AND WELCOME GUYS TERIMAKASIH NYA makasih bujank;Netral
Baru keluar bioskop abis nonton Film Bioskop Mama Pesan Dari Neraka asli mindblowing Horornya dapet tapi ada juga drama keluarga yang bikin nyesek sih menurutku;Netral
Aku belum pulang and how the fuck I supposed to act anjing lee heeseung anjing lu BRENGADJHABSBD;Hate Speech
BTW BTW HAPPY NEW YEAR SELAMAT TAUN BARU SEMUANYAAAA;Netral
I fuck u lah babi p;Abusive Language
How the fuck all these belongs to kafir when not even one person sits on higher priority in Arab countries;Abusive Language
Pake lagu Fuck the Police NWA aja kalo ga bisa pake lagu feast amp hindia;Hate Speech
abiii semangat yh syg stay healthy and hydrated bahagia terus dont forget to be grateful sayang abii love u;Netral
Tegur la ape masalah tp jgn harap org nk ikut ckp ko sorang je ni bukan company sdn bhd pas tu dh jadi menteri main suka nk resign mcm org keje private now buat podcast senang keje kan first ko dtg podcast aku esok aku dtg podcast ko plak hehe;Netral
happy new year terimakasih banyak kepada diriku sendiri yang sudah ingin bertahan sampai saat ini dan maaf untuk banyak menahan rasa sakit ditahun sebelumnya semoga bahagia selalu ditahun yang sekarang semangat diriku please be stronger than ever;Netral
menurutku pernikahan itu ngerubah kehidupan kita tapi bukan berarti ngerubah kebiasaan seseorang ada yg namanya adaptasi sedikit demi sedikit menyesuaikan kebiasaan kita dengan pasangan bukan menghilangkan kebiasaan yg sudah ada;Netral
SAMPAH BABI FUCK;Abusive Language
HAPPY NEW YEAR Terimakasih tahun sudah memberi banyak pelajaran hidup semoga di tahun lebih baik lagi Diluaskan sabarnya dilapangkan ikhlasnya dijauhkan dari segala hal yang buruk Aamiin;Netral
aND TAU SENDIRI NASI PADANG TUH BANYAK BGT CUMAN MAKAN SAMA AYAM GORENG GAENAK ANJING FUCK;Abusive Language
fuck kwn kite Babi aku sangap hari xdpt Tu aku berangin je ni Cb cb;Abusive Language
Yah kalau dia serius sama lu gak salah kan Semua orang punya masa lalu kan Bisa berubah ke yang lebih baik atau gak Itu si yang menurutku musti lu koreksi;Netral
Ada aktor utamanya ini ROB THE BURNING HOUSE Prabowo sebagai presiden sudah tidak mampu lagi melindungi rakyatnya Sebaiknya Prabowo amp Gibran MUNDUR Pulang DPR RI Kemayoran Uya Kuya Eko Patrio Kwitang;Hate Speech
Fuck lu anjing;Abusive Language
Kira savage ah cakap perempuan tayang tayang aset ni tak hairan kalau diorang kena sexual harassment Fuck lah kau anjing;Abusive Language
Setelan Pesta Batik Wanita Setelan Batik Wanita Deura D Jangan sampai kehabisan Dapatkan koleksi cantik ini segera Stock sangat terbatas Original Branded What You See What You assheevabutik my id;Netral
paling geli ama orang edgy dan orang sok edgy u guys are same shit yang satu kiri mentok yang satu sokan mau kiri pdhl moderat org goblok;Hate Speech
CRAZY and STUPID Parah sih kalo pada akhirnya tidak ada satu pun Jendral Polisi yg mengundurkan diribertanggung jawabdihukum;Hate Speech
Salah satu hal yang bikin bahagia diakhir tahun terimakasih untuk ini semoga ditahun berikutnya lebih baik dari sebelumnya Happy new year;Netral
HAH GOBLOK FUCK YOU GET AWAY FROM ME ANIING PERGI LO AJJING JANGAN MENDEKAT;Abusive Language
ka tipa tipa tipaaaaaa sayang banyak banyak sama kamu i really glad to know you bener sayang banget please be happy okay harus lebih baik daripada tahun inii ilylt;Netral
tapi bintang sama bulan ga akan pernah capek untuk temenin kamu they will be right there they wont dare to leave you alone there s always a hope vee kalaupun itu bukan jalanmu i know it won t stop you to reach your goals veeeeeeee semangattttt;Netral
which one yang nyogok masuk ui the fuck gue titip sorakin kalo ketemu di kampus ya jangan biarin tenang keluar ke publik;Hate Speech
Iya klo gk salah mereka sempet rerelease blm lama ini jg rerelease bbrp OP print mereka deh klo gk salah Klo LL jual himekaji lgi menurutku aftermarketnya bkl ttp parah deh krn orang lebih glorify vintage kemungkinan rilisan baru gk sebagus yg lama;Netral
halo aya salam kenal ya nice to know u jgn risih ya klo aku sering jbjb i just want to be closer with u hehe;Netral
Belom baca promptnya lagi The fuck;Hate Speech
ANJING LO TAI BABI CEWE MURAHAN ALAY JABLAY LONTE PEREK PELACUR FUCK;Hate Speech
Stress bgt punya temen kerja yg kek GATAU DIA NIH GIMANA GERAKNYA Tar tau sibuk bgt pas dia sibuk banget ini dianya pergi ada org nyari dia Kan kek Plis lah bro the fuck;Hate Speech
No mate It s because you are piece of shit Norak bangsat;Abusive Language
FUCK ANJING;Abusive Language
Yujiem sender menahan diri utk gk keluar balkon dan teriak WOI PAK INTEL BISA DIEM GK BERISIK huff calm down my intrusive thoughts;Hate Speech
Polisi kalo ga mau jadi black goat ya support yang demo Aku yakin kalian juga pasti mau dengan aturan yang sehat dengan sistem pemerintahan yang sehat Tapi kenapa malah milih jadi kambing hitam Mengayomi kan Yaudah bantu rakyatmu pler;Hate Speech
Goblok dan idiot;Abusive Language
BABI SIAL WHAT THE FUCK;Abusive Language
Fuck nya kawan kawan semua tinggi Babi;Abusive Language
Makanya kan anjing freak bgt minta gue ulek palanya pake kamus oren fuck;Abusive Language
Lu anjing please jangan ganggu pikiran gua bangsat gua muak denger apapun tentang lu Fuck off;Hate Speech
fuck yall and your receipts go rot in hell pls tak habis habis receipt receipt macam babi gila perangai;Abusive Language
Thai nation son Soalny wartawan sayang sama dia Tenar selain bakat tp juga attitudeny Aku gk melebihkan karena aku stanny tp media nasional dan tv nasional bahas seperti itu Yg menurutku di thai kadang aktor bl suka dipandang sebelah mata Makasih ka buat suka sama fot;Netral
FAKER GONNA FAKE FAKE FUCK UDAH MATI AE SONO ANJING;Abusive Language
Happy birthday Seokjin Plis plis u deserve to be happy Semoga Jin bisa bangkit dr apapun itu yg dirasakan dan tau kalau ARMY sayang dia no matter what Thanku for give away yap;Netral
Wkwk gw pribadi di pv zayne yang menurutku intimate malah scene pas zaynemc mau jatuh karena gedung runtuh terus nempelin jidat masing Pelukan aslinya dah masuk intimate dah gak yang harus pekob banget;Netral
Itu gk sesuai dan menyusahkan rakyat kenapa di laksanakan tugas DPR apa Cuma duduk dan ia ia aja dgn peraturan tersebut Knpa tidak bersuara untuk rakyat dan menolak kebijakan itu please be smart we know u just a shit buzzer;Hate Speech
raditya dimas nih tipikal anak ca ava dark pronouns hehim yang suka ngetweet good morning cantik terus yang jbjb banyak hhhh;Netral
Semua kesian waa be strong be strong This world is stupid shit Karma bagai Hindu ke islam Babi;Hate Speech
laanjing suka nyalak kabitchkahkahkahnyalak la bitch;Hate Speech
bro u good ur ex gf is pregnant with your baby tho go get your shit together n tanggung jawab anjing jamet goblok;Abusive Language
Selamat hari ibu entah seberapa dalam rindu yang tertanamterima kasih telah memberi ku kehidupan kelak semoga hari aku menjadi manusia berguna untuk orang banyak thank you mom i love you mom I am proud to be your son;Netral
Babi siap bagi mini love fuck both of these countries;Abusive Language
Potong rambut malah mbak salonnya yang sayang Loh ini segini panjangnya mau dipotong Sayang banget Udah berapa puluh taun gak potong rambut puluh taun To be honest cuma taun aja itu rambut jd segitu panjangnya;Netral
Memang taat kpd tuan anjing najib ni klu anjing ni dulu berani bongkarkan apa tuan dia buat memang x huru hara la politik negara kita tapi tu la dia ni anjing belaan najib cover utk tuan dia;Hate Speech
Masih ada tp tai babi lah shit;Abusive Language
Fuck lahh anjing;Abusive Language
Gpp bang namanya jg belum pengalaman Mgkn blm nemu yg bs membersaimu menambah pengalaman aja Santaiii pelan aja Ntar jg ketemu yg klik;Netral
Fuck nya aku nak tidur lah babi Esok dah lah kerja Siang siang tak nak datang Dah malam baru kau nak potong besi bagai Babi sekmu ni Lepastu memekak menyanyi Bodoh;Abusive Language
hi selamat pagi dan happy new year semuanya lt Awal tahun ini akun udh ke lock aja kalo lewat boleh bantu tag ga makasih;Netral
Chota anjing;Hate Speech
terimakasih dan semua kenangan nya halo ayo buka lembaran baru happy new year all;Netral
he doesnt cause anything you fuck he was trying to help me cibai anak babi;Abusive Language
Ade org bodohjalan kat floor aku pastu gegar pintu org then lari mcm BABI nak beranakxde kerja Go fuck urself;Abusive Language
Fuck anying gue ngakk banget bangsat badan gue sakit;Abusive Language
nah iya itu maksudku pengalaman orang semua bedabeda nggak bisa digrup semua ke satu atau dua stereotip banyak penulis karya dead dove atau karya lain juga yang jago nulis soal kesehatan mental karena mereka nggak reliant kepada stereotip atau misinformasi yang beredar;Netral
Halo sayang It must be really hard but I feel you tho Kalo pas dirumah mungkin kamu bisa coba rephrase kalimat yg kamu denger jd lebih positif sebelum kamu iyakan So instead of someone else told u what to dowhats wrong its you telling urself what to do Semangaat;Netral
what the fuck semuanya dibungkam maksudnya apaaa;Hate Speech
Terimakasih banyak yaa happy New year nid;Netral
Kurang pengalaman ibu pertama kali hamil mungkin lebih takut atau cemas lalu gangguan nampak lebih ketara Mitos turuntemurun ada kisah lama yang kaitkan anak sulung dengan darah manis jadi sering dikatakan lebih mudah diganggu;Netral
apa lah salah anjing tu fuck human;Abusive Language
To panitia makrab pas angkatan dulu yg punya ide buat kasih minum brotowali ke semua peserta fuck you Banyak peserta paginya pada mencret semua anjing kaga mikir dulu apa ya;Abusive Language
happy new year jugaaaaa terimakasih sudah bertahan di dan mari menghadapi dengan kuat untuk;Netral
paling benci orang yang suka bagi salah information ni macam babi fuck;Abusive Language
Anjing FUCK bgt bngsat Donghae with female dancer during She Wants It omo hae what are you doing;Hate Speech
Page of Happy New Year selamat datang Bissmillah jadi manusia yang lebih kuat dari tahun sebelumnya dan bisa melewati fase Quarterlife crisis ini dengan baik Jangan takut Dewasa jangan takut gagal;Netral
fps lag skg pro anjing capcut fuck u;Hate Speech
I Need ah Real Niggacause Im ah Real Bitch;Abusive Language
hi swetie HAPPY NEW YEAR gmn kamu berhasil melewati semua masamasa sulit tahun kemarin kamu sangat hebat kak jangan suka terlarut dalam kesedihan karena kakak berhak bahagia stay healthy and always be happy dont forget to love yourselfFares I wuf u Tania;Netral
kak raline happy new year yaaa thank u udah bikin au sebagus itu aku suka banget sama karyanyaa kakak kakak sehat selalu yaa bahagia selalu yaa dan semangat okeee ily kakk;Netral
Selamat datang banyak doa dan harapan ku ditahun ini semoga satu persatu bisa ku wujudkan ditahun ini Happy New Year gaes;Netral
sumpah gw capek bgt ditanyain nnti pilpres pilih siapa like bitch none of them bitches deserve that kind of power Jelek semua blunder lipservice doang halah kontol Kek gperlu searching sana sini ditwitter aja cukup klo semua paslon cacat bgt anyway lemme just;Hate Speech
Hehehe The realest bangsat bitch;Abusive Language
anak goblok;Hate Speech
Stupid blink haha bilang twice ngk punya single yg terjual k trus Hlyt bukan album dan ngk dihitung di gaon padahal dihitung digaon dan dapat certifikat platinum trus BP ngk punya album jepang lah p sdh punya album jepangemang blink indo tolol kyk lu krn pada bocil;Abusive Language
Shit la line mcm babi;Abusive Language
HAPPY NEW YEAR TERIMAKASIH NCT SUDH JADI TEMPT HEALING UNTUNG SYA POKOKNYA GA NYESEL NGE STAN NCT;Netral
SM to EXO Even about Chanyeols false rumor just a hater who made up that shit SM kami tidak punya wewenang untuk kasus ini kek bangsat banget ga sih;Abusive Language
Nak orang sukasokong kita mmg mustahil So buatlah apa yg U suka selagi x kacau orang lain dan x memalukan keluarga Xyah nak pikir yg ve tu Move forward dan janji happy Happy New Year to U and family;Netral
Gais ini random buat tuker tiket kan lembar email tiketnya harus diprint ya Kl diprint BampW gapapa ngga yaa Apakah ada yg pernah punya pengalaman;Netral
Ganyangka aja lu jdi pengkhianat kyk giniAHAHAHA IDIOT Sih lu dasar bego Tolol Ga berguna;Hate Speech
Fuck Tau yg badannya pink idungnya gede buntutnya keriting wkwwk tau babi ga pir lt;Abusive Language
Happy New Year Di tahun semoga hatimu ringan kekhawatiranmu sedikit dan kebahagiaanmu tiada habisnya Selamat Tahun Baru As we say goodbye to may the new year bring you fresh opportunities new experiences and happiness beyond measure;Netral
Happy New Year selamat berbahagia wish nya lahiran lancar langgeng dalam pernikahan rezeki yg besar;Netral
Halo semuanya yang ga sengaja liat tweet ini gua cuma mau bilang kalo beberapa jam lagi kita udah sampe di bulan desember hari terakhir sebelom ini berakhir and if Ive to be honest gua benci banget desember dan mau langsung loncat aja ke januari;Netral
Anjing kau yg ngambil budaya indonesia dasar bangsat tauy cuma ngambil budaya saja kreatif dong woii malingsial;Hate Speech
Gapapa nder ga harus iphone Akupun juga baru beli yang a dan menurutku bagus ajaaa Cuman agak panas aja pas game Udah nder gausah dengerin apa kata oranggg Selamat nder hape baru;Netral
Centang biru juga percuma kalo cebonger mah Idiot tolol goblok kebangetan dan dungu Kasian anaknya punya bapak bego kayak si dede;Hate Speech
hay happy new year selamat mendapatkan balasan dr setiap perjuangan wishnya kt bisa ketemu lagi dalam keadaan yg sehat wal afiat dan kamu sudah memakai seragam yg km impikan selama ini aku bahagia sekali ngeliat kamu nangis itu pertama kalinya aku ngeliat km nangis loh;Netral
Happy new year terimakasih kalian yang udah hadir di tahun walaupun cuma sebentar doang;Netral
item lo buluk cewe kok item dasar ngga the worst fact that im asian that s rude anw idung lo tu kek babi idk it was a joke or nah but damn it hurts right here in my meow meow dude ik they re joking around but im enuf yall tf;Hate Speech
Program kali ini bukan sahaja menyatukan bakat di gelanggang tetapi juga mengukuhkan silaturahim antara jiran tetangga melalui tradisi warisan kita Team Selangor terus komited membawa aktiviti sukan dan budaya dalam komuniti mengukir pengalaman segar untuk semua;Netral
anjing sedikit pesan dari gw yg akun kecil cuman buat lu pada yang masih pada tone deaf masih pada diem dengan alesan toh kondisi ekonomi amp politik gada ngaruhnya kita cari makan dngn cara sndiri and skrng wktu yg tepat buat lo pada open ur eyes and look at the reality;Hate Speech
Allah memberikan akal untuk berpikir malah jadi polisi goblog anjing ill not forigive u bitch ass;Hate Speech
Dear my fimmies illit fearnot gllit Cuma mau bilang terimakasih sudah bertahan ditahun dimana cobaan kita di tahun itu sangatlah awikwok Happy new year guyss;Netral
Menurutku sih ga ada yg salah dan ga ada yg bener cuma beda sudut pandang ajaLek menurutku sih amal mending ke panti yg beneran membutuhkan kebanyakan yg kerja jd pengemis itu asline kaya dan jadine orang malah suka kerja jd pengemis kalau masih banyak org yg mau ngasih;Netral
Halo nder Aku bisa excel tapi belum ada pengalaman jadi admin finance boleh daftar kah Tp aku ada pengalaman satu tahun sbg teller Klo boleh dm aku ya nder Terima kasih;Netral
That day i mimpi i was about to fuck a friend of mine But tak jadi sebab ada orang dok perati Siot dah la potong stim pastu gi sengih macam kerang busuk Babi tol kalau tak dah dapat fuck that girl dah Cb;Abusive Language
Tbtb ada discourse thai bl bisa atau engganya adaptasi cbl Menurutku bukan bisa atau engganya tp berani ga se toxic cbl Cbl tuh karakternya semua layak masuk penjara meanwhile ada karakter grey area di produksi biru itu aja fanwarnya panas bgt;Netral
tadi waktu gayle tu lepas pun defense macam babi boleh lepas berapa orang dengan pass je fuck;Abusive Language
cuma cari atensi cuma ingin yerlihat kerenbuat pelaku klitih kalian tidak terlihat keren tapi terlihat idiot yang tolol yg gk punya karya dan hoby untuk ditekunikasian;Hate Speech
Kuncinya ikhlasin perasaan sakit hati itu i know it takes time a lotttt But u need it for urself dan org yg sayang sm km Let urself to be freedom and happy;Netral
tolooool bgt emg aslinya tolol eat shit isnotreal;Abusive Language
melani masih bisa liburan haha hihi padahal refund lo belom kelar tuh karena PEMERINTAH indonesia banyak kena passing tuh karena PEMERINTAH NYAWA LO ANJING NYAWA LOOOOOOOO itu juga bisa ilang karena PEMERINTAH stop bilang politik gak ngaruh di hidup lo;Hate Speech
I NEVER HATE SOMEONE THIS MUCH UNTIL I SEE THEM COMPARING NAMJOON WITH THEIR IDOLS I MEAN WHAT THE ACTUAL FUCK YOU DOING THIS SHIT JUST LET THEM BREATH BANGSAT SIA MAH;Abusive Language
gue gambarnya banyak juga kaget wkwk Selamat tahun baru Happy new year Akimashite omedetou;Netral
first impression wah sayang banget ama hifumi ni u are my bucin mui pren bareng hagi btw mui anakku mb trus to be honest MASO BENER Y LGSG GAS BELI MERCH MUI WWW what i like abt u rame trus jd tl ga sepi hh should u post this too up to u;Netral
Ku prnh diposisi itu sampe skrg brbulan bangun ato tidur tuh capek insequre anxiety everyday Skrg udh mendingan setelah ikut ibadah yg bahas ttg mental illnes dan kebetulan beliau jg calon konselor im be better sampe skrg u able to pass ur sadness elieve it;Netral
yang goblok kan perusahaannya gausa lah jari lu lantang talk shit abt him anak gue ga salah apa apa ya;Hate Speech
Heh kamu anjing ya FUCK;Hate Speech
Holy shit I want Lord Tubbington;Abusive Language
We fuck dah babi;Abusive Language
Menurutku aku sudah menunggu cukup lama Bosan Aku meninggalkan koperku di dekat resepsionis untuk kembali mendekat ke arah pemeriksaan Tara ternyata sengaja berada di antrian terakhir Di sela aku menunggu giliran Tara suara menggema di lobi membuatku menoleh;Netral
Good night jugaa sygku cintaku belahan jiwa ku jangan begadang u Makasih juga untuk pap nya cantik lucu bgt deh kamu;Netral
Tbh this is sus Kok bisa masuk kompleks perumahan dengan mudah Okelah yg rumah sahroni tapi rumah eko dan sri mulyani agak mencurigakan;Hate Speech
teringat ke maren mlm jdi kesel bgt gua fuck buat lw anjing;Abusive Language
Kampret lahbadan w juga sama cape n pegel tpi w ttp care tuch buat nurutin kemauan uambek ajj u gedein perhatian u kurangin;Abusive Language
Shit byknya child abuse skrg ni babi betul;Abusive Language
Tema bawah laut milik yang tidak pernah gagal Happy new year anak baik Terimakasih banyak karena sudah mengingat zenith dalam listmu yang oke itu Sehatsehat orang sehat;Netral
klo mikiran kamu mah dia ngga bakal lalai buat nafkahin kamu nder semangat ya nder cuma mau ngingetin klo di dunia ini ada juga ortu durhaka jadi menurutku ngga papa banget klo kamu acuh ke bapakmu toh beliau juga acuh ke kamu ikutin aja apa yang beliau contohin;Netral
Terimakasih untuk kerja kerasnya di tahun Tahun ini harus lebih lebih lebih dan lebih PeDe ya HARUS Happy new year my angel;Netral
Kok ada hal se stupid ini tolol kebangetan;Abusive Language
Ready open vcs stay safe puan mundur uya kuya doodstream videy ometv intel hoax darurat militer dprd sri mulyani;Hate Speech
Happy new year Terimakasih sudah menemani di tahun Semoga di tahun yang baru ini Chen akan selalu dikelilingi oleh segala kebahagian Mari mengukir banyak kenangan lagi ditahun tahun berikutnya;Netral
rene juga mau bilang makasih karna xian udah tulus sayang sama rene bikin rene selalu nyaman sama xian dan bikin rene makin sayang juga sama xian youre the only one who can take care of me as well and im happy to be your half life i love you so much xian;Netral
bukan nak face shaming ke ap but bitch muka kau hodoh siall kau ingat perngai jijik kau tu buat orang suka ke dsr anjing yer lorh dahlah gemuk pastu jagalah sikit perngai tu;Hate Speech
Apakah dan DPRD bisa dibubarkan Secara konstitusi tidak karena mereka dipilih oleh rakyat sebagai bentuk kedaulatan rakyat Tapi Kalau rakyat yang punya daulat memutuskan mencabut menghancurkan dan mengubah bentuk kedualatan mereka itu what do you want to say;Netral
disuruh mikir sendiri bilangnya aduh gua kenapa cepet dewasa sihh what the fuck gua tau umur lo masih remaja yg baru dapet ktp tapi bukan berarti boleh se childish w ini lah anjing;Abusive Language
HAHHHH ANJING SUMPAHHH TA LO BNRAN NGELAKUIN OMONGAN LO ANJING FUCK ANJIBG GUE GA PERCAYA;Abusive Language
gak ada sih gak punya pengalaman buruk sama libra hm lagu kebanggaan bingung milih sih tapi lagi sering dengerin ini promosi;Netral
Disebar orang goblok dan diterima orang idiot Goblok emang gini aja bisa dikaitkan dangkal banget sih pemikiran kalah dangkal kubangan lumpur mah;Hate Speech
MENURUTKU SERU DAN ADA LUCUNYA JG GEGARA ANIMASINYA LAGUNYA ENAK BGT PLS;Netral
What the actual fuck Apa yg sbenernya terjadi Anjing tu cwe mana kelakuanya brengsek banget;Hate Speech
Babi I regret what ever the fuck I just did one second ago I SCREAMED A LITTLE BIT TOO LOUD HELPPPP EMBARRASSING;Abusive Language
Bitch i told u ok im fine so mind ur own damn FUCKING business This is my last staw don t test my patience Who ever jelah yang read this tweet pls don t intervene life orang lain menyampah babi;Abusive Language
Morning anak cantik jangan lupa mam ya semoga akhir tahunnya menyenangkan;Netral
happy new year all happy thank you for staying this long so proud of you guys yuk semangat lagi di nya semoga hal yang diinginkan bisa dicapai ya im hoping the best for you all sekali lagi terimakasih sudah bertahan i love you alll;Netral
AKU TERHARU BANGET DAPET SERTIF DARI FOXIE makasih banyakk kakak cantik kakak baikk lope u;Netral
Selama setengah tahun aku gaada kalian ngapain aja Banyak hate speech yang didapet ya Maaf aku gaada sama kalian waktu itu but army you did the greatest job I still proud to be one of this fam Sama sama dukung Bangtan lagi ya aku sayang kalian No words can describe it;Netral
Anjing sepi banget ni kaya kuburan Hacker idiot;Hate Speech
selamat new year ya yus terims udah maw jadi temenku yuss sehat selalu ya yuss harus happy terus love u moree yuss banyak banyakkkkk;Netral
fuck off problems i dont need you i dont wanna solve you solve yourself sialan oldest yet useless bangsat;Hate Speech
bastard bitch bangsat dont use thiss ahaaha;Abusive Language
Dari Senayan sampe UPN What the fuck;Hate Speech
Tolol bego idiot fds;Abusive Language
Yatuhan cantik bener gmn caranya biar cantik begini i want my man to be proud too;Netral
pasti ada aja tuhhh yg bilang gua fomo bikin story politik bodo amatttt anjing at this point mending gua dikatain fomo dari pada TUTUP MATA KAYA ELU TOLOLLLLLLLL;Hate Speech
Duo GabenerASU bukan saja Goblok dan ToloL tetapi malah bisa disebut Anak Idiot yg Super Kurang Ajar;Hate Speech
hi hello everyone selamat taun semoga taun ini menjadi lebih baik lagi amiin happy new year;Netral
fuck bashar Assad and anyone who supports that kafir Im pretty sure God said not to judge;Hate Speech
Damn man;Abusive Language
And that s your aunties and shit I guess but go off I m done with y all;Abusive Language
Gacha sanrio aja Jaga dapat pola lebih dari Gw nyesel kemarin dm gw abisin di flip krn ngira bakal dapat pola Ternyata udah pun masih blm nyangkut Dari pengalaman gw mending gacha aja harian hari ini ama besok Trus kurangnya baru gacha boxbeli coa bisa keknya;Netral
Fuck you la babi;Abusive Language
STOP DAMN DUDE DAMN DUDE ANJING APA GUE MUTE AJA DAMN DUDE;Abusive Language
Sekali lagi happy new year selamat tahun baruuuu dari aku yang udah selimutan otw tidur;Netral
STUPID DAE NIATNYA PULANG KE RUMAH KAN AMBIL ALBUM ANJIR INI UDAH DIKERETA KE JAKARTA BARU INGET BEL DIAMBIL ALBUMNYA EH GOBLOK GOBLOK KENAPA DIPLIHARA SIH;Abusive Language
Ey Babi Leave me the fuck alone Thank you;Abusive Language
Manfaat mypertamina banyak banget ternyata Thanks pertamina Happy New Year Page of Terimakasih Hepi Arsenal Thanks Alhamdulillah Thankyou;Netral
ah fuck time sekolah aku pernah bagi flyers ke eh kat ex schoolmate aku ah babi kalau ada bodoh lah aku ni;Abusive Language
ooo damn um Im just gonna leave now lol;Abusive Language
Fshit rules by NTNC again Pay tax for nothing Gile Babi betul This is to notify you that VAT will;Hate Speech
Damnkalo kucing gue ngedeket aja gue stop ngasep anjir Ini malah disembur tolol;Hate Speech
TAPIIII menurutku yaaa wv presale tuh harusnya bisa dapet privilege lebih dari promotor dapet sn dan view yang paling high demand di section itu karena udah put effort lebih untuk secured ticketnya duluan dan udah ngeluarin cost yang lebih banyak dibandingkan yang lain;Netral
ian ni comel la sial babi fuck comel la nak mampos bodoh punya jantan COMEL NAK MAMPOS FUCK COMEL CAM SIAL;Abusive Language
UERTE BUDAYA INDONESIA IDIOT BRUTAL NGGAMUTU BINATANG GAK KURANG KUENCENG TA MAS BUDREK GOBLOK;Hate Speech
media mulai bikin berita dengan tone positif ke polripemerintah malem ini intel mulai provokasi amp bakarin fasum biar parcok gampang nyari kambing hitam buat dituduh jadi dalang nanti tanggal buzzer turun ngepost narasi damai I can read your playbook like a magazine;Hate Speech
kalo lo negatif bukan ga mungkin lo kena pas periode nunggu hasil swab kalo positif berarti lo udh nyebarin ke banyak orang tolol goblok orang dongo idiot astaghfirullahhhhhh;Hate Speech
tp jujur sih di wish tuh yg kelihatan papahable jaehee sion cm aku lebih condong ke jaehee krn bbrp kali dia tuh nunjukin vibes papah dibandingkan sion karna menurutku lg sion tuh lebih ke vibesnya mamahable paham ga sih kek paretsnya wish ya mrka;Netral
Did you see the difference Redness makin reda Jerawat pun dah berkurangan banyak Nampak kulit lebih glowing amp sihat Yesss you dont need to be putih untuk buat kulit nampak sihat amp cantik Enhance your beauty;Netral
Selamat tinggal Terimakasih atas suka duka tangis serta tawa yang sudah dilalui terima kasih atas segala pelajaran hidup karna sudah mampu bertahan sampai pada titik ini Selamat datang Semoga kita mampu bertahan dan berjuang lebih baik lagi Happy New Year;Netral
Maaf juga ya yang kadang jarang muncul Apa yang ingin diperbaiki di tahun baru Banyakkk tpi satu hal yang hanya bisa aku ucapkan Terimakasih dan selamat datang kejutan baru Happy New Year;Netral
This is a bit cringe to be exposed but kelakar Yana to her bf muahhhhhh Her bf muahhh Yana to us kenapa h kurang tak sayang la tu HAJAKJKAJSKSJS Girllllll;Netral
Gak kayak cowok di indo yg apa maunya instan Mau dapet cewek cantik pinter batin dan rohaninya bagus tapi sendirinya gak bisa memimpin ceweknya What kind of guy is that Menurut ku tugas cewek dalam hubungan karena cewek itu makhluk emosional dan perasaan;Netral
Wifi celcom bodo anjing pukimak lancau cibai fuck shit sakai motherfucker bullshit ampampampampampamp;Abusive Language
Selamat thn baru Apapun yg telah dilalui di th jadikan sbg pijakan utk menghadapi tahun Percayalah amp yakinlah thn akan memberikan yg lbh baik dr thn Tuhan bersama kita dlm setiap langkah di tahun Sukses terus dan semangat berapiapi Happy New Year;Netral
aku fuck artis melayu ni semua tah pape belakon cam anjing bangsat pengarah pun cam anjing cerita melayu tak bekembang;Hate Speech
Buat yg gak dibales yaudah fuck off mind ur own business gausa nerorin gua kek orang tolol karna gua males sama lu tot;Abusive Language
Halo Selamat Tahun Baru Di tahun ini mari kita rajut kembali mimpi dan harapan yang bermakna Menjadi pribadi yang bahagia bersama dengan orangorang tercinta Happy New Year Everyone;Netral
Hai Kak Arum maaf jika penyesuaian harga dan benefit membuat Kakak tidak nyaman Penyesuaian harga kami lakukan untuk pengalaman internet yang lebih baik Kami pastikan kualitas tetap prioritas Ada banyak pilihan paket internet dari IM Aku sarankan Kakak bisa cek berkala;Netral
Hakim idiot kontol;Hate Speech
Happy New Year Terimakasih sudah hadir di hidupku banyakbanyak tersenyum di tahun ini dan banyakbanyak bahagia Aku sayang kamu;Netral
gue yakin bgt ini manager gue bisa melihat muka gue gue pada org org ini babi mari kita senyum sblm manager gue tau kalo gue GRUMPYYY as fuck;Abusive Language
Babi babi mual shit;Abusive Language
Karena cebong itu otak nya idiot;Hate Speech
Happy New Year and Selamat Tahun Baru Dapat lawakan pagi ini rupanya;Netral
Senin Mruput dulu gasssssss Semangat ngajar sebekum Cutiiiii Cant wait Semangat senin semuanya buat pendukung fufufaya enlighten me bright side of him yg bisa bikin proud Indonesia apa jgn jawab kl kamu dapet duit dr dia or circle nya Have a blessed Monday;Netral
Fuck babi West Brom and Big Sam;Abusive Language
Kampang baby anjing taik laah fuck fuck fuck;Abusive Language
Mjb menurutku setelah denger cerita masa trainee dari member justru memang lebih baik kota ga usah liat keadaan mereka saat itu;Netral
Talking about this kemarin gua jaga ada pasien dipukul pacarnya sampe sesek berat pasiennya kekeuh ga mau lapor polisi COMES TO NO ONES SURPRISE I guess this is the cause;Netral
fuck muka mcm ni pon ada gf sial BABI LAH KOOOO pastu perangai mcm sial;Abusive Language
sedih krn thn kontol literally the profection year shit is bustin my ass rn;Abusive Language
Happy new year Terimakasih Tuhan Yesus udah ngasih kesempatan untuk sampai di tahun Meskipun pengen nyerah sama hidup bbrp kali tapi ttp Tuhan selamatkan Semoga di tahun selalu di berikan sukacita dan kesehatan;Netral
Happy new year everyone selamat telah berhasil melalui semoga thn bisa berjalan dengan baik For sure we will survive;Netral
Begitu banyak masalah di tahun ini yang sulit untuk diatasi tapi puji Tuhan aku bisa melaluinya meskipun tertatihtatih Terima kasih pada Tuhan atas segala berkat dan kekuatan yang selalu Tuhan berikan padaku Selamat tahun baru Happy new year;Netral
Damn it that looks so good;Abusive Language
Fuck yall yang letak star Anak babi semuanya;Abusive Language
jatah istirahat sejam baru makan menit abis itu baru banget nelen obat udah disuruh kerja lagi aja abis itu dia ngomongin gw sama kakak yang ngebelain gw lagi makan udah kelar masih duduk gw kerjain aja kontol emang deepdownnya asshole aja ini brengsekkk;Abusive Language
page happy new year moots im so lucky to meet you all terimakasih banyak ya semua uda nemenin aku belajar disini dari awal sampai akhir maaf yaa kalau sifat ku alay sokab ke kalian semoga kalian selalu bahagia yaa di tahun ily moots;Netral
dapat diyakini ini bukan anak unpad fuck all the provocateurs you shut up;Hate Speech
Kasian lho anak ini dia jg korban dari pola asuh amp didikan orangtuanya Perilakunya memang jelek tp kalian bully sampe bawa fisik menurutku itu jahat Btw anakku gemuk amp kulit gelap tukang ngadu ttg banyak hal aku sbagai orgtuanya punya pilihan reaksi apa yg akan diberikan;Netral
menurutku penting tapi tergantung nyamannya kamu gimana btw ayoo sini nderrr temenan ama akuu;Netral
HAH BOONG ANJING WHAT THE FUCK SM SIAPA;Abusive Language
Wlwkwk gue seneng org pd hidup lbh baik lbh sehat tp gausa pick me anjing Gausa seolah lu lupa dulu tuh lu orgnya gmn wkwkwk geli bgt gue bacanya No matter how hard you try youre still a bitch and a fake ass hoe Good luck on ur process hoe;Hate Speech
msa ga bisa di ganti RT Inisial jaket gw EA bangsat Gabisa diganti Fuck lah;Abusive Language
semoga kalian sehat terus ya semoga di tahun nanti semua yang kalian mau bisa terwujud jeje doain semoga yang kalian semogakan tercapai di tahun walaupun kadang jeje suka jarang jbjb jeje tetep sayang kalian happy new year love u all;Netral
Halo Kaezar Nice to meet you Aku Kay salam kenal yaaa Roti bakar stobeli adalah yang paling best Tapi pernah nggak kamu coba roti bakar yang toping isian nya di mix Aku biasanya suka sambil minum caramel macchiato aja sih enak sekali seger menurutku Kamu sendiri apa;Netral
Babi max kau macam perempuan sial benda mcm gini pun ingat fuck;Abusive Language
Moots aku mau tanyaaa Kalau pl joki tugas ditaruh di notion aman ga yaa Soalnya aku khawatirnya agak ngerepotin karena perlu buka link notion dulu Tapi menurutku di notion tuh lebih rapi aja;Netral
kau bukan adik aku setan perangai macam babi racist fuck kau tk layak jadi adik aku kau anak mana sia mak bapak aku ambik kau salah anak aku rasa bdh nyer babi;Hate Speech
Selamat tahun baru Semoga tahun bisa menjadi tahun yg lebih baik dari sebelumnya amp semoga harapan Lulu bisa terwujud ditahun ini Semangat terus Lulu I know you can make your dreams come true amp Ill be right here to support you Sayang dedek Lulu;Netral
Bencong Nyamber aje RT nyengir wkwkwk RT kikypangestika pacar lo juga kaya babi;Hate Speech
Menurutku selama aku ngelakuin Diamond Painting tuh juga harus butuh mood yang pas gitu gak cuma karena aku lagi bosen or capek justru pas lagi capek malah gak bisa ngerjainnya karena Diamond Painting kadang cukup bikin pegel punggung leher dan tangan sih kkkk;Netral
pdhl so far mas oscar yapping adalah edisi yg boring menurutku HAHAH tp ternyata ada yg mau baca ya anw tq so much seeev lt;Netral
bener bener definisi these sleepless night gara gara pemerintah anjing;Hate Speech
YSBFOAKCN BENER ANJING TIKTOK MEMBUAT INDON IDIOT TUTUP AJA;Abusive Language
core difference between ziegler amp lalaziegler is the i can fix them type of person while lala directly mencak mencak amp tolol tololin orang if someone does bad and mentally doesnt give a shit;Abusive Language
wkwkw kalo ada temen dari akun lama yg ketemu aku lagi di akun ini halo kayaknya kita harus kenalan lagi aku eleonora i go by leoel if you knew me before it d be nice of you to keep that information as our little secret;Netral
WA T KAU SUMPAH BABI TAKDE ADAB PUNYA ORANG BAWAK KERETA FUCK OFF;Abusive Language
FUCK OFF ANJING CAPE BATT SUMPAH HARUS GMN LAGI AKUU;Abusive Language
Happy new year juga naee terimakasih atas doa baiknyaaa semoga balik ke kamuuu ayo kita berteman sampe tahun kedepan dan seterusnya;Netral
ARA SAYAAANGGG idk what happened to u but cheer up sayangku cintaku percaya deh sama gue lo pasti bisa ngelewatin ini smuaa everythings gonna be okay dont worry ada gue disini kalo ada apa apa lo bisa dm gue ya sayang jangan sungkan sungkan ily;Netral
Fuck all the money in the world anjing why didnt yall just listen to pki;Hate Speech
sok perfect lo tolol v fuck;Hate Speech
BERITA ANJING FUCK U SINDO;Abusive Language
Kok gue yang capek ya ngeliat orang terlalu menjaga image nya Talk to my self to be what Iam today;Netral
WARGAKU selamat tahun baru happy new year yaysies semoga di ini kalian and also ateez senantiasa diberikan kesehatan dan kebahagiaan yah gtlt makasih udah keren berhasil survive rock and roll;Netral
ah aku gamau ikutikutan politik gapaham makin keruh nanti WHAT THE FUCK kalo gapaham ya dipahami negaramu sendiri loh even if its too late ya tapi at least skrg negara km lg ga baik baik aja cant u see;Hate Speech
Menurutku susah nyesuain jadwal aktor nya dan belum juga penulisnya udah nulis skrip nya belum;Netral
terimakasih orang baik yang telah hadir ditahun ini happy new year;Netral
Lo tuh beneran anjing wkwkwkwk bener bener kebangetan Susah banget buat adil monyet Fuck u;Hate Speech
Kalian sama problematiknya dg polisi Jangan tertipu teman They are on the same side cuma beda warna aja;Netral
Ini udh kedua atau ketiga kalinya ya kai access Sdh booking dan melakukan payment tapi tiket g muncul Ntar tiket udh habis cm bisa direfund Tp proses refund pun dilemparlempar Akhirnya customer lelah sendiri dan gjd refund;Netral
ironyyyy stop subtweeting every damn female like youre act your dam age stop tweeting like a eThot;Hate Speech
Menurutku kamu disekolahin agar berpendidikan lebih baik Urusan pekerjaan bisa multi tasking meski tidak linear toh Orangtuamu sekolahin kamu juga ingin agar kamu berpenghasilan Orang tua akan tenang kalo kamu dirasa dilihat dinilai sudah mandiri dan bertanggung jawab;Netral
Fuck sumpah aku tak tau ap yg lampard nmpk dekat tammy tu babi betul lah;Abusive Language
Happy New Year Selamat beribadat di Bulan Rejab Selamat memulai gaya hidup sihat Terus bersemangat;Netral
Gobloknya gw mempertahanin ini rasa Dia aja ga mkirin gw Anjink idiot goblok Orng kaya gtu hrus bisa gw lupain Dafuq;Hate Speech
HAPPY NEW YEAR Selamat Tahun Baru tahun Tahun Macan ya Harapan Eh um yah apapun yg terjadi terjadilah;Netral
Coba infoin dong guys lulusan D Teknologi Pangan pengalaman waitress resto Aku dah lelah banget sama pekerjaan sekarang tidak ada celah sesuai omongan pas awal tentang jenjang karir dan gaji up Aku ngersa takut makin tua;Netral
I added a video to a playlist Wawancara Eksklusif Ashanty Melahirkan Bayi Perempuan Yang Cantik;Netral
mufti pon kau fuck kann mcm babi je perangai bodoh kna tgk balik dia nie kot ada kaitan dgn bangsa yahudi;Hate Speech
Modalu dari Dasar anjing babi rezim orba penjilat pantat Fuck ISIS Fuck Alqaeda Fuck FPI Hacktivism;Hate Speech
Haiiiii CEBONG BANI TAPLAK QUADRAD IDIOT Dikota atau di desa mana Kirakira ada yang beli mobil ini Saya udah jalani hampir semua kotakota yang ada di Sumatera dan Jawa khusus untuk melihat mobil ini di jalanan;Hate Speech
Anjing politik cakap kes Zara ni ada yg tumpang mileage politik Betul dan salah Dua anjing politik kem A dgn kem B cuba selamatkan kelompok elitis mereka Yg sentiasa dipijak Yg dibawah Keep your hatred gais We will using it when time come All kayangan should be clean;Hate Speech
yg teksip info pengalaman dong;Netral
cmn karena keadaan memaksa dengan kebijakan dan peraturan baru yang luar biasa ga masuk akal dan ditambah desakan dari polisi yang kacau hingga takut mau bergerak pls be rational;Hate Speech
Gua butuh ortu yang bisa bebasin anak ada Gua pen ngekost Gua pengen cabut Gua pengen sendiri Kontol buat lu yang nyebarin ke grup aneh aneh yg ada mama gua Fuck tolol Bacot kenapa kalo gua kyk anak anak Kenapa Kalau ga suka harusnya lu bunuh gua atau bikin keguguran;Hate Speech
Peneliti pekok wanita bodoh intelektual idiotngapain aja dia Apa matanya gak lihat kenyataan kehidupan masyarakat kita saat ini semakin membaik Apa tolok ukur dia mengatakan hal itu Makanya jangan hanya kontol aja yang dipikirin Bu;Hate Speech
Cebong Bloon akut alias full idiot cebray;Hate Speech
Bullshit Mundur aja lo;Hate Speech
lah siapa yg ngomong banyak sih dari tadi aku cuma bahas akun ini kau yg stress plus idiot anak babi;Hate Speech
Hopefully I can be like you DalMi shi bener gk sih nulisnya Buat sesuatu yang berguna buat orang yang kita sayang Hari ini pen banget Ada di rumah nemenin mamak Karena semua pada pergi She was alone And I want be there But I am still here Nothing to do;Netral
Sebenernya sama aja si menurutku ibaratnya sama tugas semuanya Klo diskusi itu ga banyak soalnya biasanya klo tugas baru soalnya bisa beranak dan kadang ada yg susah Itu setiap kelas jg terkadang beda ga selalu sama tergantung dari tutornya;Netral
Happy New Year selamat tahun baru semuanya smg yg jomblo dpt;Netral
Rindu sama Misa berbahasa Inggris Ternyata ada perubahan text doanya One day I will be back to English Mass Community;Netral
Terimakasih utk rollercoaster nya Teruntuk May all the sadness washed away tolong jgn sakiti aq lg Happy New Year All;Netral
happy new year semoga tahun mendatangkan banyak kebahagian tahun yg lebih baik dari sebelumnya terimakasih udah jadi temen gue love you semua;Netral
Selamat tahun baru buat kamu yang kaya kembang api Terbang Melayang Menyala Meredup Kemudian selesai Haha Happy New Year;Netral
Otsukaresamadeshitaa Otsuminna Otsumihoo Happy new year Terimakasih sudah menemukan miho di tahun kemarin Semoga tahun ini pun kita masih bersama berkembang dan membuat KANVAS kita jadi mahakarya Oyasumii;Netral
i shouldn t watch the game fuck off baik main game tadi babi;Abusive Language
Kata kata Mas Abe yg akan selalu saya tanam dalam diri fuck the cops fuck them all;Hate Speech
Menurutku kalau Oikawa Tooru jadi idol girl group Kpop dia mirip seperti Nayeon dari TWICE Samasama charismatic center of attention punya senyum memikat yang bikin fans klepekklepek tapi di balik itu perfeksionis dan kompetitif Atau mungkin Karina aespa buat aura;Netral
Happy New Year semua senang bisa kenal solce solfm zona dan anggota TNF lainnya semoga ditahun wish kalian semua banyak yang tercapai sekali lgi terimakasih semuanya love ges jangan lupa bahagia;Netral
HAPPY NEW YEAR thank you temanteman yang masih setia berteman dengan gw terimakasih banyak teman lama oneline gw gak tahu keberadaan kalian gimana wkwkw inti nya terimakasih banyak udah menjadi temen gw sehatsehat orang baik;Netral
Babi fuck dah book hotel dah semua;Abusive Language
Selamat Tahun Baru Dari Indonesia Happy New Year From Indonesia;Netral
FUCK BABI WAKEONE FUCKKK please i need my babies to get tf out of that company;Abusive Language
page of mengawali ada yang harus dipahami happy new year selamat tahun baru;Netral
Ive used to be in this shoes Actually kan Allah swt nak kita mengadu dekat dia bukan sekadar doa tapi mengaduluah dekat dia how much you feel Dia rindu sebenarnya nak dengar kita mengadu Best sebenarnya luah dekat padaNya sambil menitis air mata ni Dia faham kita;Netral
Gue benci saat saat kayak gini ahhh anjing Fuck Nafsu Setaaannn;Abusive Language
ANJING BANGSAT KAMBING FUCK MUNAFIK ANJING BANGSAT KAMBING FUCK MUNAFIK;Abusive Language
gunanya apa coba caperpansos ga usah nyeret BTS juga IDIOT LO TOLOL;Hate Speech
yall sum stupid as mfers I never;Abusive Language
ISRAEL ANJING FUCK OFF FUCK YOU ALL;Hate Speech
Tau ga sih tadi pas surprise live setelah beyond winwin bilang dia suka liat perform kick it kayak nyesek banget emang SM anjing tai fuck;Abusive Language
Ini informasi di kasiih org goblok di saring orang idiot;Hate Speech
udah nonton birdemic belum itu fuckanjinginiapasihjelekpisantpguejdmaunontonteruscanwehavemoreofthisshit;Abusive Language
What a Christmas gift from you love Iyung minutes na video pero sobrang laki ng dalang saya para sa aming lahat Babaunin ko ang sayang to hanggang loves;Netral
halo dedek aku lupa kita pernah ketemu dimana dulu serumah ya kayaknya kalo lewat teel lucu banget gemes we dont have enough memories to be remembered but i hope better days are waiting for you in;Netral
happy new year kalo bahasa indonesia selamat tahun baru halaman setebal halaman akan ditulis ulang dari halaman pertama bahagia terus banyak canda tawa sedikit air mata untuk kalian semua;Netral
So Bitch;Abusive Language
Minimal otaknya dipakelah anjing Sebel banget gua sama manusia yang gampang kemakan hoax FUCK akunakun yang sering goreng hoax pengungsi Rohingya;Hate Speech
eh babi la fuck;Abusive Language
kAKAAAK MAKASIH BANYAK UDAAH BIKIN AU GOFUSHI gtlt tau aja aku lagi kangen mereka huhuhuhu have a great day kakak cantik ANON MAKASII KEMBALI UDAH MAMPIR DAN BACAA lt we always miss gofushi you too yaaa met liburan;Netral
ah fuck nama laki tu ada nama aku Babi perosak nama Zikri siallllll;Abusive Language
Kakek anjing bangsat bego tolol idiot bau tanah mati aja lah lu;Hate Speech
Babi update lambat pulak masuk mention fuck you bb;Abusive Language
Anjing sok marah marah RT Sampah ampas goblog mutan siluman idiot;Hate Speech
Fuck Semuanya serba bangsat;Abusive Language
fuck cuaca extrem closingan akhir tahun lebih anjing;Abusive Language
Yang lakilaki juga tolol goblok bego idiot Kalian para pelaku lebih pantas mati entah kelindes truk dijungkrakin ke rel kereta api dipenggal disayat lehernya kayak sapi qurban dll;Hate Speech
happy new year papahh pengen ngobrol sama ayah banyak hal pengen cerita apa aja yang udah fadil laluin selama ini fadil lebih sering sakit gampang sakit ini aja tiap malam kepala fadil suka dengung gampang cape mungkin fadil udah jompo i miss u pahh;Netral
Duh ga tahaaaaan Tapi ya kebelet Yadahlah ya DASAR BODOH BIN IDIOT FEAT TOLOL KUADRAT BAPAKNYA Dah lah segitu aja sisanya mengumpat dalam batin aja;Hate Speech
TRS YG LEMPAR GAS AIR MATA KADALUARSA SM NYEMPROT WATER CANNON SIAPA IDIOOOTTTTTTT LU PIKIR ITU KENA WARGA GELI AMA GATEL DOANG NYEMPROT WATER CANNON KALO ORANGNYA DIDEPAN SELANG YA MATI MATI JUGA ANJING NALAR LU DIMANA KONTOL;Hate Speech
Happy new year too Nov Sayang Novi juga banyakbanyak terimakasih udh nemenin ku udah jadi orang baik yg suka berbagi pokoknya terimakasih banyak please stay healthy and always be happy Nov Love u banyak;Netral
cunts cant you just ban Islam a stupid death cult;Hate Speech
Bodoh idiot Tolol idiot Goblok idiot;Abusive Language
happy new year cici gree selamat juga sudah bertahan sampe sejauh ini kamu juga hebat banget bisa ngelewatin dengan penuh ceritaa semoga banyak hal yang baik juga dateng ke kamu ya ci god bless u cici;Netral
Eh sekarang aku juga mahir ngumpat walaupun kata anjir atau bangsat shit or asemm WKWK;Abusive Language
Stupid question Goblok po opo iki jnge Wkwk so walk away over that unworthy girl;Abusive Language
Kebaca lah akal kubu lobet si hasto dkk bilang punya video korup pejabat negara media di bayar bikin hoax pa jokowi terkorup bajer lobet dan anak kadal ribut bikin narasi n framing otak idiot lsg telan mentah hoax TRIK BASI LO ANJING;Hate Speech
I know ika and dia mmg sayang bf dia Tapi culture serang orang without ask your partner first need to be stopped lah Bfgf kita pun tak semenggah kita nak gi serang orang pulak I cakap generally okay Ratarata semua macam tu;Netral
Gak adil banget tai Kelompok lain pas ujian gak ada disuruh ujian lagi Kelompok lain dl kirim outputnya jam tapi kenapa kelompok gua dikasih dl jam sore terus disuruh ujian lagi besok The fuck yang bener aja;Hate Speech
HAPPY NEW YEAR nyampe juga ni akun twitter sampe terimakasih masih menemani;Netral
How I see gamers at cyber cefe Scream bad words like Cibai Babi Fuck Kimak Shit Random clicking your mouse Repeat;Abusive Language
Happy new year Selamat tahun baru semoga hal hal baik saja yang menanti kita di ini Tetap menjadi baik;Netral
HAPPY NEW YEAR selamat tahun baru tementemen ya mskipun akun ini aja baru umur stgah tahun tp ini slah satu hal yg aku syukuri banget di th bisa stan enhypen trs kenal temen engene senengg banget semoga apapun itu th ini jauh lebih baik dr thn kemaren;Netral
Aku sejak kecil terbiasa nyelesaiin masalah sendiri jadi kadang bingung mau lean to others afraid that ill be a burden to them But now im trying to be more open karena aku akuin emang sebenernya capek mendem sendiri;Netral
Sejauh ini polisi udah di demo General public Ojol Mahasiswa Ambulans Have some shame fuckers;Hate Speech
happy new year guys di tahun ini untuk pertama kalinya aku berani buat acc selama udh tahun jd melody seneng bgt dapet temen baru lagii terimakasih untuk melody yg udh kuat jalanin yang berat semoga menjadi tahun terbaik untuk btob amp melody;Netral
Happy New Year Terimakasih dan selamat jalan untuk tahun tahun paling absurd yang pernah aku lalui Terimakasih atas semua kejutan yang hampir bikin aku gila wkwk Harapan di tahun semoga banyak duit aja;Netral
GA YA ANJING GUE GA PERNAH MINTA FEEDBACK APA APA KALO GUE MELAKUKAN SESUATU JADI SHUT THE FUCK UP;Abusive Language
WHAT THE FUCK BANG CHAN ANJING;Abusive Language
Gila babi dh start cari taska anak Betoi dh tua Nti masuk skolah rendah Pas tu high school musical pala bana dh tua dh rasa Pastu zaman college Pastu anak kawin dpt cucu first ah fuck masa mencemburui aku;Abusive Language
nctzh terinspirasi dari sender gabutmenfess wkwk Kak Yut lo kenal Iwan Iwan siapa Anak iPS Bukan Lah terus I want to be your gf hehe Hahaha Kenal Iyad Engga Iyaditerima Kak Iya Sayang ampamp;Netral
kakk nam sayang aku suka banget ama keberanian kakak u r soo inspired me to be brave makasih banyak udah nemenin tahun kuu u r so cute when ure in love im so proud of you bahagia selalu ya kakk;Netral
kau kutuk la kpop tu sebanyak mana pun not even lil bit pun dia kisah kenal kau pun tak kau ingat dia give a shit ke dekat typical peeps babi macam kau tak weh so jangan nak jadi attention seekers hanat sangat eh;Hate Speech
Sumpah demi allah NGAPAIN ITU TOUCH YOUNYA YARICHIN BITCH BU DI SPEAKERIN ANJING;Abusive Language
buat temen gue yg menyebar keuwuan i just wanna say bangsat tapi happy for you bestie go bad bitch;Abusive Language
also menurutku skill masato kurang appealing kalo dibanding trainee lain yah aku gatau kali aja si mnet babi ini yg mainin screentime atau apa jadi skill sm backstory doi buat naikin nama jadi gak keliatan we never know tp menurutku masato tuh terbilang cukup oke standar;Netral
astagfirullah gak baik ngomong fuck the police bajingan gem;Hate Speech
Wah situasi awkward banget ya Kayaknya cowoknya lagi syok berat Menurutku lebih baik langsung klarifikasi daripada asumsi sendiri Gimana menurutmu;Netral
Happy new year Lana Terimakasih ya sudah bekerja keras di Tahun Semangat untuk;Netral
Selamat tahun baru semuanya semoga di tahun dan di tahun berikutnya selalu diberi kelancaran dan kemudahan dalam hal apapun selalu diberi perlindungan dalam setiap langkah berada dan selalu dikelilingi dengan kebahagiaan Happy New Year;Netral
teruntuk mootsku thank u buat tweet kalian yg udh menghibur secara ga langsung thx u jg yg mau interact sm aku maaf klo selama ini aku suka jbjb ga jelas berisik atau jarang interact sm kalian good luck in this year be happy amp stay healthy yaa semuanya HAPPY NEW YEAR;Netral
Gua sih setuju Kalau Trading gak bisa dijadikan Side Joob Kenapa Ya karena ini pengalaman gua pribadi ya jadi trading itu memang butuh ketenangan konsentrasi dll Jika di satukan dengan pekerjaan lain jelas ini akan menimbulkan dampak yang kurang baik Banyak Liquid;Netral
Happy New Year Di kota ini sudah tahun saya menjalankan berbagai rintangan cobaan dan selalu mengajarkan arti kedewasaan Terimakasih sudah selalu bersabar sudah selalu kuat menghadapi berbagai ujian you welcome dengan versi terbaru dan keinginan yang tercapai;Netral
Fuck off Semua tempat bagi betulkan Tak payah menteri jatuh baru nak betulkan BABI;Abusive Language
dont ever tell someone dia tak cantik dia gemuk muka jerawat parut banyak lah apa lah You dont even know apa yang dia tengah hadap Fikir tak penat ke everyday hadap our own insecurities It takes RM to be kind among humans So be kind;Netral
BABI FUCK TIBE DAH BABI KEJAP ADE LINE KEJAP TAKDE BASTARDDDDDDDD;Abusive Language
Bukti kuat premanisme amp kekacauan ormas etc Negara ini sudah hancur Prabowo sebagai presiden yg bertanggung jawab apapun alasannya Prabowo doesn t care fuck tidak peduli kondisi rakyat yg penting dirinya tetap jadi presiden selama mungkin menyalahi sumpahnya dg AlQur an;Hate Speech
Jangan jatuhkan maruah seorg wanita dekat lelaki sayang I know its pain you need to be strong sayang;Netral
How can we trust YOU belum ada tahun menjabat amp negara ini udah sangat chaos and what the fuck hubungannya kematian Almarhum Affan dengan kemiskinan dan KELAPARAN ini orang sakit ya;Hate Speech
fuck ah kenapa koyak babi;Abusive Language
Cuma di booth Emeron kamu bisa dapetin experience seru kayak gini Girls Catat tanggalnya Karena cuma bareng Emeron sunsetan bisa jadi pengalaman unforgettable Kebun Raya Purwodadi September Sampai ketemu di sana yaa;Netral
damn babi;Abusive Language
Fuck babi first day dah carut;Abusive Language
Shit Niat Mau Pamer Cewe Ehhh Cewe Nya Ga Bisa Diajak Main Kampret Cari Yang Lain Sambil Termenung Sulit Mencari Dalam Waktu Dekat;Abusive Language
Terimakasih karena kalian udah bekerja keras sampai sekarang Terimakasih karena sangat menyayangi kami exol jangan lupa bahagia abang aku semuanya Happy new year im proud of you all and always suport you EXO;Netral
Sebelum taun baru aku mau bilang makasih Buat yg suka Jbjbyg ngga capek ngasih semangatampmau kenalan sama aku lebih deketSorry kalau aku annoying amp suka sambat ya gimana habis enak And i have something to you guys dibawah Hope you always be happy amp Happy New Year Aul;Netral
HAHAHA Btw Terimakasih and Happy New Year Kita mulai page of dengan Quotes;Netral
jalan dari sunter ke bintaro jam udah gitu nyasar gatau nya nongkrong di tamsol fuck anjing;Abusive Language
gt mereka kacung kafir fuck orbAMERIKA by Hacktivis propaganda fpi amp fuck USA;Hate Speech
Halo jagoan Selamat ulang tahun ya Ini daddy kasih hadiah untuk el Biar el bobonya nyenyak sama bisa balapan sama daddy Dan untuk papa be Terimakasih sudah jadi papa yang baik untuk el sampai sejauh ini Im so lucky to have you and papa I love you guys;Netral
Happy new year bes terimakasih banyak kerja kerasnya di tahun ya doa terbaik buat;Netral
Gini ya kak Karna topik awalnya Sandwich Gen Yang mana Wujud berbakti yang dimaksud di case ini sudah pasti tentang Harta Menurutku tetap gak tepat sih quote yang kakak tarik karna kalo yang kakak maksud itu dalam arti luas jadinya malah rada melenceng dari topik;Netral
Emang paling kampret tuh si kurnia ngerjain gua DAMN;Abusive Language
happy birthday bunaku semoga panjang umur sehat selalu makin cantik makin lucu makin jamet langgeng terus ya sama bpk rapa pokonya doa yg terbaik buat bunaku bahagia selalu ya bun semangat jalanin segala aktifitasnya semoga yg disemogakan tersemogakan god bless u;Netral
babi rt SAME BRUH RT But i cant fuck pizza Engkau dick pun takde nak fuck mende;Abusive Language
Idiot itu RT Itu emg toolol RT Punya temen ko goblok yee di bohongin mw ja w kasih no HP org lain langsung di tlf;Abusive Language
Ish damn lo ya Cowo dong tulen keq yg punya Nahh baguss kaloo gtu ngomong ni ya anjing lu cewe apa cowo;Hate Speech
Ini maahh kalo demonnyaaa diaa akuu bakaall dgn senang hatiii ikut GEMINI FOURTH TO THE FUTURE;Netral
Dampak Perubahan Iklim yang Mempengaruhi Kehidupan Manusia di Bumi selengkapnya Happy New Year Selamat Tahun Baru Welcome Semoga Hepi Bismillah Udah Hello Mengawali Jam Page of;Netral
hari ni aku buat benda paling bodoh hadap jem babi mrr nak dekat dua jam semata nak pergi decathlon sampai pukul dah closing fuck mrr fuck fuck fuckk;Abusive Language
Aku sayang sher dan seneng temenan sama sher walaupun aku dibuat merasa bersalah sama ww korea I feel like its really easy to be friends with you because you really are a wonderful person also tulisan kamu cantik bgt makasih sher udah mau temenan sama aku;Netral
Happy new year all gak kerasa udah berakhir skrng lanjut di terimakasih banyak buat semua terutama reader ku disini yang selalu ramein akun ini dan jg menemani aku dari awal sampai skrg ini I really love u guys hope tahun ini kita di limpahi keberuntungan ya;Netral
MENGAJAR KAU UNTUK MENYEBUT FUCK BABI HOLY SHIT SEMUA TU XDD;Abusive Language
aku pertama kali baca Di Tanah Lada menurutku dialog sama kalimatnya mudah dipahami;Netral
dan kegembiraan yang terus berlangsung dari Juni hingga November dan kemudian diakhiri dengan Desember yang optimistis Yeni ylnz kutlu olsun Selamat tahun baru We wish for a happy new year;Netral
Fuck your ex bii shes toxic and bullshit Manipulatif banget berasa paling tersakiti dan udah kaya bocah bikin story gak jelas Anjing;Hate Speech
THIS BITCH GUA DOAIN NERAKA LU LEBIH PANAS DARI JAHANAM ANJING KONTOL UDAH NIPU;Hate Speech
HAH BANGSAT GUE DENIAL KARENA MEEASA GAK MUNGKIN TP FUCK ANJJNG I LOVE IT;Abusive Language
oiya rangkaian skincareku itu cuma fw moist sama sunscreen ajaa jadi di antara yang lain menurutku yang paling ngebantu hempas jerawat ya si sunscreen ini D kebetulan aku masih harus fokus buat benerin skin barrier jadi ga berani pake banyak produk exfo pun jarang banget;Netral
Sumpah kalau aku ada tak tidur pun babi cuz batu routine bitch;Abusive Language
Sobat Nusantara PLN NP hadir di Electric amp Power Indonesia sebagai ahli dalam bidang energi hijau dan ketenagalistrikan Dengan pengalaman tahun kami menampilkan ragam layanan OampM MRO dan EPC yang telah menembus pasar internasional;Netral
i couldnt be the loyal one and probably i will never be the one however i feel so grateful to know you in my life sebutan rumah pun bakal selalu disematkan bersamaan dengan nama kamu pengen banget bisa ketemu lagi jadi sukses di ok semangat sayang;Netral
happy new year temen semualt i hope that everyone is spending a happy end of the year semoga kedepannya aku bisa lebih sering aktif interaksi sm kalian di akun sbt ini D stay safe and stay healthy guys selamat main petasann;Netral
Fuck me kmrn liat dia di IG sama highlight berita baru ngadopsi anak Ku pikir literally ANAK MANUSIA karena liatnya cuma sepintas Taunya boneka Bangsat lah wkwkw;Abusive Language
ambil bonus Rp dari Aplikasi ShopeePay pakai kode referral dan transaksi ke sesama shopay untuk dapatkan bonus RGCVBJP zonauang job receh freelance diskon voucher bonus demo gedung dpr ri senin monday wfh jakarta;Netral
mimpi maktab and cikgu fuck babi spoil mood;Abusive Language
Then in that case don t use something made by the kafir countries Japan is not Muslim This is total nonsense and down right stupid When did colora become Muslim I can understand that this forced them to come for registration But the people of afg are poor;Hate Speech
Pa Prabowo terlalu banyak bicara orasi di setiap undangan meeting tapi eksekusi tidak terlihat hanya pembiaran isue akhirnyapecahlah demo dan anarkis lainnyalets do;Netral
BANGKE AKUN gue yg gaada apa nya ini malah ke kunci THE FUCK;Hate Speech
Yahahaha bawa kerjaan pulang Fuck the government;Hate Speech
Good job to this Singh fuck hadi anjing kao kao;Abusive Language
semoga kamu mendapatkan banyak keberuntungan di tahun selamat tahun baru semoga sehat dan memiliki tahun yang penuh kebahagiaan lebih dari siapapun love you Happy new year tho and love you both;Netral
Dia pengalaman tahun dalam industri Dah menghadap pelbagai jenis kes Kau tu ada pengalaman industri tak Benak sombong ubi kau ni Takde hujah bodohkan orang jelah mampu;Netral
Beberapa orang yang self proclaimed cantik tuh kok bisa ya like wow gurls you I aspire to be like you;Netral
Fuck Babi main ugut Cilakaaaaaa;Abusive Language
What the fuck is going on Makin kesini kok lakilaki makin bangsat semua sih Cmon jadi laki jangan yang anehaneh lah Sampai kaya gini mah udah patut berkata bangsat emang Sabar selalu untuk penulis semoga diberikan yang terbaik untuk kedepannya dan sehat selalu anakmu;Abusive Language
Alhamdulillah Terima kasih Selamat datang Semoga prestasi bisa lebih baik dari thn kemarin Amiin Happy New Year;Netral
Secara tersirat kamu sudah teriak bahwa kamu goblok Di seluruh dunia ini kalau ada tanah terlantar gak bisa serta merta jadi milikmu Kenapa gak kalian akui gurun Sahara sebagai milik kalian Dasar idiot;Hate Speech
HAPPY NEW YEAR SELAMAT TAHUN BARU Tahun yang baru style baru ManUver Store akhirnya mengudara Temukan gayamu tentukan gayamu bersama kami ManUver Karena kami ManUver Make Your Way;Netral
super bubur tuh enak sih menurutku cuma terlalu asin mana di warwir ga ada yang jual bubur lagi;Netral
Bitch I hate racisssst bitch Mereput la kau dgn racist head kau di tmpt asal kauuu Jadi artifak la di sinun Next year tahun babi baik ko jgn hidup sebelum CNY menjelma Tkt ada org meronta pulak Hiaaaahhh;Abusive Language
ril poster pensi smaku taun an aja masi mending daripada whatever the fuck this is;Hate Speech
Happy new year mootsku semuanyaaa selamat berjuang kembali menjalani tahun yg tentu saja akan ada ujian tapi yg pasti kita selalu bertahan apapun itu semoga hal hal baik dan semua harapan yang di citakan tercapai ya Amin;Netral
lebih kasian kalo ada yang kerja ama dia sih gue dah pengalaman buat kurleb bulan jaga toko di pasar fee k cuma buka tutup toko ngelayanin lapor ke owner apa aja yang kejual dengan harga berapa nambah k buat liat barang masuk keluar basic english ngerti konsep ogah;Netral
Kalau beribu ok lagi la ni je babi mintak org bank in rm pon jadila HAHAHAHA STUPID MELEIS;Abusive Language
Amin Happy new year tuan putri terimakasih juga buat tuan putri yang sudah membuat kita bahagia semangat di tahun yang baru ini sukses terus buat km cantik;Netral
Happy new year Selamat tahun baru Bismillah menapaki langkah diri Tak mesti pergi atau pesta tersendiri Bisa bakar bakar ataupun rebahan Nikmati pergantian apapun keadaan Segelap atau seputih situasi Siapkan diri siapkan hati;Netral
Selamat tahun baru Malay Xin nian kuai le Mandarin Sawadee Pi Mai Thai San nin fai lok Cantoness Happy New Year English;Netral
KAKAK KU TERSAYANG TERLUV HAPPY BIRTHDAYYIM SORRY TO LATE STAY HEALTHY BE HAPPY BE SUCCESSFUL SEMNGAT SKRIPSI NYASEMOGA DOA DOA KK TRIJABAH SELALU I LOVE YOU MORE SEMOGA SUATU SAAT BISA KETEMU HAPPY BIRTHDAY KAKAK SAYANG JODOHNYA SEOKJIN;Netral
happy new year moots selamat datang semoga taun ini lebih baik lagii sehat banyak duit wkkwk lancar buat yang sekolahkuliah makasih udah mau jadi teman teman online aku love u all;Netral
Ah i pretend to be happy Yang menyesak jiwa tu kau tinggal ajelah Orang nak sayang dia buat terbaik kalau tak pergi jelah dekat org lain;Netral
I love you Gatau lagi sesayang itu sama mereka apalagi Yang selalu jadi motivasi gue kalo capek Makasih tahun ini udah dateng ke negara gue buat konser Rest well and be happy Never tired to love you guys;Netral
Aku rasa aku ni kurang kasih sayang la Ntah la sebak gak kekdg but i m trying my very best to be strong for myself Embrace your partner org kata Tp smp bila nak hadap Smp bila nk mkn hati;Netral
Sis you still goblok and tolol and useless make a stupid misinformation threads come here and ill give you my attention if you need it;Hate Speech
uwaaa terimakasih banyak buat kuisnya yaa kak happy new year too doanya balik ke kak ara juga yaa stay healthy and happy luvluv;Netral
aminntq bangSat;Abusive Language
Goblok punya talian kasih hahahaha thought ur counselling services are then when called they said only amam so if someone being suicidal between tmr u call back la hahahahhaah stupid;Abusive Language
kematian mc di sini sangat menyakitkan sih kedinginan itu menurutku paling worse karena saraf jantung sama darah itu tersendat dan bikin seluruh tubuh sakit banget bahkan kalau di real anggota tubuh sampai membiru karena sianosis;Netral
lrt dAMN DAMN DAMN LRT FAAAKKK ANJING ANJING ANJINGGGG WOOFFF WOOOFFF WOOOFFFF BRENGSEK TETTA MNYET DIAJARIN SAPA LU HAH BGITU BIAR APA WOOF WOOF WOOF SIR WOOF WOOF SIRRR;Abusive Language
Waduh sate kambing lembu atau babi juga ga boleh dibakar hanya boleh langsung dimakan Mantap kembali ke zaman batu Dasar idiot;Abusive Language
Tugas mereka adalah membangun Good Goverment amp Clean Governance dan memastikan kebijakan yang dibuat berpihak pada grassroot Tugas berbicara pada grassroot ada pada aparatur desa kota dan provinsi Kita sudah punya pengalaman memiliki Presiden yg ambil alih tugas lurah dan camat;Netral
Ini mah bukan abil tapi saya ngerasain bgt gmana bagi duit buat keperluan seabreg tpi ttep harus bersyukur udh di ksh rezekimasa itu pokonya pengalaman yg best dah;Netral
Happy New Year Terimakasih banyak teruntuk aku yg mampu melewati Terimakasih aku sudah bisa mencintai dan menghargai diri sendiri Terimakasih aku semoga semakin mandiri semakin bahagia dan mendapat banyak cinta Terimakasih aku Semoga hal hal baik selalu menyertai;Netral
Hai mbar UMUMUMU SINI KITH DULU Seneng ada orang kek lo di gdm jamet terus ya nat Jangan kalem kalo kalem gue bub lo Jangan loyo cepet move on lug Nice to meet you Be happy ya Dm gue terbuka kalo lo mau curhat ke gue Love u sayang;Netral
Test aneh RT Biasa test suara RT Napa eh cancang dulu doginya RT Fuck anjing;Abusive Language
bodoh nya wtf doesnt mean dia period awal terus tak boleh label dia as a kid kalau kena kat anak sendiri baru tahu kot fuck sial org mcm ni babi;Abusive Language
Paling babi sial Pasal adik kau tu rosak imej orang Eh fuck u Kau tak selidik dulu ke sial;Hate Speech
memang babi buat program bagai nak rak lepastu satu je salah terus fail macam babi fuck off;Abusive Language
Awalnya gw berambisi trying to be perfect for them malah makin sakit ati capek pikiran Jadi kalau ada kasus I got dumped gw sekarang malah mending dump semua akses komunikasi dia terus cari kesempatan baru bersama orang baru Daripada gw baper kepo kepo dia;Netral
Im fake when I actually stuck up for you until you made me look fucking stupid cause your tits were exposed;Abusive Language
Fuck merasa bersalah bgt anjing Tadi ada kakek gabisa naik bus karna kartunya gabisa di tap aku asik main hp sampe galiat bapaknya diturunin anj kasian mana uda malem;Abusive Language
Happy New Year Tahun baru yang terbaik adalah ketika kita menjadi pribadi yang baru semangat baru dan tentunya gebetan baru eh aksesoris gadget yang baru D Selamat Tahun Baru;Netral
bangsat fuck;Abusive Language
lo goblok apa gimana si yg begini nggak cuma armys bet theres some ppl in ur fandom who always talk shit abt bts and get clout just like this were even kalo soal ngatain begini lmao jangan sok tersakiti kalo fandom lo sendiri kerjaannya ngatain bts skills amp stuff;Hate Speech
menurutku lumayan penting kayak rasanya ada motivasi tersendiri jg liat yg lain misal udah nulis bab baru gitu bisa saling nyemangatin dan saling support tapi jujur sama juga nder aku kayak kamu idk why aku gabisa yg sksd banget;Netral
Selamat Tahun Baru Happy New Year Page of Udah Walaupun gak ada Bakar bakaran tapi Wish tetap ada Semoga kita semua makin Hepi dari dunia yang wak wek wok ini dan semoga PPN mitos doang Amen;Netral
episode dah cerita pasal background bangsat nama Reiner ni bila lah nak mampos agaknya fuck Reiner;Abusive Language
Yg segerombolan sama itu bloon idiot bin tololmana ngerti;Hate Speech
Jangan lupa hantar iMessage kepada rakan anda dengan menaip Selamat tahun baru Atau Happy New year;Netral
happy new year selamat datang bulan kelahiran D;Netral
gak habis pikir ada sodara temen bahkan mantan murid yg terangan bangga abis milih ni orang like what the fuck now everyone is in this shit because some of you fucks;Hate Speech
Pernah punya pengalaman seperti itu solusinya ngemut gula ditaruh di bawah nya lidah tunggu sampai mencair dan biarkan agak lama agar bisa terserap ke dalam tubuh Nah kalau di lakukan rutin maka gula dalam darah akan naik perlahan;Netral
sehat terus yaa dan selalu bahagia semoga kalian selalu dikelilingi sama hal baik dan dikelilingi orang yang sayang sama kalian dan terimakasih sudah mau jadi teman aku disini even im not good to be your friend ps fotonya dr sender base;Netral
betul padahal indonesia di masa prabowo ini ada di masa keemasan dan prabowo terbukti sebagai presiden terbaik sepanjang masa Begitu pula jajaran mentri dan DPR yang bertabur bintang Sahroni menurutku juga sangat tegas dan jenius sebagai DPR;Netral
Percaya UU TNI MBG pajak naik anggaran TNI Polri yang tinggi gaji DPR naik pengangguran tinggi Gimana mau percaya What the fuck;Hate Speech
FUCK ORANG YANG SAMA DM AKU KE BABI;Abusive Language
Terlintas di pikiran ku mengenai ini Hai Army hai kawanku terimakasih sudah menemaniku di kelabu penuh suka dan dukanya Makasih sdh berteman atau sekedar mampir di akun ini I love u so much guys Happy new year thanks for your hard work;Netral
Diba tuh too good to be true Jadi jangan sampe kamu insecure lagi ya Kita semua sayang Diba Diba nggak sendirian Diba punya kita Ya Diba Ya Inget kan janjinya apa Bahagia terus Diba semoga bisa balikan sama mantan Amin We love you I love you;Netral
Happy New Year from Ho Chi Minh City Semoga membawa seribu harapan baru amp impian kita semua akan tercapai Selamat datang lembaran baru;Netral
YHAA TMN TUAAA LOFYU happy new year kaaaakkkk selamat sudah ngelewatin tahun dmn lo bs liat bokep genshin secara legal semoga kedepannya u mengurangi s word;Netral
To be honest syg nya nk tinggal kawan kt kuantan ni Erm rezeki dkt tmpt org kn Rindu nk futsal tiap minggu;Netral
gatau libra yg lain tp pengalaman kali punya temen deket bisa dibilang udh level sahabat cewe libra ketemu sifat paling buruknya sampe ga bisa ditolerir pengkhianat nusuk dari belakang playing victim oportunis gatau diuntung gatau terimakasih ngrepotin haus validasi;Netral
Harusnya tuh kalo udah tau sering ribut masalah sn pas konser gini tuh dijadiin evaluasi buat dyandra ya menurutku Kasih sn yang wajar sesuai harga yang udah dibayar atau gimana kek ticketingnya JADIIN EVALUASI Sumpah sn jelek tp pake presale itu ga enak anjir;Netral
yang demo silahkan keluarkan tuntutan kalian tp jangan sampai merusak fasilitas umum ya tau kok kita semua lg kebawa suasana tp plis dijaga yaa stay safe pendemo amp polisi baik pemerintah amp polisi nakal terserah;Netral
Aih fuck kampret Lupa ID Password;Abusive Language
Dasar HANDOKO Hanya Doyan Kontol pantes ngondek Kalau gw mah masih doyan ama memek Jauh deh lu kalau niatnya macarin FUCK;Hate Speech
Ssstt ngmngnya RT Php lo semua bangsat anjing ngentot Gasuka gua kalo gini caranye Fuck;Hate Speech
Menurutku pertama tama earth vibesnya sangat PLS CxM HIGHLIGHT MEDLEY;Netral
mereka selalu denial dgn mengatakan itu adalah ulah kafir yg menyamar pake hijab stupid;Hate Speech
menurutku Freya kulit Tan yang cocok dengan warna kulit Iwaizumi dan sifat ambisiusnya sebagai Ace sangat cocok dengan gambaran Iwaizumi di padu dengan oikawa fiony jadi manis;Netral
Manis kakk yg mengkal juga manis Menurutku teksturnya lbh lembut dr mangga yg lainn;Netral
at least AAOWKOWKWKWKW tolol;Hate Speech
Aduh baru mau rekomen sebelum iblis menjemput ermm coba nonton Taiwan the hospital killer ada darah si cuma ga terlalu banyak menurutku kang Mak ini horror komedi TAROT not recommended kurang soalnya menurut SEINGETKU TAOI DARAHNYA DIKIT;Netral
emang betul kebanyakkan manusia itu tolol dan keji mereka suka kesenangan yang sombong dulu aku gak mau mengakui aku layak dicintai tapi menurutku gapapa untuk menerima bantuan tubuhku lemah kalau gak ada perlindungan langit ya mungkin udah gak ada;Netral
I added a video to a playlist Cantik amp Sexy Orang Jepang nyanyi Keong Racun Muantap;Netral
nice h pulang muncul narasi tentang gw pj satunya ilangilangan BITCH yg ilang ilangan dari awal dia ANJING ini baru dikasih job buat after movie sendiri aja langsung begitu cok;Hate Speech
Kl wangan macam bodo tak best langsung hambar taik babi rugi tengok fuck sampah;Abusive Language
Anjing Mace anjing fuck;Abusive Language
That bitch owe me money Babi voice;Abusive Language
Happy New Year Selamat tinggal welcome Semoga semuanya akan membaik takkan ada luka yang tersisa;Netral
Yg babi fuck bnyk siapa temenmu yang baby face;Abusive Language
fuck u elmer w sumpahin biji lu pecah anjing;Hate Speech
masuk trus dc hadehhh pada goblok semua dasr gay murahan ga usah invit klw mau dc mah you anjing;Abusive Language
Riwayat pendidikan ngak meyakinkan pengalaman kerja minimmsh berharap ngotot jd presiden Mau dikemanakan bangsa ini digadaikan kpd para para oligarki dan keluargamu;Netral
sakit banget hatiku semasa hidupnya almarhum kerja keras only to be murdered in the end by a bastard who s supposed to protect the people of this country dan itu terjadi saat dia sedang bekerja fuck cops;Hate Speech
Damn agreed kk jgn goblok pokoknyaaa;Abusive Language
makasih banyak cantik senang mengenal mu ditahun ini semoga kita bisa berteman baik hingga tahun berikut nya lup u;Netral
selamat kamu bisa merasakan tahun tahun yg semoga lebih baik dari sebelumnya selalu sehat fisik dan mental tercapainya harapan yg belum tercapai dan selalu bahagia happy new year;Netral
hi moots before i want to say something ga ada apa kok cuma mau bilang semangat kamu terima kasih sudah melewati dengan baik selamat bahagia untuk tahun depan you deserve to be happy mootsinget banyak yang sayang kamu termasuk aku;Netral
Dfqqq Kampret dfq lo ldh MAMPU LO LDH shit damn fuckfuckfuck donghae;Hate Speech
Selamat Tahun Baru Happy New Year Itiraf Ilaahii lastu lil firdausi ahlaan wa laa aqwaa alaa naaril jahiimi Fa hablii taubatan waghfir zunuubii fa innaka ghaafirudzdzambil azhiimi Syair Abu Nawas yg sering dilantunkan Gus Dur;Netral
sweet home ep anjing banget fuck gue baru sampe stengah tapi WHAT THE FUCK THESE PEOPLE ARE ALL TWISTED AND I CANT BLAME THEM;Abusive Language
So Babi really fucked my boy H just to tell him she s getting married in a month and she needed to know if she felt something for him BITCH Pinche pelicula;Abusive Language
Bego idiot banget ni ade goblok ga jadi pergi aje ampe kek gini ngeyel melulu;Hate Speech
jackpot gua di hari senin subuh ini liverpool menang wishlist gundam gua kebeli terus tinggal balikan sama mantan kekasih seminggu kedepan stay di jakarta wfh seminggu nikmat mana lagi yang perlu gua dustai;Hate Speech
Hihihi Cebong idiot;Hate Speech
Terimakasih untuk diriku jiwaku ragaku nafasku sudah kuat bertahan sampai pagi ini Tahun ini kita melangkah bareng untuk lebih lagi ye Kalau nanti hujannya reda aku ajak jalan deh Sekarang merem dulu yuk Good Night good Morning and Happy New Year;Netral
mereka ini goblok bin idiot kak orang kek mereka emang nya paham naik krl aja bahkan ga pernah;Hate Speech
people on tiktok when jk rumored has a girlfriend yang penting pacarnye cewe gapapa gue mah bitch stfu mo dia gay bi kadal dinosaurus lu di diem deh gausah ngurusin idup orang goblok;Hate Speech
eh cibai la who the fuck wakes up feeling fucking pissed hahaha me fuck sial palabuto ah sia satu satu pukimak anjing;Abusive Language
Dipalak Sri Mulyani Dijogetin Uya Kuya Ditololtololin Sahroni Dilindas polisi Orang Jepang sampai bilang Apa pemerintah di negaramu bukan manusia We are cooked guys we are cooked;Hate Speech
Yg suka baca buku bahasa Inggris what the fuckdia pengen belajar tapi kondisi ga memungkinkan Malah dilindes polisi;Hate Speech
Happy New Year All Semoga banyak hal baik datang ke kalian dan selamat sudah bertahan Alhamdulillah;Netral
Line slow like a siput babi damn it;Abusive Language
Orang yg makan anjing itu idiot bgst pngeut kntol;Abusive Language
Anjing kakak gue peranakan Peking dan Golden I dont know how the fuck a Pekingese;Abusive Language
Happy new year Terimakasih yg sdh menjadi bagian dari memori Elin di tahun Selamat datang semoga makin rajin dan tidak bnyak mengeluh;Netral
sumpah nangis is this how it feels to be loved kalian baiknya kelewatan sumpah sayang bgt sm kalian;Netral
tipeku yang sefrekuensi sepemikiran nah untuk sepemikiran menurutku harus setara juga pendidikannya aku seneng kalo topik pembicaraan kita nyambung yh jd aku si anak teknik bangunan menerima confess cowo teknik sipil itu karna kita mau bikin dinasti sipil coyh bcanda;Netral
here is an idiot that thinks putting a pinned tweet when you only have followers is an achievement;Abusive Language
eps paling ngeselinnn menurutku giliran spongebob kesana kesini busnya baru muncull jirrr pas dia balik busnya udah pergi;Netral
Stress emng fuck the police Bisa jadi perang saudara gee nanti nya;Hate Speech
Halo guys dua dosen ini adalah dosen yang paling berpengaruh dalam hidupku And Im more than honoured to be part of their research about Schadenfreude Mohon ditonton ya Karena ini berarti kalian juga menghargai kerja kerasku Kapan lagi mahluk kayak aku masuk researchgate;Netral
Fuck ref bangsat;Abusive Language
Tapi hati kering gila babi la makan pet fish Fuck Aku tak sanggup kot hahwhdkkd;Abusive Language
eh goblok fkui jalur nyogok aja masih sombong gini yaallah biar apaansih dikawal gitu ngerasa keren kah udah tau orang diluaran sana lagi benci bencinya caca n friend lebih cocok dijuluki doggies gang brainless;Hate Speech
Buat siapapun yang naik motor sambil ngerokok KALIAN GOBLOK TOLOL IDIOT;Hate Speech
Goodbye Welcome Mari jadikan tahun sebagai tahun terbaik yang pernah ada Selamat Tahun Baru Happy New Year;Netral
The fuck I dont My babi joins me on my adventures damn it;Abusive Language
ELMER LO JELEK KEK KONTOL ANJING BANGSAT ROOT IN HELL YOU BITCH BELLA LO LONTE MEMEK LO MURAH CUMA DIBAYAR GOPAY MUKA JELEK KEK SEKOP PASIR GADA ALIS KAYA TUYUL CEPET CEPET PECAT DEH DUA MAKHLUK MENJIJIKAN KEK GINI;Hate Speech
Alah ga percya gue mulut busuk lu lgi jing Shit lah Sma lu ber kyk tai anjing smua Geli gue;Abusive Language
buzzer kontol when will they realize it s not vs or anymore bro it s us againts them people vs whoever rules the govn damn this country is fucked;Hate Speech
I don t want to be this bitter tapi ya capek juga denger narasi Minoritas harus banyak sabar emang udah begitu nasibnya My ass;Netral
SAKIT HATI NYA SALE ZARA AKU MISSED OUT ON ALL THE SHIT I WANT BABI LAHHHH HFEHDHHE RASA MCM NOTHING MATTERS ANYMORE FR;Abusive Language
nderr percaya deh kamu harus bisa mengelola stress dan rasa kecewa kamu alias mending sibukkin sama hal yg lain yaaa bakalan ngabisin energi bangett asli aku udh belajar dr pengalaman soalnya;Netral
kamu lo punya power kamu bisa bikin kebijakan tapi there is no solution from your side if youre not competent then at least tau diri aja lah dut situasi runyam gini bukannya trying to solve the problem malah nyuruh nembak anak orang;Netral
babi la sakit sial mke aku buat treatmenr fuck;Abusive Language
informasi saya ada di sini orang idiot yg memfollow orang yg tidak disukainya Hanya CEBONG yg follow orang yg tidak disenanginya;Hate Speech
mungkin ga happy new year tp selamat ya guys udh survive another year semoga tahun ini bisa lebih dinikmati perjalanannya;Netral
Perempuan tolol otak udang idiotduit aja otak lu Kek lonte aja ngotot bayaran segitu Bagi laki nya ok bnget sdh bagus bgitu;Hate Speech
ini negara kenapa gila banget sih ojol yang niat nya kerja malah dilindas dan yang melindas anggota brimob itu malah hukuman nya cuma di patsus hari it doesnt deserve to be called a rule of law where is justice for the people bangsat;Hate Speech
well idk how u on ur daily basis as a college student but berdasarkan thn satu organisasi kamu deket sm aku kita pas event jg sering nempel bareng ya gitu bil kl kamu lagi capek bgt keliatan kok you just want to be alone to recharge ur energy AND thats on introvert traits;Netral
Damn sedih banget denger kabar Melisha Indonesian Idol meninggal Gosh berat banget pasti buat sodara kembarnya I dont think I can be strong I hope it won t happen to me Berat banget melepas kepergian orang yg begitu dekat dan kita sayang;Netral
happy new year all terimakasih diri ini udah bisa survive di tahun kemaren and still stay sane xixixixi semoga tahun ini banyak berita baiknya dan di lancarkan segala urusannya aamiin ya rabbal alamin;Netral
emak aku baru je call aku tadi kata dkt aku yg ada kawan dia betul teringin nak jadi besan anak dara dia semua cun gila babi org anak dia siap kata selalu tgk aku beli air kelapa ptg klu balik jempol the fuck;Abusive Language
halo jeyya Terima kasih ucapannya dan udh mau baca Be happy ya love u too;Netral
happy new year selamat tahun baru PASTI lebih baik dari tahuntahun sebelumnya semua yang direncanakan PASTI bisa tercapai pokoknya mari kumpulkan semua positive energy untuk melewati dengan bahagia DAN SEHAT D dan memaniis makin terkenal HEHE;Netral
Fuck salam jari tengah buat kamu anjing Kamu seorang bajingan otakmu sudah karatan Babi Salam dari florest aceh;Hate Speech
Babi laaaaaa masa nak perform Love Whisper jugak la aku takde Fuck;Abusive Language
to be you even just for a day iNI BAGOSSSSS BANGET CUMA SAYANG MENTOK CH BC DI RAWNYA GATAU KENAPA AUTHORNYA NGELUARIN ANNOUNCEMENT YANG GUE KAGA NGARTI MONMAAP;Netral
bye yg kek kontolhahaa shit;Abusive Language
Thank u Mark Lee for ur hard work Makasih udah selalu ada buat czennies makasih udah bertahan sampe sekarang ini kamu hebatt u deserve to be happy jangan capek capek istirahat give all my love for u;Netral
dibikin ketawa dipuji dihargain dicium dipeluk dikenalin ke keluarga diajak makan diajak main diajak nonton dibilang cantik i used to be the happiest girl alive before i turned to be the emptiest;Netral
Elleehhh pret kampret bisa nya cuma copas punya orang lain itu tandanya OTAK mu kgk FUNGSI idiot;Hate Speech
Selamat Tahun Baru untuk Kamu Semuanya Semoga Di Tahun ini Kita semua diberikan umur yg panjang amp kesehatan diberikan banyak keberkahan amp kebahagiaan Amiiin Happy New Year Everyone;Netral
gegara rep orang tolol barusan gue jadi mau ngehighlight bagian chat temen gue ini yang ngomongin pancasila shes so damn righttt;Abusive Language
Untuk semua orang yang masih bangun sekarang i will say you did well today kesehatan adalah nomor dont be so hard to your self kalau lelah jangan lupa istirahat good night yeorobun;Netral
Jujur pengalaman kecewa dari Dear Hyeri beneran masih menghantui skrng aku takut bgt si Jaepil downfall sifat dan karakternya soalnya ada benih gitu dari penulisannya walaupun sampe skrng masih aman menurutku tp please jangan yah Jonghee dan Youngrye jg;Netral
Selamat tahun baru semoga kita semua menjadi pribadi yang lebih baik lagi dan sukses selalu menjalani tahun yang baru ini Cheeeeers Happy New Year;Netral
happy new year selamat juga kepada ibu untuk hari jadi yang ketiga bulan semoga bisa lolos jadi anggota dewan dan naik nyapres di pilpres tahun ya bu akhirnya bisa foto bareng nassar hyung;Netral
Salah buka anjing kenapa harus buka Shit Ikutan emosi Awalnya benci setengah jdi full bnci;Abusive Language
i am bored as shit that s all;Abusive Language
Kalau kamu lagi struggling sama rambut rontok terutama yang penyebabnya hormon menurutku ERHAIR Hairgrow Shampoo ini worth banget dicoba Produk ini udah tersedia onlineoffline bisa cek di sini;Netral
REN SAYANG I GLAD TO MEET YOU HERE thank u always be here i hope you stay healthy u deserve to be happy dont be sad okay i hope in ren tetep jadi ren yg baik dan semoga yg ren pengen di tahun yg baru nanti akan terkabul sayang banyak;Netral
BABI JANGANLA STUCK SIAL FUCK;Abusive Language
pundek babi tgk lah var tu referee babi fuck you;Abusive Language
Kak dii happy new yearrr terima kasih sudah menemani hari ku dengan au dan cerita mu di wp Seneng bisa ketemu cerita mu hehe Percaya deh tulisan Aaaaa happy new year sayangku terimakasih banyak udah membaca dan menikmati;Netral
It s sad to get the news Semoga Sya kekal tabah Danish doakan semoga urusan pengebumian dipermudahkan Thank you for informing me Rindu dengan ur mom cook and ur smile I dont want to throwback the past but this alFatihah may be the last present from me;Netral
Njiromegle an sex cam menjijikan Ktanya suka sex tapi saling menyulitkan Brapa duit yg lu butuh No ambil di kontol gw Fuck dafuk;Hate Speech
makasiii yh cantik cantiknya akuu luv ult;Netral
askrl capek gue capek sendirian gye cspek ditinggal orabf gue bener vener capej brenfesk gue jufa mau diinget gue mau pynya temen adtaga cuma itu pleasr i just wanna be happier is thst too much to ask;Netral
Kalau emang bener huhu our baby taro this is your time sayang ayo kita tunjukin ke mereka that you deserve to be here;Netral
terimakasih banyak bianca unnie happy new year ya doa yg baik baik buat unnie cantik;Netral
ngawaduk na teh jagoan anjing BITCH;Abusive Language
YOO minna aruu ingin ucapin selamat tahun baru untuk semuanya yaa gak sabar menempuh journey baru dikemudian hari bersama kalian gtlt Happy New Year both of my amazing dadza present for u both i hope u like it gtlt;Netral
what the fuck mana datang babi;Abusive Language
Babi pukimak fuck Lambat Fuck;Abusive Language
flat brush nya kecil amp presisi bgt enak buat jangkau area bawah hidung amp sekitar mata cuma menurutku masih ada garis halusnya sih buat complexion aku lebih suka yg triangle ini lebih effortless ngeblend nya dan rata gaperlu pake spong lagi kalo flat brush nya tetep aku;Netral
WEYH TAK KELAKAR SIA DAPAT TUDUNG TERKOYAK BABI LAHH AKU BAYAR SIA FUCK;Abusive Language
bener ya orang baik itu gapernah bilang dirinya baik today ada yg marah garagara harmless question menurutku aku yakin menurut orang lain juga dia overreact bgttt padahal selalu bilang saya itu nananannana paling fleksibel blablabla;Netral
Thank you for the happiest year of my life Happy New Year welcome bismillah kita akan memulai dari page of terimakasih telah mengajarkan ku arti kehidupan yg Indah berliku Semoga tahun menjadi lebih baik lagi dalam segala hal;Netral
bismillahirrahmanirrahim semoga sehat selalu happy selalu rezeki banyak semua serba cukup dan masih banyak keberuntungan keberuntungan lain di amin ya rabbal alamin terimakasih and welcome Happy New Year;Netral
Bah Kangen tiba tiba Shit Asu Goblok Beleguk;Abusive Language
Gua ketika di X Meeting Fuck the government;Hate Speech
happy new year sayang terimakasih masih bertahan terimakasih telah hadir dan terimakasih untuk segalanya aku sayang kamu sayang banget i love you;Netral
Selamat Tahun Baru Semoga kita Bermanfaat Bagi Orang Lain Dimudahkan dalam pekerjaan Diringankan dalam segala urusan DipertemukanLanggeng dngn orang yg spesial Banyak Duit Banyak Duit Banyak Duit Banyak Duit Banyak Duit Happy New Year;Netral
Happy New Year Terimakasih atas kerja keras kamu selama di tahun ini Bnyk skali momen momen yg terjadi sprti keseruan kesenangan bahagia sedih terharu terkumpul menjadi satu Semoga di tahun baru ini banyak hal hal baik yg datang kepadamu dan kebahagian;Netral
Ini conversation paling bangsat yang aku pernah baca Bangsat damn;Abusive Language
Im gay myself and these ally Is disturbing as fuck jancok memek kentot Kita gaperlu lo belain kontol lo tuh siapa Anjing Gausah lah lo nulis artikel ttg lgbt fafifu wasweswos kita ga perlu asuuuuu i cok og;Hate Speech
Happy New Years Eve The new year stands before us like a chapter in a book waiting to be written Melody Beattie Selamat Malam Tahun Baru Setahun yang penuh suka dan duka sudah kita lalui bersama Kini saatnya menulis cerita baru yang luar biasa untuk diri sendiri;Netral
the fuck kata katain lalu block;Hate Speech
Happy new year guys nanonano ada sedih happy pelajaran dan plot twistnya semoga banyak halhal baik yg berdatangan banyak bahagia nya terimakasih juga buat orang yg datang dan pergi di kemarin ada yg bisa dijadiin pelajaran hidup kenangan dll;Netral
baru mau jam tapi udah dibuka hal kampret duluan makasih deh ga expect lebih hehe thank you for all the up and down new year same shit;Abusive Language
Fucking asshole anjing kw kmph;Abusive Language
Tu bocah habis dihipnotis uya kuya kale yanaik matic disugesti naik motor GPjdnya gitu cara nyetirnyamendadak jd tolol tu bocah;Hate Speech
Gara hujan Bangsat ini acara ku jadi Gagal semua DAMN FVCK;Abusive Language
Happy new year ceu terimakasih banyak udah membuat karakter karakter yang ada di mahika ini semuanya berkesan banyak pelajaran yang bisa diambil dari cerita mahika suka bgttt ceu mawar sehat yaa We love youu ceuuu ILYSM;Netral
Siapa yg bilang curut seperti mu ustadzulama Woooitambah tolol goblok loecurut got idiot loe babi;Hate Speech
happy birthday and happy new year jian hope you the best period in bahagia always dan tentunya semoga Allah menjaga kamu dari orangorang jahat ya happy birthday selamat bersenangsenang hari ini;Netral
Sy tengah pening ni sama ada awak atau pilihan mak ayah sy babi anjing dah tua mak bapak tentukan jodoh kau lagi Dah setahun amp mmg sampai mampos aku akan ingat ayat kau ni ea Shit;Hate Speech
The fuck he said Ngomongnya yang bener dong malah pake haha hehe goblok;Abusive Language
ACHEL KU GYUBI KU PARA CIMIT KU SAYANG KU MY LOVE DEDEEEEEKK CU ANET CANTIK ANET I LOVE U FULLLLLL;Netral
Komunitas perwarungan kopi mulai membandingkan prabowo vs jokowiini lo gais the clueless as fak ini banyaaak sekali di negri ini;Netral
Tp menurutku ini happy deh walau ada nangisnya banyak;Netral
lagi nangis malah memek kedutan huft memek idiot;Abusive Language
Ngejelekin temen didepan guru lebih dari bego tolol idiot;Hate Speech
Peh peh suruh mufti fuck off Ni level anjing kpop paling atas ni;Abusive Language
Haha insting batin dan bisikan eyang gaib bisa jadi sumber inspirasi unik Banyak ramalan memang berasal dari pengalaman spiritual atau intuitif Kalau mau ceritakan lebih detail bisikannya mungkin bisa dibandingkan dengan prediksi historis atau analisis geopolitik Apa lagi;Netral
Amit gue sharing the same almet as them Angkuh dan sok banget ngomongnya Ketauan nanti kalo udah tua gimana sifatnya Fuck you;Hate Speech
HOLY SHIT GILA TOLOL;Abusive Language
Gabut malem ini sharing pengalaman atau fantasi liar km gas ga sih;Netral
haii lynn terimakasih banyaaak buat surat yang sangat amat gemas inii semoga doa doa baik kamu berbalik ke diri kamu juga yaa jangan lupa bahagia di tahun inii happy new year lyn;Netral
Bangsat Yaman pada mulai nglunjak Fuck Geram saya;Hate Speech
Once again happy new year everyone terimakasih sudah mau jadi temenku for past months semoga tahun banyak kebahagiaan yang dateng banyak uang sehat selalu dan apapun yang diinginkan tercapai semua love you all;Netral
serlok aku kekamu kita bicarain aku mau ngomong klo kamu dikampus aku kekampus alah anjing bacot u dont even say sorry for that shit ew;Hate Speech
BABI LAAAA MIN SELCA FUCK;Abusive Language
bertobatlah kau kampret idiotkasihan Tuhan yg sudah menciptakanmu;Hate Speech
WELP ON THE FNE WIT MY BABI MUNK HIS ASS SO FUNNY MAN HE ALWAYS TALKING SHIT LOL HE NEED TO STOP ASKING N LET THE SHIT FLOW LOL INSIDER;Abusive Language
Happy New Year Minkyu Hari ini kamu udah dewasa Seperti yg kamu bilang di fanmeetmu Selamat datang di usia dewasa Sehat selalu ya sayang Bahagia selalu Jangan sedih moomindan always with you More happiness beloved minkyu;Netral
Heh memek anjing gw cari lo gw bejek kepala monyet lo understand that bitch;Hate Speech
Again get team babi Networking problem Fuck;Abusive Language
Kenapa sih akgae solo stan babi begini selalu nongol paling sok tau tentang ksoo dan member lain mreka dah kenal lama woy Sipaling mengerti kemistri leave kyungsoo alone Go look for gen idols bitch You are not fit to be a fan of the rd gen kpop legend;Hate Speech
Udah ada green lit dari pusat pake live rounds di Kwitang;Netral
Serba salah mulu lah anjing dikit gua yg salah dari dulu selalu gue yg salah di rumah ini fuck this home;Abusive Language
Rombongan dinosaur dan kelinci ini karya yang meriah Happy new year Bianca Terimakasih untuk kartunya yang menggemaskan Be healthy and happy Bianca;Netral
Selamat tanggal yah sayang keep romantic keep care longlast lebih ngertiin lebih dewasa love you I just want to be with you;Netral
Kata ibuku dulu aku ekstrovert bgt setiap ketemu orang pasti Halo aku tyara suka bgt main sana sini tapi ttp gampang sassy Sekarang kenapa makin bertambah umur Makin merasa I prefer to be alone;Netral
halo sender baru muncul lagi nih anw terimakasih ya buat doa yg kmu kasih aku jg berharap thn ini lebih banyak lagi kebahagiaan yg aku dapat stlh dithn kmrn ternyata lebih banyak khawatirnya happy new year too semoga di thn ini kmu selalu diliputi kebahagiaan yaa;Netral
Bisajadi Mungkin gapunya otak Irwan tolol apa dongo sih Jgn bilang dia idiot Gua rasa sih dia sintin;Hate Speech
cebong ga dungu ga sah bang Harus dungu baru diakui komunitas cebong wkwkwk mikir harusnya Hongkong yg sma etnis china aja dukung Uyghur ini kumis bapang idiot ngomong kek anjing komunis;Hate Speech
Hahaha babi nabil bagi fuck kat aku;Abusive Language
Biggest salute ke temen yang udah nerapin collective care work selama aksi Temen paramedis dapur umum yg jaga safe house yg bntu donasi yg siap gotong amp back up kalau ada yg jatuh yg selalu teriak awas ada intel yang nyiapin logistiktransport dll Mutual aid;Netral
Babi laa kena new year dengan family Shit;Abusive Language
Why is CCTV interviewing a stupid Sporean whos saying that airasia is a budget airline and sporeans would use theirsHahKaitan babi;Hate Speech
jst fuck this help this;Abusive Language
aku si paling gapernah berterimakasih pada diri sndiri happy new year diriku yang sudah bertahan sejauh ini terimakasih banyak;Netral
Shit anjing gtO;Abusive Language
jadi namjoon ngomong fuck you itu karna dia emosi banget ya anjing emang;Hate Speech
babi betulla not gonna close the year in a good manner fuck all of these shits;Abusive Language
Mama lelah setelah nyiapin ransum for kids buat ditinggal minggu Cant wait to go tapi situasi kok agak kurang aman ya mana landing sore pula;Netral
happy new year kak kiwi terimakasih sudah menciptakan au wongyu yg membuat diriku semakin semangat menjalani haribe happy always kak kiwi dan istrinya;Netral
no shit pertama kali aku goreng ayam katsu dw kosan warnae bener kek gini ajaib bin tolol;Abusive Language
Teruntuk semua mootsku Happy New Year yaa maaf aku ga punya katakata spesial tapi aku hanya mau bilang Terimakasih sudah bersamaku dan jadi bagian di harihariku yang kadang happy dan ga happy Lets be happy and be the best version in the future lov u all;Netral
Oiya perlu digaris bawahi kalo my current fandom tuh juga hobi bangeet war Internal war to be exact Dan aku juga capek bgt liatnya I called them out too kalo toksik juga Ga kehitung juga aku berapa kali marah gara fandomku sendiri iya gak disini di akun satunya;Netral
Sayang skrng sy tahu awk xde tweet hehe oneday klaw awak ternampak bende ni I just want you to know that ILOVEYOU so much sy mungkin bukan yang terbaik untuk awak tp I try my best to be the best for you sy harap bulan tahun depan Kita akn disatukn Ameen;Netral
Menurutku gak ada pengaruh sma gen kak lebih ke kebiasaan makan waktu kecil Biasanya kalo yg ortunya suka ikan anak dri kecil dikasih ikan sampe dewasa suka Bgitupun makanan yg lain Makanya kalo pas punya anak sebisa mungkin kasih makan beraneka ragam biar terbiasa;Netral
Selamat tahun baru kawan Happy new year Semoga kehidupan kita semua ditahun lebih baik lebih sukses lebih berkah dan lebih se gala nya Aamiin;Netral
Happy new year adek Terimakasih buat kerja keras dan usaha nya di i hope di kamu aku dan semua org bisa lebih baik lagi ya kedepannyaLove adek;Netral
masalah pls cerita ke aku oky terimakasih buat smuanya adik cantik adik baik adik manis i love u bgt;Netral
WAKE THE FUCK UPSKDJRJREHHRJRODEO;Hate Speech
Aku kehilangan sahabat aku yang aku rawat dari dia lahir hingga kemarin aku lihat nafas terakhir dia I just wanna say im sorry friend aku bukan sahabat terbaik buat kamu Aku harusnya bisa lebih perhatiin kamu disaat aku bisa Thanks for th ya bye molen cantik see u again;Netral
RESULT ZIMBABWEPOOLS SENIN SEPTEMBER SHIO KAMBING SELAMAT KEPADA PEMENANG;Netral
You deserve to be happy and deserve to be love maybe ajksjshsh intinya jangan nyerah sama hidup ini masih panjang perjalanannya walau gak tau sampe kapan Tapi jangan nyerah sekarang ya Masih banyak kok orang yang sayang sama kamu;Netral
LU YANG IDIOT ANJING MIKIR;Abusive Language
Aww happy new year too my beloved captain saya juga ingin memohon maaf selama saya reply post captain dan sebagainya and jangan lupa tidur yaa kaptenn selamat malam dan happy new year my dear lt;Netral
Selamat tahun baru Terima kasih telah melewati Kamu hebat kamu keren semoga di tahun akan lebih banyak kebahagiaan buat kamu Happy New Year yorobun;Netral
haha kampret lhoo cak Tutup kanggo awakmu;Hate Speech
ga gue ga mau temenan sama orang yang diem aja di saat udah kaya gini yang masih merasa semua ini ga ada dampaknya di hidup dia cut me the fuck off thx;Hate Speech
TERIMAKASIH Hello please be nice to me and my boys Terimakasih BTS selama harinya Kita lanjutin cerita hari lagi di tahun ini yaaa HAPPY NEW YEAR;Netral
Orang itu kenapa tolol bego bangsat idiot anjing babi bat ya prilakunya;Hate Speech
eh braw jd penasaran di tiktok ada yg bilang kl tragedi ojol sm polisi ini buat ngalihin fokus kita ke dpr apa bner ya kita diadu domba sm para elite itu apalagi sebelumnya ada info para pejabat disuruh wfh kan kek makin make sense gt atau gimana;Netral
Nonton survival pas udah selesai dan ga nonton acaranya mnet wakakakak Cm nonton universe league dan bmy boyz yg menurutku keduanya dikit bgt evil editing dan keliatan bisa nyanyi semua terutama yg universe league hehehe;Netral
i want you to be my HUSBAND oke sayang aku akan jadi seme kamu;Netral
Happy New Year buat seluruh moots ku maaf gabisa ngucapin dan tag satu satu tapi kalo lewat tl kalian berarti ini buat kalian Happy new year yaa terimakasih sudah bertahan di dan sekarang semangat untuk menjalani hari di semoga diberi keberkahan di setiap harinya;Netral
dan confirmed juga dari James Pearce dia bakalan test medis hari senin ini;Netral
sedih dikit Ternyata agak mending banget disakitin cowo yg gantengnya di atas ratarata dibanding disakitin cowo muka paspasan kaya pengalaman temenku Udh sakit sgala hal Setidaknya mata ku gak pernah kena polusi slama ama dia Aku mah sedih krna gak ada temen gereja lagi;Netral
Happy new year sayang Terimakasih untuk tahun tahun nya bareng aku semoga kita selalu bareng di tahun tahun selanjutnya;Netral
Goblok goblok begitulah bunyi sirine nya;Abusive Language
Bodo amat gue goblok yg penting gue makan Idiot for life BaniCebong;Hate Speech
Kalo udh idiot ga ush diperpanjang bang keliatan TOLOL;Hate Speech
Maunya keliatan keren dengan counter begini taunya keliatan goblok tolol idiot cacat otak;Abusive Language
guys butuh kang joki pengalaman dan harus s bkpsikologi buat bantu;Netral
terimakasihh untuk semua energi positif yang diberikan selama ini terimakasih juga sudah mengajarkan banyak hal dari yg baik sampe diluar nurul Happy new year fav personn;Netral
menurutku sih bisa tapi agak susah sih mas karena platform di web kebanyakan lebih ke grafis daripada musik untuk saat ini salah satu platform yang kutau support musik artist untuk berkarya di web itu Feel free kalo mau tanya soal DRiP ya mas;Netral
Jen idk what happend to u But please jangan berpikiran buat nyerah ya Kalau capek istirahat dulu yuk Everything will be okay Jangan sedih terus Ayo senyum;Netral
IM SO DONE WITH CRAZY STUPID LOVE makan tuh cinta anjing;Abusive Language
Happy new year moots and thank you udah betah di akun yg flop di tahun sebelum nya dan selamat datang;Netral
Burn bitch burn;Abusive Language
note dari cerita bocah ini adalah if you have problem dengan orangorang yang lu sayang talk what you wanna talk tell em you want to fix it and discuss how to fix it bukan diemdieman bukan saling ngeblock atau macam aku yang purapura everythings gonna be ok tapi usaha;Netral
suka heran sama orang yg gampang bgt ngatain orang lain stupid bodoh tolol dll padahal g kenal emang dia sendiri sepinter apa standardnya apa TOLONG ada nih redacted ngatain aku kpopers tolol padahal diem aku tau reallife dia dia g ada pinternya g malu apa ya;Abusive Language
Damn Feels Kicep Lu kalo bisa ya jangan flex doang cuk Bantuin kek benerin kek ngomong baikbaik Malah bikin tandingan goblok Go sucks virals dick;Hate Speech
politik MALU ANJING stay safe buat yang masih menjalankan aksi di Jakarta malam ini;Hate Speech
poin penting the devilnya adalah satu orang membelenggu tiap daerah karena orang ini tau trump card tiap kepala daerahnya dan akan manut dengan satu orang ini sampai demo atau pemilu ulang berikutnya;Hate Speech
Lah kurang bocil apa baru laga tim menang dua kali masalah terbesar juga bukan di performa si dia tapi ada bocil sok cadas pengen bilang i am the centre of the world dengan merilis penyataan goblok yang menurut otak sesendok yuppi dia itu cukup berharga buat disampaikan;Netral
idiot semua yg main dilegend anjing;Hate Speech
nerima arahan kaga jelas ga punya konsep kerja yang jelas alur kerja juga ga jelas banget anjinkkkkkk susah sii klo perusahaan keluargaa tapi keluarganya super tolol orang ga punya pengalaman kerja dijadiin leader orang yg ga punya basic HRD dijadiin HRD;Netral
Halo acel hows ur day good or bad I hope have u have a good day Sebelum tahun ini berakhir aku mau ngucapin terima kasih udah menjadi part yang bahagia untukku;Netral
While you have these satanic Sunni kafir ideology may Allah keep me far from YOU And this calling me an idiot for defending the prophet Muhammad and Fatima and Ali and Hussain and Hassan is ajeeb Go your way and to me towards Ali;Hate Speech
why the fuck semua soalan tak dapat jawapan ni babi;Abusive Language
kalo menurutku belum sekeras itu karena gk ada tuntutan buat nutup sekolah yg gak mampu bayar gurunya layak;Netral
utk percaya pada pemerintahn yg saya pimpin the fuck;Hate Speech
Love is when people dont like to be apart They want to share everything heart to heart Seseorang akan mudah mencintai orang lain yang menebarkan cinta kasih sayang dan perhatian;Netral
Hahaha babi betul Kawanii aku semua gaji harini Aku gaji haribulan nanti Fuck ah haihh;Abusive Language
WTF EMBASSY OF PEOPLE REPUBLIC OF CHINA CALL ME USING PERSONAL PHONE NUMBER SIAL I DONT EVEN HAVE PASSPORT LAH BABI I DONT EVEN HAVE CHANCE TRAVEL TO THAILAND AND CHINA FIND ME NANI THE FUCK IM POOR AF LAH BITCH HAHAHAHAHAHAH continue;Abusive Language
Fuck bgst jancuk babi tolol bego tai;Abusive Language
Fuck the police lempar gas air mata ditengah ambulan yg lagi evakuasi korban;Hate Speech
FUCK ANJING BUTO KOTE IM SO HAPPY THIS MAN DESERVES NUMBER BECAUSE HE IS WOLFGANG GOLDENLEONARD;Abusive Language
Pastu annoying tahap gila babi Tapi bila aku tinggalkan gelabah nenen Tau takut Lain kali jadi bitch lagi;Abusive Language
jujur iya siapapun idol yg dimaksud mereka faveku ato bukan menurutku ttp ga pantes ngmg ky giyu;Netral
Membalas hal yg dianggap tolol dengan hal yg lebih tolol Damn;Abusive Language
akan ku rt semua art toji bahagia krn he is VERY deserve to be a happy man in another universe with his little family after all the shit happend to him alias anjing lu gege moga dr bwh rumah lu muncul biawak tiap hari;Hate Speech
Orang indo tuh kenapa hobi bgt bikin terms baru yang tolol bgt like what the fuck is chindo lokal and chindo asli;Hate Speech
Yang menarik dari perjalanan bukan tentang tempat yang berhasil kita lalui tapi tentang pengalaman dan pelajaran yang dapat kita petik dari setiap proses perjalanan tersebut Salam;Netral
jam naik kereta demi bm burger king turns out dengan buang waktu doang anjing tutup si bknya Fuck NYE;Abusive Language
Babi bakpe aku nok deki fuck;Abusive Language
SEBENERNYAAA post aja oomf kek kita semua juga butuh unwind soalnya jjur kusedih bkep cynrmu jd tertunda kmrn semua salah pemerintah TAPI smisal dirimu jg jdnya lg lost appetite buat gooning yowes bg nanti ajh;Netral
I added a video to a playlist Pengamen Jalanan Cantik Banget Nyanyi Lagu Dadali Band Pake Ukulele;Netral
SHUT THE FUCK UP GENDUT GAUSAH MERDEKA MERDEKA INI RAKYAT DIBUNUH YA ANJING;Hate Speech
Haii Bikin cv sama kak aja HR tahun pengalaman Udah banyak client yang lolos BUMN pertamina BCA mandiri shopee paragon big dll;Netral
Kesadaran apaan tong TUHAN kami itu BAPA PuteraNYA YESUS dan Roh Kudus TUHAN mana yang lengkap instrument kek TUHAN kami Tuhan siapa yang ongkang kaki Trus para iblisnya bilang tuhan tangannya dua kanan semua Kan goblok Bye Felicia Piece of Satan Shit This;Hate Speech
Shit Makin banyak oportunis anjing saat masa susah pandemi gini;Abusive Language
kak im so sorry tapi matkul kayak gitu di fib hal yang sangat amat lumrah dan malah harus dipelajari menurutku mah;Netral
Mau dong d fuck am kontol besar mu;Abusive Language
babi why is everyone pulling jeno im jealous as fuck;Abusive Language
FUCK FUCK Ive been trying to keep myself busy with activities but why do I keep thinking about her BABI LAH;Abusive Language
SHIT Love is you Anjing banting tipi;Abusive Language
Ini itu yg ngamuk ssg sama rz nya kalo gk merasa gk mungkin pengen boycott perusahaan sama bosnya Bosnya niatnya pengen bebasin artis nya berkarya dan gk perlu takut ssg rz Dan melihat berita artis yg MD itu menurutku aku bersyukur qd dan Hz berasa d management yg tepat;Netral
I have thought of this and the only reason to hate Bataan is either you are joking bants or just stupid;Abusive Language
Happy new year reksaaaa terimakasih atas segala info perKBLannya;Netral
Btw happy new year para mutualku Terimakasih sudah menjadi mutualku sampai sekarang;Netral
fuck anak anak ajg petasan bangsat jangan main deket rumah gue;Hate Speech
carut je tp boleh bitch je babi jgn;Abusive Language
Buat siswa SMA kelas dan persiapan UTBK boleh belajar matematikafisika Feenya K pertemuan jam Pengalaman Guru SMA Matematika kls Guru Bimbel tahun Lulusan PTN;Netral
Goblok bgt emng ga liat jadwal mao kinsul ternyata cuti Fuck udh niat dari lubuk hati tp di khianati;Abusive Language
Coba instrospeksi emang situ hidupnya udah benar Dr lahir sampe sekarang ga pernah berbuat dosa You guys act so stupid Tolol;Hate Speech
HATI MUNGIELKUUUUU SHIT JANUARI ANJING CEPET DATENG;Abusive Language
SELAMAT TAHUN BARU Berisi Peluru Senjata Tentara Kondisi Baru Kita Sejahtera Berisi Peluru Tembak Polisi Kondisi Baru Semerbak Berkreasi Berisi Beluru Pistol Itu Kondisi Baru Getol Bersatu HAPPY NEW YEAR;Netral
barangbarang yang emang worth it buat ditabung menurutku;Netral
Ini namanya kampret Jadwalnya keluar besok damn damn damn;Abusive Language
At the end lagu anjing dok dalam kepala aku Damn;Abusive Language
The fuck iblis masih dilindungi Segitu pembunuh masih dibilang melanggar kode etik dut jangan cuma omon katanya mau ditindak;Hate Speech
halo kak sebelumnya terimakasih banyak yaaa dan selamat ulang tahun selamat bertambah usia i write some kind wishes for u here hope u like it maaf yaa kak kalo kepanjangan tapi semoga segala doa baiknya dikabulkan oleh Tuhan aamiin;Netral
Kakak idiot gg bisa bantu malah marah malah di sebut sebut gue anjing IBu lu pingsan tau kaga gua yg bawa ke;Hate Speech
Apa sih senang betul nge judge idola orang tunah Bacot Anjing Bastard Fuck Asshole Asu Damn Shit;Hate Speech
terdorong buat lakuin hal yang serupa bahkan tweet apresiasi ini terinspirasi dari kak cia TERIMAKASIH KAK CIA KAKAK CANTIK MIRIP MINA BANGET kalau kakak pernah tanya ke diri sendiri do i deserve to be loved jawabannya ga lagi ga bukan you do deserve all the love;Netral
Naha apal beben org pajajaran syia anak na ki joko bodo belegug tolol idiot itu bukan hey kamu anak;Hate Speech
mau alm affan ngojol macam apa jam pun ga akan bisa dapat juta sehari orang ini bukan teman kalian bukan saudara bukan yang ikut berjuang jangan mau dengerin bacot romantisasi mereka pulang ke keluarga juga fuck the police;Hate Speech
waaah sdh selesai skripsinya Congrats ya dalam hati Damn Kok cepet sih kampret;Abusive Language
And I m start to think yaudalah memang terbaik Ayah istirahat aja Seumur hidup ayah berlelahlelah hati pikiran tenaga aku yang baru beberapa hari aja udah pengen nyerah karena terpojok sana sini Tidur dengan tenang Yah I ll be missing you;Netral
HALOooooo hi happy new year met tahun baru aku sedihhhhhhhhh aku kangen kalian semua dari pertama main twitter dari jaman ngehype cowo cowo kpop seheboh itu omg terimakasih semua love you lt;Netral
HAPPY NEW YEAR terima kasih selamat datang;Netral
Stupid with foreskin you have the stinking smell of smegma where the bacteria flourish germs and viruses For that simple reason sex related diseases prevalence amongst kafir the most without foreskin will ensure max satisfaction and sensuality during intercourse Think;Abusive Language
Happy new year n selamat brojol dei arpi winter nyang ak cingtai enich;Netral
SHIT TERPOST KAT MAIN BABI;Abusive Language
bangsat mcmtu fikir dia terpaling tertindas lepastu racist as shit;Hate Speech
Whoever thinks this is funny or this aint serious or how tf smpai kena rogol dua kali fuck you all tolong lah unfollow aku and to others pula this is the time where you can just fucking block all the shitty people in the replies section they aint human tu babi dah tu;Abusive Language
Kak innalillahi wa inna ilaihi rajiun Sending my biggest condolences to families and friends Semoga keluarga dan teman diberi ketabahan dan segera mendapat keadilan May he rest in peace and fuck the police man;Hate Speech
O fuck salah pakai minyak pulak dekat rambut overnight babi sepatutnya pakai olive oil bukan virgin coconut oil;Abusive Language
smgt ya kak krna menurutku itu gajih yg lumayan;Netral
babi Nampak sgt kau gemuk Lancau fuck;Hate Speech
Omg how i wish to be drawn by him Tapiiiiii hmmm Bukan cantik sangat aku ni Hahahaha;Netral
Happy new year my beloved Terimakasih sudah selalu ada untukku maaf belum dapat memberikan yang lebih I love you now and always Kissing;Netral
kak zee happy new year terimakasih kata kata cantik nya maafin ak jg ya kl ada salah ak senengbgt bs mutual sm kmmmmmm lov uuu;Netral
Happy New Year Selamat Tahun Baru manteman yang merayakannya Doa yang terbaik dan God Bless you all as always;Netral
Udah bangun ya selamat abangg Menurutku sih abang aslinya hamster ya karena lebih mirip sama hamster Tau dongg grup keren itu kan Aku udah streaming ICONIK ya kasih aku hadiah;Netral
Babi anjir pukitai kimak anak setan hanat gi mati la stupid ass shit mother fucking cock balls cum cunt;Abusive Language
Happy new year juga eyaa Aku juga mau terimakasih karna udah nemenin aku dari awal aku main twitter Aku juga jarang on Sehat sehat terus eyaa Hopefully this year will be a great year for us Love u to the moon and never back;Netral
Cringe sial babi mati la sial fuck hilang mood aku;Abusive Language
temen deket gw bapaknya polisi walaupun gw juga bodo amat ya FUCK THE POLICE tpi tetep aja jir ada perasaan gaenak semoga dia sadar dah;Hate Speech
apa lagi ea issue kat twitter paling latest asyraf vs cultist ada anak babi bayar dekat k nak fuck orang gemuk kau post thirst tweet kat gambar perempuan hmmm takde dah en HAHAHA;Hate Speech
Ganggu ajah anjing FUCK lah;Abusive Language
Monyet lo semua yg anjing anjingin sendernya Lo semua juga ga akan ngasih makan atau nyekolahin tu janin Fuck right off ga usah sok paling suci lah;Hate Speech
For some reasons agak legit juga ni coz arwah nenek pernah bg seakan mcm ni utk menyanyi dan org sayang to be honest tak elok diamalkan sbb dah tahun ni baru rs kesannya;Netral
Heyo kirei Selamat tahun baru Semoga di tahun ini banyak berkah yang melimpah datang ke kamu ya always be happy kirei As we step into a new year may everything in your life receive God s grace Sayang kirei;Netral
KONTOL LUCU BGT WKWKWKWKWKWKWWKWK BUZZER TERSINGGUGNG PARAH PASTI BC THEY DONT KNOW SHIT;Abusive Language
rakyat sebaik ini tapi pemerintah pada dzalim ya Allah our gvm dont deserve us at all;Netral
Aaaaa iyaa terimakasih pokoknya Happy new year kak fey;Netral
hhhhh anjing baca ini berasa kena skill stun the fuck;Abusive Language
Emgnya siapa elo Partai Sarang idiot Lbh mulia anjing drpd kader PKI ini;Hate Speech
Indodana Review PayLater dan Pinjaman tunai Pengalaman sendiri Aku bahas dibawah ya Semoga membantu;Netral
Diksi PEMERASAN menurutku SALAH Mungkin lbh tepat PENAWARAN klo tdk dipenuhi sang ustadz paling NYUNAH ini tdk rugi RUGInya krn tdk dpt SPREAD trx dr jamaah Krn ingin dpt UNTUNG walau dholim thd jamaah yg telah Antri Maka diterimalah TAWARAN tsb;Netral
ngehina rakyatnya buat kabur aj semenjak Indonesia Gelap but whos running away now bitch malah jajaran lu sedangkan rakyat lu tembakkin di jalan;Hate Speech
babi beli flight ticket kat airpaz takleh change flight fuck;Abusive Language
Wkwkwkwkwk beneran bisa di eksplore kedalam apapun ya tapi aku pernah baca cerita di wattpad dan menurutku bagus banget ya ceritanya plotnya tuh kaya abo vers tapi buka alpha beta omega mereka disebutnya breeder sama receiver tapi ceritanya udah g ada skrg pdhal bagus;Netral
punya trust issues tapi selalu oversharing ke siapapun itu is another level of goblok bego bodoh goblok pake banget stupid baka idiot;Abusive Language
Happy New Year Doa ditahun cuma mau keterima di UI Semoga hal hal buruk di atau ditahun lainnya ga bakal kejadian lagi aamiin sekali lagi selamat tahun baru semuanya dimanapun kalian berada god bless;Netral
Sayang sampai syurga macam mana pon kalau dia tak nak nothing is going to be right;Netral
Kebijakan ini salah besarFATAL Rakyat yg sedang MARAH you KEKANG lagi Yang ada rakyat makin MARAH Harusmya you pemerintah deketin you kasih info kepresiden utk segera penuhi SEMUA tuntutan rakyat;Hate Speech
kosmu cari yg under itu keknya masih dapet agak press juga menurutku;Netral
thank you yesii cantik si anak baik dan lucu kesayangan semua orang glad to know u in this virtual world ily;Netral
babi ngepet Kali Masa katanya leeteuk maknae how stupid;Abusive Language
Babi kau dah baca tak reti nk reply ke K fuck you;Abusive Language
klo ini beneran hui cube goblok tolol idiot sinting bangsat babi monyet tai;Abusive Language
An asshole juga ialah orang yang tak reply soalan dalam group whatsapp Anak anjing;Abusive Language
Dah lah capek ladenin manusia TOLOL bin Idiot Kalo sender dah kerja Pulang kerjain semua kerjaan rumah tapi ada adiknya yang nganggur dan ongkangongkang kaki aja masih mau stay Pikir aja pake otak babi Klo Lo punya otak ya Lo blum rasain yang slah orang yg di salahin kita;Hate Speech
HAPPY NEW YEAR SEMUAAAA SELAMAT TAHUN BARU SEMOGA DI INI KALIAN DIBERIKAN BANYAK REZEKI DAN KEBAHAGIAAN SERTA DILANCARKAN SEMUA URUSANNYA makasih udah mau jadi teman aku;Netral
To evgenia Hai sayang aku gatau apa masalahmu Tapi cepat kembali i miss you somuch Take your time and be happy;Netral
Happy birthday Mas Kun akhirnya nongol di akun NCT Awal tahun yang baik Wish you all the best Selamat ulang tahun pak ketua Happy New Year;Netral
babi doh pahal itachi mati arghh fuck apa salah dia sial kimak;Abusive Language
To Please be happy and stay safe kkluv uMakasii banyak ya kk mau mutualan sama aku sayang kk Rara This is the last day of Semoga besok tahun baru kk dapat kebahagiaan yang lebih banyak lagi aamiinBORAHAEEEE;Netral
CAPEK ANJIR SETIAP TEMEN GUA SUSAH GUA ADA GILIRAN GUA SUSAH YANG NGANGGEP GUA AJA GAADA BAZENG I NEED SOMEONE TO TALK WITHH KALO GUA NGELUH PASTI DIBILANG LU MASIH ENAK BLABLABLA ANJIR LAH MALES GUA DIKATA GUA CMNBISA NAMPUNG CURHATAN ORANG DOANG I ALSO NEED TO BE HEARD;Netral
Info magang lagi harus ekstra sabarrr kalau disini tapi wkwkwk Terutama Data Center yang sabar aja wkwkwk Kalau bisa masuk ke divisi seismicnya sih gaji fg paling cuan disitu soalnya dapet pengalaman sailing juga;Netral
Happy new year From tasx Terimakasih kepada semua rekan dan customer telah bersama dengan tasx hingga ini Semoga di tahun kami dapat memberikan pelayanan yang lebih baik lagi;Netral
kakak capricorn happy birthday to you please always be happy and healthy yaa terima kasih karena lagulagu dan penampilan kakak selalu indah tolong jangan terlalu lelah i love you;Netral
Cuma orang IDIOT yang miara orang TOLOL;Abusive Language
Bismillah Assalamualaikum semoga di tahun ini saya menjadi pribadi yang lebih baik lagi Aamiiin Selamat Tahun Baru Happy New Year;Netral
Artikel goblok Dua kalimat caption saja udah berantem satu sama lain Naga benar ada karena orang dulu bilang begitu Stupid;Hate Speech
The fuck Normalnya manusia kalo ga sengaja nabrak tuh ya berenti dulu turun dari kendaraan cek kondisi korban dan tanggung jawab bukan malah berenti bentar terus lanjut ngelindes Emg sakit ni aparat;Hate Speech
TEGA KAU ANI GAKK BECANDA intinya happy new year terimakasih telah bertahan sampe sekarang be happy;Netral
Happy new year Selamat bertambah usia juga aku di bulan ini Semoga semuanya berjalan lancar dan aku sehat serta banyak duitt Amiiinn;Netral
Ref mmg babi fuck;Abusive Language
Samseng s babi tu mana Dah la mbas hauk pokok rumput tak mesin berapa bulan eee he can fuck offffff;Abusive Language
udah bagus ngasih saran begini masa jubir menurutku mending kudeta aja sih bang;Netral
bodo tolol bego idiot;Abusive Language
anjing ko fuck n;Abusive Language
tp sumpah ga ngerti lagi bubur ayam paling enak menurutku tu cuma bubur ayam cirebon bcs dia punya kuah banyak bgt;Netral
whoever are you if you feel lonely just go text someone that youre trust at klo nggak ada bisa dm gue lo nggak kesepian kok klo nggak mau sama orang lo bisa cerita sama tuhan capek silahkan istirahat tapi jangan nyerah tetep semangat ya you deserve to be happy;Netral
Happy new year Terimakasih kata katanya wholesome banget;Netral
Damn if you were my girl id stay in if it was one time or if i knew you were on something and inwasnt earing anything it would be hard not to haha;Abusive Language
Wamenkeu Anggito Abimanyu ditetapkan sebagai Ketua Dewan Komisioner LPS setelah uji kelayakan Seprti apa profil dan pengalaman Anggito;Netral
jam pagi ngelive ig bilang makasih buat semua orang yang sayang sama dia when i should be the one who said that to him precious isnt he;Netral
Jel u deserve to be happy u deserve the world km seberharga itu buat mama papa km even they never say it in a word but banyak org sayang km makasih jel udah bertahan sejauh ini;Netral
And then she wants me to close tonight like wtf get off my fucking back I dont get paid enough to do all this shit;Hate Speech
Saya paham kekhawatiranmu soal itu Evaluasi ini justru bertujuan mengurangi penyalahgunaan sirene dan strobo oleh polisi berdasarkan masukan masyarakat Semoga hasilnya bikin lalu lintas lebih aman dan nyaman buat semua Ada pengalaman spesifik yang ingin dibagi;Netral
kmm nga solat jumat trs kek kafir zzz yes bitch so what;Hate Speech
Aamiin terimakasih banyak atas doa baiknya Nanti doa itu balik lagi happy new year for yah;Netral
Happy new year buat smua tmn Carat aku yg baik hati dan tidak sombong smga makin dijauhkan dri mrka yg suka julid dan mkin bnyk cuan yaa Yg gk bsa nntn konser thn smga di tahun ini bsa nntn ktmu tmn Carat yg lain Terimakasih buat kenangan di byebye;Netral
OPEN yang butuh jasa cv atskreatif joki tugas apapun itu bisa wa detailnya surat pengalaman kerjapaklaring jasa tulis joki ppt review cv jasa curhat semua jasa bisa klik wa dibio ya;Netral
Aku pikir si Bitch sadar Ini juga ren goblok amat dah;Hate Speech
aku harap gila aku tinggal atas bukit so that everytime stupid things happened i can just jerit sambil nangis kat situ STRESS LAH BABI BIRTHDAY AKU KOT PUN NAK JADI GINI AGHHHH;Abusive Language
Had to get the fuck outta there;Abusive Language
Selamat Tahun Baru Jadikan tahun kemarin sebagai pengalaman terbaik dan mulai dengan semangat untuk lebih baik Happy New Year;Netral
Apaan sih kampang pengungsi udah ga punya apa udah lemah malah kau harass Tolol idiot kau;Hate Speech
fuck lagu teardrops on my guitar gw dedicate tu lagu buat beliau untuk pertama kalinya anjing lo anjing;Hate Speech
Eehhh anjeeeeng babi bangsat fuck idiot Gua ga ngerti sama jalan fikiran orang bodoh kek elu tai Tidak suka dengan orang kenapa komentar di akun nya Kenapa haters di dunia ini tidak mati saja tidak berguna;Hate Speech
eh apa forgiveness dan rasa persatuan dari prabowo ngent pede amat lu ngomong gitu anjing wkw forgiveness atas dasar apa goblok rasa persatuan apaan rasa persatuan tumbuh dari perbedaan dan satu tuju mencintai negeri apa hubungan dengan lawan politik prabowo;Hate Speech
Pacar bisa diajak main Ready open vcs stay safe puan mundur uya kuya intel hoax darurat militer dprd sri mulyani;Hate Speech
SHIT MALEM INI GUE INSEKYUR LAGI ANJING;Abusive Language
MBWG ITB selalu ada buat kamu kita bakal ajarin semuanya dari jadi feel free buat siapapun mau yang udah berpengalaman atau belum sama sekali punya pengalaman langsung daftar ajaa kami tunggu di MBWG;Netral
Apasih bego klw ada IKN loker buat PNS makin terbuka buat masyarakat lah idiot Lu pikir ASN warga negara mana blok yg jdi ASN itu WNI semua bego Ga ada negara yg ga berbisnis tolol Negara mana yg ga berbisnis blok bhkn Arab Saudi aja krna bisnis ga mmbntu PL scara militer;Hate Speech
gila babi body mcm tu celaka betul Vietnam fuck you communist country;Hate Speech
Gw pengen lari aja dari kehidupan gw ini capek banget Pengen hidup bebas aja Tapi gw belom bisa apa sendiri Oh iya gw juga pengen punya temen yang ga fake capek banget temen gw fake semua I want to be free;Netral
Kalau kalian ada pertanyaan soal pengalaman aku feel free banget buat tanya yaa atau bisa langsung kepoin;Netral
What the fuck Biadab bgt aparat tolol itu;Hate Speech
You should die go fuck yourself ateis ga beriman bloon goblok tolol wkwkwk;Hate Speech
Eh ini jangan salah persepsi bukannya ga berharap mereka kesini Menurutku kemungkinan mereka kesini masih besar kok sekitar pasti mampir;Netral
DFess Halo aku sedang mencari kawan sesama MTP atau kawan berbaur lainnya Pick a starter and Im going to hit you up or just color the heart to be moots FOC foto visualisasi;Netral
waktu aku bilang kalo taun baru aku tidur itu beneran ini baru bangun happy new year for all my dear mutual semoga tahun menjadi tahun kalian ya terimakasih sudah menjadi mutualku selama dan untuk esther terimakasih sudah bertahan sejauh ini good job esther;Netral
pengalaman pertama bisa ngeraid orang seneng banget akhirnya channel ryolanstory kan semakin besar besar dan besar Achievement pertama nge raid kita titip pasukan ngoknya ke kk;Netral
FUCK YOU REDZUAN LAMBAT GAJI MASUK KIMAK LANCAU SIAL BABI BUTUH PUKIMAK;Abusive Language
The fuck Boong mulu kontol kelakuan rakyat lu boong mulu kontol;Hate Speech
Mr qadayani kafir tell me how mirza shit eater become pregnant;Hate Speech
Hell yeah u not Fuck on lol;Abusive Language
mendingan foto orang atau landscape pemandangan kenapa keduanya menurutku sama ajasih soalnya aku suka fotoin keduanya;Netral
Aku kehabisan kata wkwkwkwk pokoknya terimakasih sudah buat separuh dari tahun kemarin lebih berwarna dan terkesan I love you all so much and HAPPY NEW YEAR;Netral
gapapa tapi pengalaman aku kemarin penelitian terdahulunya beberapa ada kuali malah disuruh ngurangin atau ngga cari yang emg kuanti tp coba konsulin dulu sama dosbing nderr;Netral
Selamat Tahun Baru Johfam Semoga senantiasa menjadi tahun yang baik untuk Johfam semuanya Happy new year and have a good one Let s run together too in;Netral
To From hi kak happy new year yaa semoga thn ini menjadi thn yg baik buat kakak semoga kakak selalu diberikan kebahagiaan dan kekuatan setiap saat terimakasih udah jadi teman virtual amp kakak yg baik buat akuu;Netral
Oh shit semuanya bergerak cepat Dan gua masih stay disini dengan nyaman tenang Goblok banget gua ya;Abusive Language
And about that not in the blind spot argument like what the actual fuck dude the video CLEARLY shows what happened Korban awalnya ditabrak dan jatuh tepat di depan mobil Beberapa demonstran udah teriakteriak nyuruh mereka berhenti dan mau nolongin korban dulu;Hate Speech
WHAT THE FUCK Babi betul nak buta mata aku;Abusive Language
BABI BENCI LAH BUKA STORY JE ADA MUKA DIA WHAT THE FUCK;Abusive Language
Happy New Year Seventeen terimakasih udah menemani carat sejauh ini semoga ditahun ini halhal baik datang ke seventeen dan carat;Netral
Selamat pagi dunia dan hal yg pertama kali gw baca adalah petrus is back;Netral
temennya pasti kaget kalau tau ibu sm temennya suka vaksin kucing kampung depan rumah dahlah ibu gw sm temennya ini keren banget ga liat waktu atau apapun pokoknya kalau ada kucing sakit atau membutuhkan mereka berdua sigap bakal nolongin I aspire to be like them huhu;Netral
Ye I tahu I gemuk tak cantik tak pandai bergaya tak pandai macam orang lain tapi I pon ada hati ada perasaan Everyone deserve to be happy right Just ignore whats ppl say to u Just love and be yourself;Netral
gak tau ada yg mikir sama atau gua gila Tapi menurut gua parker itu ganteng Anjing golden emg semuanya sama tapi walau bgtu ada perbedaannya dan menurut gua parker nih guantenggggg kayakk mukanya rapih gtu lohh apa yaa good looking udh iya gua gila;Abusive Language
terlalu banyak kekecewaan di bulan ini asli bulan paling anjing sepanjang the worst month ever in my life bad thing always happen in this month every year fuck December;Abusive Language
Page of semoga diisi dengan halhal baik Aamin Happy New Year Welcome terimakasih;Netral
hari ini kerjanya ketawa mulu yaAllah seneng banget nyebarin aura positif capek marah sedih dan nangis mulu sooo i choose to be happy for my subjective well being i love my self;Netral
Ya Allah aku sayang banget sm Gyul ya Allah Aku pengen Hangyul seneng terus pengen dia bahagia Aku gamau Hangyul ngalamin kesakitan lagi dalam hal apapun itu Aku gamau orang jahat sm Hangyul I really want him to be happy Pokonya apapun yg terbaik buat Hangyul ya Allah;Netral
not revert me I not read Lol stupid Stupid hacker Babi Plz use a head;Abusive Language
Ferry sekarang memerankan sbg impostor dia tau teori politik dimana harus ada kambing hitam Sorry illfeel gw Ama dia sejak bisnis laundry bareng artis Dedi Corbuzier dll;Hate Speech
omg thank u yang lebih cantik;Netral
menurutku aku gak picky eater siiih bukan gasuka sih cuma kurang suka nasi kyk ada tekstur yg harus dipenuhi agar dapat dihabiskan;Netral
Emg apa gunanya lu post kek gini Emg nya pemerintah ad yg mau turun tangan Negara babi idiot indognesia taik cmn mikirin cara korupsi aja pemerintah nya;Hate Speech
LU LU YG DONT GIVE A FUCK SAMA NI DEMO JNGN SMPE NYALAHIN PENDEMO GR GR DI TEMBAK GAS AIR MATA TPI SALAHIN PARCOK TOLOL ITU NJING YG NEMBAKI LU PADA TU DIA;Hate Speech
Ramai whatsapp tanya kenapa I nak let go To be honest I sayang gila nak let go since this is my first iPad yang I beli masa business ni but I dapat iPad baru and I rasa macam membazir if I simpan je;Netral
cinnaku blg ASU ANJING TAIK GOBLO BANGSAT FUCK sambil teriak enak kyaknya huhh;Abusive Language
THE FUCK APA YANG HARUS DI PERCAYA JING;Hate Speech
Alhamdulillah masih diberi peluang lagi untuk bernafas Kepada yang baru nak hadir dalam hidup dipersilakan dan selamat datang Happy New Year;Netral
Damn harga ninja r ama harga calon rakitan komputer sama Bangsat;Abusive Language
my heart hurts so bad man fuck the police semoga almarhum ditempatkan di sisiNya dan keluarga yang ditinggalkan diberi kekuatan dan ketabahan;Hate Speech
Saking frequentnya mereka lempar teargas di Kwitang ini mata masih wide awake setelah dicuci lebih proper di rumah Cenutcenut iye uncomfy iye;Netral
Gue rasanya mau nangisss dan semakin bersyukur Kayak yang even everyone deserve to be youre still in Gatau gue mau ngomong apalagi intinya gue sayang Wanna One dan akan terus mendukung mereka dijalan mereka sekarang See you again when the spring breeze dan selamat tgl;Netral
Mmg berik fuck lah jenis orang palak dah nyaman lalu ngaco orang Dari ngaco orang bagus bunuh dirik jak babi;Abusive Language
Hi Everyone Bagaimana persiapan kalian menyambut tahun Tidak terasa sudah pergantian tahun baru Buat kalian yang bosan hanya mengucapkan Happy New Year untuk keluarga dan kerabat simak ide ide ucapan tahun baru ala ULC yah Selamat menyongsong tahun;Netral
Kota di Indonesia Masuk Daftar Kota dengan Kuliner Terbaik Dunia selengkapnya Happy New Year Selamat Tahun Baru Welcome Semoga Hepi Bismillah Udah Hello Mengawali Ahok Jam Page of;Netral
Najis kata gua teh fuck cowo sama cewe sama tolol jijik bgt anying;Hate Speech
TOLOL BODOH GOBLOK STUPID IDIOT;Abusive Language
Hampir haha kampret maneh RT curhat damnRT Cieeeeee yg siap tahun baruan tapi ngegebet pacar temennya;Abusive Language
Happy New Year Segala doa terbaik segera di ijabah ditahun ini Aamiin Aamiin Yaa Robbalalamiin Terimakasih ku yang penuh warna warni;Netral
me when angry during normal circumstances fuck shit VS me when angry during drivingbabi bodoh signal x reti nk bagi x pg driving school ke anjing mana kau dapat lesen kau x payah drive la bodoh aku harap kau accident and smp lmbt time exam fuck you;Abusive Language
happy new year kak casa terimakasih sudah menghibur dengan cerita mu yg bagus itu sehat selalu kak love u;Netral
KEN KEAN HAPPY NEW YEAR YAHHHHH CEWEKNA JAEHYUKKK dibuang jeleknya dan diambil baiknya yaaaa terimakasih udah mau temenan sama gue dari jaman gue masih aktif di hotruto Semoga kebahagiaan selalu dateng ke lo ya keannnn LOVEEEE UUU;Netral
masalahnya nih ya allah ni orang kek anjing bgt i still remember vividly how she said that stupid lines right in front of him kek WTH are you trying to prove that you already have him go on take him all you want i dont need him anymore;Hate Speech
Di tahun silam kami pernah diceritain mahasiswa yang kuliah di Morocco Ada tu dari fraksi P partai Islam padahal cuy yang sampe nyewa lont lokal sana Dateng ke sana cuma buat having fun Naudzubillah;Hate Speech
dari awal nonsense viral lanjut rilis feathers bawain espresso di coachelle lalu boom puncak karirnya kejadian di espresso dan the rest is history makanya sebenernya menurutku no na rilis sad face lama bgt sejak hitc aja tuh udah salah langkah;Netral
Kalo lg waras gue pasti ngomong ini udh ga waktunya salahsalahan vote siapa kemaren pas pemilu Tp hasratku tinggi sekali untuk berkata the blood is on your hands;Netral
susah debat sm org tolol kaya Anda pemahamannya msh rendah membaca aja blm bisa aplg mengerti sebuah kata idiot;Hate Speech
Demi apa ya gue merinding dr pagi gue pake hastag ini pas bangun tidur udah trending sejauh ini mau nangid ajaa sayang sama txt MY YOUTH IS TXT PROUD TO BE MOA TXT TH GEN LEADER;Netral
The things that Im going to miss the most in OG probably will be the Staf Nurses and JMs Selalu masakkan something kalau lapar selalu tolong conduct and jahit perineum kalau wad dilanda todak and of course selalu bikin ketawa kalau sudah start bercerita;Netral
Goblog tolol pekok Damn me;Abusive Language
what the fuck udah dua video lewat anjing;Hate Speech
LIPIII HAPPY NEW YEAR terimakasih jugaaa udah keren bisa survived sampai sekarang semoga banyak hal baik yang datang ke kamu di ini yhh LOVE YOU LIPIII;Netral
Ya lo itu udah tolol idiot lagi baca;Hate Speech
Kim taehyung happy birthday to you I wish you always be happy and stay healthy okay apapun keinginan dirimu terkabulkan segala doa diaminikan sayang taehyung;Netral
Some kids are just stupid Nak kerja part time tapi naik lemak Buat tempat cam mak bapak dia punya Tkleh kene tegur Marah sikit buat muka babi;Hate Speech
iya sri mulyani itu ROOT OF THE PROBLEMS;Netral
lo yg gila anjing emg kenapa klo part of lgbt nyebut Allah emg klo part of lgbt gaboleh percaya allahtuhan fuck off girl mind your fucking business;Hate Speech
WKWKWKWKWKW I GOT B FOR BIO HAHA B FOR BANGSAT HAHAHA FUCK U GW GANGULANG ok nvm masi ada fisika deng At least AbA for farming;Abusive Language
Masa i dengan jadi bridesmaid pukul pagi dah bangun untul tolong mak pengantin untuk buatkan air utk tetamu datang breakfast Bridesmaid on duty should know their duty very well Bride to be haruslah kena cantik Kita bridesmaid takyah la beria overshadow dia;Netral
bitch x rich ini arahnya kemana anjing tinggal eps lagi bukannya seleai konfliknya malh makin banyak;Hate Speech
HAPPY NEW YEAR BUAT SEMUA MUTUALAN KU YANG CANTIK DAN GANTENG makasih ya udh mau jadi teman onlineku mau minta maaf juga kalau tweet ku suka spam dan menuhin tl kalian Aku senang banget punya teman online yang asik dan baik disini ayo lebih bahagia di tahun ini luv u guys;Netral
halo kak izin ikutan GA nya ya done all rules semoga rezeki aku datang dari kakak anw terimakasih atas GA nyaa semoga kakak sehat selalu bahagia selalu dilancarkan rezekinya dimudahkan urusannya dan semua apa yang kakak inginkan bisa terwujud aamiin happy new year kak;Netral
Fuck anjing kirain beneran sumpah gue udh seneng bgttt;Abusive Language
TOLOL RT RT RT Bahasa sunda dihapus kurikulum Fuck Pmrnth gblg;Hate Speech
YA ALLAHHHH YANG KAGA SE LINEAR KERJAANYA AJA BISA DAPET KERJA LAGIII AKU YA ALLAH APPLY YANG SELINEAR SUSAH BGTTTTT YANG UDH ADA PENGALAMAN GA TEMBUS YA ALLAHHHHH KENAPA AKU WNIIIIII;Netral
And last happy new year selamat berbahagia di tahun selanjutnya Dan ayo kita saling menghibur diri lewat dunia maya ini I love you untuk yg baca;Netral
BIYUUU lucu bangettt happy new year biyuuu how lucky i am can meet angel like u soalnya BIYU BAIK LUCU AKU SUKA always be happy biyuu;Netral
Kunjungan Industri SMK Negeri Kotabumi ke PLN NP UP Bandar Lampung Menyalakan semangat belajarKunjungan industri ini dapat menambahkan ilmu dan pengalaman berharga untuk siswa SMK Negeri Kotabumi mengenai kelistrikan;Netral
Alah kontol memek anjing ngentid fyck fuck fuck Israel kontol memek asu ngentid jembut pepek asuuuuuuuuuuuuuuuuuuuuuuuuuuu;Hate Speech
Might fuck around and call everyone kontol;Abusive Language
selamat tahun baru sayangsayangku happy new year ever;Netral
Hah Siapa kak yg minta NJJ ganti AR ngadi ngadi emang Di DMD AR yg paling ga biased dan profesional menurutku ya PKer Aku malah bersyukur NJJ dipegang sma PKer Menurutku harusnya DMD ni ngasih PKer team ga sih jadi anak lain yg ga bisa dia temanin ada yg handle;Netral
Zona Isap Madu Kelulut Hutan Namang Manisnya Alam Lestarinya Warisan Di tengah pengawasan amp monitoring Indikasi Geografis Madu Pelawan Namang tersimpan satu pengalaman unik Zona Isap Madu Kelulut Bukan sekadar mencicip manisnya madu tapi merasakan harmoni;Netral
tolong lah klo goblok itu buat sendiri aja jangan ngerugiin orang juga;Hate Speech
aku sampai nyari tau brand lizlisa ini yg diklaim mahal harganya jt per piece ternyata terus preloved k tuh ya masih mahal juga ya menurutku yg disebut preloved itu biasanya harganya harga asli tambah biaya sewa tokotempat tergantung item jadinya;Netral
gt kalian para babi anjing orba penghianat besutan fuck ISIS Alqaeda FPI ganyang iblis FPI go to hell;Hate Speech
Sbg Myday since memang terharu sangat ya Pernah terfikir dulu confident gila kalau Day datang Malaysia buat konsert gerenti senang beli tiket konsert dan siap risau tiket tak ramai orang beli sbb ramai tak kenal Day but look at no how big is my superband uhuuuu TT;Netral
menurut aku yaa as seller kalo bisaa jangan minta buyyer cantumin note nama pesanan kita pas co kalo bisa di chat shopee atau cp aja aku takutnya ada yg jail karna tau isinya apa jadi gitu deh karna kan bisa diliat dari catatan ituu takut bgtt;Netral
BANGSAT KAGET BANGET HARNAZ NGUNDURIN DIRI SBG MISS UNIVERSE WHAT THIS SHIT BETTER BE HOAX;Abusive Language
Halo sebelum berakhir gua mau minta maaf ke temen semua terutama mutual gua kalo ada tutur kata gua yg ga ngenakin dan ga lupa gua ucapin terimakasih ke kalian udah mau kenal ama gua walaupun blm bisa ktmu langsung makasi bgt udh nemenin gua ngidol di see u;Netral
Argh fuck lah kemaren kemaren ada yg nanya kayak gni juga i mean kenapa sih hal yang kayak gni selalu di pertanyakan mau dan sejenisnya SELAGI BISA KAMU NYAMAN YA GAK MASALAH KONTOL;Abusive Language
kelompok tai anjing suram bngt fuck fuck fuck fuck lah;Abusive Language
tolol idiot goblok aneh gajelas anjing;Abusive Language
jujurly menurutku mereka berdua sama ngelakuin hal bener sc gak mau ikut campur terlalu dalem ke masalah sy sedangkan jh mau bantu karena dia pernah ngerasain hal yang sama amp dia sayang bgt sm akamsi termasuk wz emang beda sudut pandang aja inimah tapi maksudnya sama baik;Netral
cek pddiktinya deh kalo emg beneran mahasiswa barang kali masih jadi dayangnya polan wkwk bukan suudzon sorry udah terlanjur trust issue sama negara ini;Netral
fuCK beneran cok mules mules bangsat emang Starbux;Abusive Language
Iya sayang mas genjot perlahan memek kamu aahh aahh awhh shh aahh fuck hard;Abusive Language
happy new year moots ga kerasa tbtb udh mau ganti tahun makasi udh mau jadi moots jenab maap bgt kalo ak suka ngeselin tapi betah aja yh sama jenab hehe LOP U yang cashback;Netral
Happy new year Yuk mulai tahun yang baru dengan semangat yang baru Terima kasih Selamat datang;Netral
Iya udah gak proper banget pokoknya diliat tuh Foamnya juga gak enak menurutku;Netral
to halo gimana kabarnya udah lama ya kita ga interact hehe jujur kalo boleh bilang gua kangen banget sama lo cil sekarang mau interact lagi tapi agak canggung intinya sekarang be happy and i love u lt;Netral
Memang babi siapa yang bawak kereta macamni Menyusah kan Memang fuck;Abusive Language
Happy new year juga biluu sayanggg terimakasih udah mau berteman sama aku sehat selalu ya sayang lov u;Netral
Mauka blg semangat tapi pasti bykmi yg blg Mauka blg Sabarko tapi pasti mutauji Mauka blg Everything is gonne be okey tapi pasti seringmo pikir i Capek yah Wajarsih Find something that will be the reason for you to survive nder And the answer is always in you;Netral
YUMIIIIIIIII HAPPY NEW YEAR MAKASIHHH BANHAKKKK udah nemenin gueee ini salah satu yang gue syukurin yaitu ketemu sama orangorang yang superr kerennn kaya yumi hehehe SEKALI LAGI SELAMAT TAHUN BARUUUU;Netral
Kontol lah alesan mama gamau aa nanti susah kalau sama ica The fuck is that;Abusive Language
Happy new year moots akuu semoga tahun yang lebih baik dari dan terimakasih aku banyak belajar darimu;Netral
ak klo gendong selalu diem amp baru ngomong waktu udah lewatin rintangan soalnya pengalaman gendong orang amp dianya chat agak ketutupan sma bubble textnya;Netral
aku nangis bgt waktu liat backstorynya ume bahkan sampe skrg masih belum bisa move on dan menurutku belum ada karakter yang backstorynya sengenes punya dia;Netral
Stupid af Jadi jantan tu jangan nak babi sangat Malu tahu malu;Hate Speech
ga usah ngomong kangen kalo ga mau ngasih memek lu Bitch;Abusive Language
ANJING BANGSAT MONYET FUCK SHIT U;Abusive Language
A damn shame;Abusive Language
Meskipun dapat rumah dinas menurutku minimal punya rumah dan kendaraan dulu si Masa harepin rumah dinas aja Masih umur nabung dulu aja tahun kedepan buat perbaiki cara menabung dan cara mengelola keuangan si sekalian cara berfikir;Netral
Mau itu bego goblok anjing anjir tolol dongo asshole fuck shit Apalah itu;Abusive Language
Hiks sayang bgt Makasih udah mau jdi temanku guyss glad to know you I hope well be always together ALASYUU TITAUTEN ps ini tuhh sengaja pndek karna kalo kepanjangan bakal kejuu bgt;Netral
Happy new year Semoga wish yg km kasih ke kita akan kembali ke kamu ya sayang Terimakasih juga udh mau jadi temenku Ayoo semangat untuk yg lebih baik lagi Stay healthy and always happy;Netral
lo kaya anjing tapi gue sayang bgt fuck u;Hate Speech
Goblok banget nih indon Lu kagak ngerti lg ada musibah Pake bercanda lg stupid;Hate Speech
Pembela Zionist pemerintah polisi silakan get the FUCK OUT of my account Gue block amp report Apapun idol lo kalau lu Zionist amp nyepong pemerintah elo bangsat;Hate Speech
aku paling suka iklan gojek ITS OKAY TO BE LEBAY mewakili bgt emg sih lebay capek cuci tangan i work as a cashier merangkap bantu lain jdi banyak kontak lgsg jga tiap pulang ada stengah jam lebih bersih tpi kan buat rasa aman aja i lived w people soalnya;Netral
Pekerja seperti ayas menurutku bagus karena tahu akan kemampuannya dalam berkerja sesuai dengan ilmu yg dimilikinya dan wajar menuntut gaji yg sesuai dg kemampuannya tapi dunia kerja tidak selalu masalah gaji lingkungan kerja dan beban kerja juga hrs menjadi pertimbangan;Netral
How the fuck am I suppose to know that table is reserved for your seller Telling me its unfair because I place my stuff on the table and meet up with my customer You could have tell me nicely instead of acting like halau anjing type Bitch I aint gonna be nice if you arent;Hate Speech
Yg dtg time dah tahu org tu dah berpunya tu semua babi Ramai je bodo yg single carilah orang lain alahai fuck do;Abusive Language
Kau itu tolol atau idiotBodat kau;Hate Speech
BANGSAT DONGHAE FUCK RT eightysex HAERMONES PLS CONTROL;Hate Speech
What the actual fuck anjing gue udh gatau mau komen apalagi;Abusive Language
sayang taeng banyak semoga taeng bahagia selalu semoga ga ada momen nangis di bandara sambil minta maaf lagi karna dia gaperlu kaya gitu she deserves to love and to be loved ga seharusnya dia minta maaf gara dating doang semoga taeng bahagia terusss;Netral
menurutku seventeen tuh sangat mencintai pekerjaan mereka sebagai idol liat jeonghan lamalama doi bisa perform sendiri di kursinya wkwk;Netral
what the fuck sehat rakyat org yg mo jadi dokter begini tingkahnya;Hate Speech
Kok serem banget pengalaman pacarannya org org;Netral
What the fuck is wrong with my own men too horny ahh Lancap lah bodo babi betul;Abusive Language
sorry ya bajingan idiot kontol Juan gue tuh CAKEP BANGAT dari pada LO PP BOTAK;Abusive Language
Bad bitch but her attitude nasty;Hate Speech
Dari fuck shit anying babi monyet setan keparat brengsek sialan apa aja kesebut ketika lagi main ML haha;Abusive Language
nana my love youve done well youre doing well and youll do well jgn takut merasa sendirian krn semua orng psti prnh mrsa sendiri to be lonely is to be human km hnya perlu inget kl ad orng disekitar km yg peduli dn sayang sm km hang in there okay we love you na;Netral
Curut napsunya sama curutloe kan curut idiotgoblokin mas tapi kamunya curut tolol idiot;Abusive Language
No Please dont lose your morals over kpop Lets enjoy our faves music without hate or drag another groups Try to educate rather than hate And last but not least ANJING KAU ANTIS FUCK YOU Thank you;Hate Speech
fuck now thats a way to go out amigo blushey babi;Abusive Language
Then they went out reramai without me bcs i nak buat kerja then i replied to his igstory sbb nk suruh dia tag those yg takde Then he replied eh u mana Balik eh fuck kau lah balik babi kau time susah mcm mcm kau mintk tolong babi sial;Abusive Language
Mungkin masih banyak orang beranggapan jika sikap posesif pasangan tanda sayang Atau ketika pasanganmu menuntut ini itu kita cerna sebagai bentuk perhatian We thought that is how normally love works Damn we have forgotten how to be human;Netral
Stupid people still exist Not outside but in the house I live Eeeee babi;Abusive Language
Kalau seat number aku ga ngerti beb karena aku kalo konser kpop biasanya standing Kalo standing orang pasti mau nya dapet QN urutan masuk kecil biar makin deket stage Tapi kalo SN seat number menurutku jarang ada yang permasalahin karena smua posisi sama aja;Netral
This siting by the pool shit should be therapeutic and destressing but in reality i ve been bit by at least mosquitoes babi la;Abusive Language
ngeselin bgt anjing gue lg nyari yb jeno tags nya gak relate bgt fuck;Abusive Language
KA HAPPY NEW YEAR TERIMAKASIH SUDAH HADIR TERIMAKASIH SUDAH MEMBERIKAN BANYAK CINTA BAHAGIA SELALU DIMANAPUN KA YORA BERADA;Netral
Hahahaha stupid Tolu Tolol lah Tolu ni;Abusive Language
Heran jg sama rangorang yang niat ngefollow akun orang goblok yg lagi viral buat ngatain kegoblokan dia Maksudnya mesti banget ngefollow Ya kalo akunnya privacy follow dulu dong biar bisa ngatain Seniat itu Stupid people are getting more famous thanks to you;Hate Speech
Melalui Reply kita juga belajar bahwa semua orang berhak atas kasih sayang to love and be loved;Netral
Damn first year I don t care about Christmas ampamp spending it at home by myself being lazy;Abusive Language
iya performance mereka emang sangat bisa dinikmati dalam jangka panjang mau siapapun pickmu dengan bekal lagu yg susah dari awal tp bisa nunjukkin perform dan kualitas choreo sesatisfying ini ya ga lepas dari bekal pengalaman;Netral
LOVE SO MUCH FOR YOU KAK SARAAH keep strong yaaa masih banyak yang sayang sama kaksarah kok and thank you for be brave to speaking up lt;Netral
Abis maraton blm semua tapi dah cape mata Red velvet aespa cantik bangeeeet pusingg gaada fancam apayaa plis karina kuciran love bgt akhirnya dreams come true performance Anyway happy new year selamat moots Happy birthday Kun amp Winter;Netral
Pagi sayang Pagi juga sayangku Kamu kenal Iwan yang Iwan siapa I wan to be your mine Wkwkwkk bisa ae lo mbem;Netral
Dasar PKI idiot yg nyalahin si kodok siapa Yg di bahas apa yg di tangkapnya apa Dasar tolol;Hate Speech
Thanks to yoo too fey karena udah mau dijadiin adek onlenku dont forget I will always be here to listen your story sayang fey banyak;Netral
Logika idiot goblok dan tolol aturan dah jelas kalo cari pembenaran penjelasan dengan otak di jempol kaki pun bisa jadi benar tapi justru makin menunjukkan bahwa gub ini cuman seorang jongos yg harus memyiapkan rente buat juragannya;Hate Speech
SHIT ANJING NYAMPE KE RL kan udah gw bilang kalo deke itu homophobic kontol;Abusive Language
Dont be stupid Kafir is not a slur its a label for the ones who are nonMuslims Is nonbengali or non Tamil a slur;Hate Speech
halooo kak helios eh keren banget kakak analoginya plain bread juga menurutku enak walau makannya ga pakai topping pakai dong biasanya kalo makan plain bread aku suka pakai susu kental manis terus pakai bawang goreng juga JANGAN HUJAT AKU PLS kakak suka pakai susu;Netral
Selamat pagii moots Happy new year Semoga mulungnya tambah semangat ya;Netral
Happy New Year Semoga ditahun yg baru ini Lebih banyak kebahagiaan banyak rezeki banyak teman amp sahabat yg baik selalu diberi kesehatan diberi panjang umur sekeluarga Dan apa yg selama ini diharapkan dapat segera terwujud aamiin Terimakasih Selamat Datang;Netral
Iya sih bener dan yg presale ini walaupun door ujung tapi kebanyakan di taruh di row depan semua Sedangkan yg gensale center tapi row belakang Sejujurnya yg misuh ini menurutku jadi ngebawa hawa negatif buat org yg udh ikhlas aja nerima sn nua;Netral
so much going on ugh fuck i hate everything aku penat mental breakdown babi;Abusive Language
Apalagi sampai di kampanyekan nikah muda Bitch tuh yg nikah taarufan masih perkara bahasa sms sama pakaian aja langsung talak kan bangsat;Hate Speech
babi sape main fireworks its not new years yet shut the Fuck;Abusive Language
Kontol anjing yg bilang gw self diagnose ADHD tai sampe ngatain gw batch bitch ngentot lu gw gak kenal lu siapa tp lu anjing banget tolol kenal aja kagak pake ngatain gw;Hate Speech
Vendor atau any business cafe an kau reti tak pakai kepala otak kau tu update dekat social media ke google ke kau closed for renovation whatever fuck closed sebab apa Sejam la bodo cari kedai kau rupanya dua dua tutup Memang anjing Orang niaga kau pun nak niaga;Hate Speech
kemarin dikasih freebies sama at first i was like omg bagus bgt niat banget pas nyampe rumah taunya isinya bikin nangis makasih bgtbgtbgtbgt this means so much to me ga pernah nyangka dikasih love letter makasih bgt lets be happy ya sayang;Netral
Anjing bangsat setan iblis babi asu goblok gila brengsek fuck bitcis;Abusive Language
THE FUCK U KIDDING ME DOES SHE EVEN GO TO SCHOOL WITH THAT MANNER ANJING;Hate Speech
Kak happy new year ya Terimakasih utk semua kerja kerasnya di tahun Lets be happy together di tahun ini ya kak STAY HEALTHY ALWAYS semoga kita bisa ketemu AMIN Thank u banget udh hadir love u all;Netral
Okay ni last BABI BABI BABIII BABIIIII BABI BABI BABI BABI BABI BABI BABI BABI BABI BABI BABI BABI BABI ARGHHHH FUCK BABI KAU BABI YSHSJEJEJ;Abusive Language
damn demn damn demn goblok lu munyuk;Abusive Language
dari kehidupannya tolol idiot;Abusive Language
lu brengsek anjing fuck ur life;Hate Speech
Tergantung kamunya sih Tapi menurutku cukup penting;Netral
EA servers are not available fuck EA EA babi sie nak haramm kimak;Abusive Language
Happy New year tidak ada kata yang spesial untuk mengakhiri tahun ini semoga tahun kita semua mendapatkan kejutan yang tidak terkira;Netral
babi Muka jambu fuck Hahahahaha Terharu tupai europe ingat aku;Abusive Language
Revolution has No Gender Lawan aja semua polisi adalah musuh;Hate Speech
kontol kmu dani laun ngerja pgwa nd tetiba mdh dri lelak fuck off la babi tau gi uduk blkg rmh nyin lelak;Abusive Language
Back stabbing bitch wtf is wrong with you you are fucked up bad Kau yang paksa aku datang aku kata AKU TAKNAK BABI LPSTU KATA alahh ain kalau kau cancel pon xpe xkisah WHAT THE FUCK IS WRONG WITH YOU BITCH;Hate Speech
wish Luke Bryan would sing kiss tomorrow goodbye to me;Abusive Language
mental babi ahh hahahahahaha last exm aq fuck up gila;Abusive Language
Ehh SN TDS udah muncul yaa Tetiba postingan seat rame Selamat mencari referensi seat masing JIS view dari tribun ke tengah menurutku masih okee kok ngga begitu jauhh;Netral
Anjing cant see shit;Abusive Language
Happy birthday Seokjinku sayang be happy Makasih tuhan udah hadirin sosok seokjin kedunia ini I am very grateful to know you;Netral
Why the fuck aku tak dengar benda ni masa Murung babi new year aku;Abusive Language
Anjir lokampret lo Nakmo nak kato kau yo toy Shit dasar lu anjai Jgn ngaco ku main ML tuk;Hate Speech
HAPPY NEW YEAR Halo aku masih hidup wkwk aku hindarin X krn mau nonton arc gentar full Selamat tahun baru semuanya semoga ditahun kedepan dunia makin baik sama kita dan semua harapan kita terkabul amin Makasih udh mau temanan sama aku;Netral
Semua Cewek itu Cantik Tinggal nemuin Cowok yang pas yang bisa ngeliat kecantikan itu seutuhnya Just be true to yourself;Netral
Seworth it apa sih kamu anjing Demand all that shit sampe dibandingin ama bocil lato tektoktektok anjing;Hate Speech
Bangsat berbulu Sahabat n fuck;Abusive Language
Happy new year terimakasih untuk diri sendiri yang masih bisa kuat bertahan atas segala sedih keluh kesah badai yang menerjang di tahun Terimakasih untuk semua manusia yang pernah hadir dan akhirnya pergi meninggalkan Terus berjalan dengan tujuan yang sama di awal;Netral
Statement terbodoh sih menurutku lbh penting lapangan pekerjaan lah MBG cuma menghasilkan tai dibangga in blm lg masih byk yg Keracunan tuh;Netral
adit anjing fuck you;Hate Speech
hi kids this is your dad si serba bisa mom tinggal duduk manis santai yoga in the morning ngafe cantik arisan dad yang masak beres beres rumah cari cowo nanti kayak your dad yah;Netral
belum ada pengalaman BA tapi aku minat kak untuk melamar di BA;Netral
Thanks u amp fuck you taun si paling KONTOL;Abusive Language
yg km sebut gagal skrg bisa jadi preparation phasemu Skills yg km develop sekarang pengalaman rejection yg bikin km lebih resilient perspective yg kamu dapet dari struggle itu semua building blocks buat versi terbaikmu nanti focus on process not outcome life isnt race;Netral
Agak tolol Sumpah malesssssss its always Im army but Idiot youre not;Abusive Language
aaa terimakasih happy new year full senyum yaa ayok semangat kitaa;Netral
menurutku kalo yang spl ini bagi aku juga agak memaksakan karena awalnya juga aku mampunya k aja dan itu ga sering cuma karena pas ada lebihan aja jadi bisa nutup banyak sekaligus kalo yang slow dan benerbener nyicil seadanya tuh aku dipo kak aku nyicil kan gitu;Netral
whYy ANjing tu LoOks so damn WeirD;Abusive Language
You dont need to be sad even its okay by just know about me Huhu iya kayanya efek capek juga makanya gampang kaya gitu;Netral
Tapi memang lechen ini beberapa kali menghapus komen Waktu itu ada komen yg menurutku sangat keterlaluan dan kata cnets wang langsung ngehapus pas cnets lg refresh komennya;Netral
You need to be strong bro I know you can face this Allah uji sbb dia sayang May you and adik akan sihat selalu;Netral
Same shit everyday man;Abusive Language
Yup same shit;Abusive Language
Weh aku menangis macam babi sial fuck;Abusive Language
padahal selamani dia takpernah buat aku yang buat la sial bukan tak ajar buat dari kecik ajar je sama macam aku kena ajar tapi tulah pemalas nak makan pastu tido je macam bela anjing fuck u la sial memang beban;Hate Speech
Ns cuma pengalaman pribadi BUMC tuh toxic pol yang bikin cape ini Jadi ga ada hubungannya sama disiplin ga nya kalo ditempatku dulu soale mereka tuh suka kasih job yang harus dikerjakan orang ke orang tok Mau se disiplin gimana pun ya bakal ga mari kabeh;Netral
ANJING CN VA NYA DILUC ITU VA NYA ANDREW IDV FUCK WEH ANJENG GUA SHOCK BANGSAT;Abusive Language
good morning happy new year selamat ya semoga apa aja deh yang penting oke god bless u vi semangat semangat semangat i love you be happy happy birthday pacar jake semoga samawa ily sekali lagi segunung;Netral
Well Damn Asheley Blackford Ima Make Sure You The Only Person I See This Weekend;Abusive Language
YE BEEMO AKU PUN MINAT KPOP JUGAK TAPI TAK OBSES GILA BABI ANJINK MACAM DIORANG NI AKU MENYAMPAH WEH SEMUA BENDA NAK RELATE DENGAN KPOP ANNOYING AS FUCK BABI SUMPAHLAH PERGI MAMPOS SEMUA DENGAN KPOP LANCAU PE SEMUA TU;Abusive Language
me too bc shit would be going wayyy better if i was in charge lowkey;Abusive Language
the untamed non romance tu tp coba deh drachin romance menurutku gemas gemas wkwk bisa coba hidden love yg viral pada zamannya klo km tau chen zheyuan;Netral
happy new year selamat tahun baru terima kasih hwangfelist yang sudah setia meramaikan base dari tahun ke tahunnya semoga hal baik makin bermunculan di tahun ini untuk hyunlix dan juga kita semua;Netral
Bener bener goblok kapanlagidotcom RT THIS IS IDIOT FAK YOU;Abusive Language
Babi lah main xde urgency nie Fucking idiot;Abusive Language
Capek tau dh ku bereskan semuanya tpi diberantakin lagi nobody cares im try to be fine really;Netral
WOY ANJING LALALA FEST ADA GOLDLINJ AHAHAHAHAHAHAHHAAHHAHAHAHAHA fuck;Abusive Language
kalo menurutku daily dose of sunshine selain drakornya bagus banget ngebahas tentang penyakit mental drakor ini juga salah satu alasan aku buat berani konsul ke psikolog sama psikiater;Netral
Pffff modal bacotan lu di bilang bukti settingan Ini lu tolol apa idiot Gblokk Baru tau klo pelanggaran di kotak penalti gk boleh penalti Lawak Mana argumen sampah pulak lu Mau lu prediksi dari pun pelanggaran tetep pelanggaran;Hate Speech
Fuck to all mainland chinese China Datang Malaysia buat perangai babi bawak penyakit Ga ni na;Hate Speech
kamu kerja ada banyak opsi bisa jd kurir pizza kasir etc trs nanti uangnya dipake buat renov rumah impian kamu dia kaya roleplay gitu sii ava kamu bisa laper bisa bau badan klo ga mandi bisa betmut bisa masak berkebun menurutku seruuu pokoknyaa;Netral
sya happy new year wish you the nicest warmest and happiest stay healthy and be happy yaa ilyy terimakasih udah banyak interact ma akuu ayo jangan bosen bosen temenan ma aku yak;Netral
happy new year terimakasih banyak nuna untuk tahun ini ayok kita buat kenangan lebih banyak d tahun;Netral
Happy New Year Semoga apa yang menjadi kesedihan di tahun kemarin menjadi kebahagiaan di tahun ini Apa yang belum terlaksana semoga segera terlaksana apa yang diinginkan semoga bisa terwujud di tahun ini Sehat selalu dan selamat berbahagia di dekade baru ini;Netral
aku bukan takat ada kat tepi tu ill even be the hand to tarik you bangun balik srs i get that you dont want to be alone rn tapi you dont wanna be a burden it be liddat sayang tapi takpela srs khadijah takpe aku ada im fucking here til the end much love doh bih lt;Netral
Heh babi idiot Yang dipermasalahin itu caption bajingan bangsat lu itu tolol Buang oksigen aja lu nyet;Hate Speech
Doa untuk jadi lebih baiknya cuma diawal tahun aja usahanya tetep santuy sambil berebah Kalo masih belum jadi lebih baik tinggal doa lagi diawal tahun berikutnya agar bisa jadi lebih baik Hmm dasar saya Happy New Year Selamat Tahun Baru;Netral
telat banget but i was contemplating whether or not to reply under this Halo might not be the best year tapi di taun ini aku mulai terjun ke art bener dari gapernah pegang paintbrush sebelumnya dan belajar dari awal emang ga mudah;Netral
SM LO KAPAN ADIL BUAT PART GISELLE ANJING GISELLE MULTITALENT TPI DI SIA IN SAMA AGENSI GAJELAS KAYA LO BANGSATT CEWEK GUA KAYA ANAK TIRI PART NYA CUMA DETIK FUCKK BITCH;Hate Speech
stay safe semuanya kalau udah kacau tolong pulang takut nyawa kalian yang pulang yang di kwitang kacau sekali miris;Netral
Damn apa aku makan ni ah semalam sampai sakit anjing perut ni haihhhhh mau kali suda membuang terus;Abusive Language
LEGEND TIMNAS ITU KUDU NEVER DIE LAH ADA ANAK DARI LEGEND TIMNAS MINTA JERSEY INDONESIA KAGA DI KASIH tolol amat si giliran artis yang bukan siapa doang langsung di kasih LO PARAH AMAT NGELUPAIN PARA LEGEND DAN PEJUANG DI LAPANGAN HIJAU fuck;Hate Speech
Lebih mudah dengan KITS Wallet Tambah nilai bilabila masa atau kongsi dengan orang tersayang Jom beralih ke KITS Style untuk pengalaman perjalanan yang lancar mudah amp menyeronokkan Muat turun sekarang dan mulakan perjalanan anda hari ini;Netral
babi hahahah aku minat stubble depa ja la kalau aku gay dah lama EXO satu group aku chop bitch;Abusive Language
ML gotta remove all this stupid goblok player;Hate Speech
Dan seperti saat ini mereka begitu sukses dan bisa membantu semua orang yang membutuhkan dan lainnyaand I wish I could be like them too yeah I hope we can meet them later whether its sooner or laterHappy Birthday to you Kim Seokjin;Netral
fuck OFF BABI FUCK RIGHT OFFFF;Abusive Language
I added a video to a playlist FULL FTV TERBARU Tukang Ojek CANTIK Dan Bumbu CINTA Full FTV;Netral
tiap lewat st pasming kayak ya Allah semua org hampir mati demi nyari duit demi bertahan buat kedepannya dan byk org tone deaf bilang politik ga ngaruh sm kehidupan gue itu anjing sih can u just stfu if u dont feel the same shit lo bisa blg gitu karena blm ngerasain;Hate Speech
Happy new year everyone Selamat tahun Baru semoga di tahun menjadi hari yang baru untuk menjalani kehidupan ini dan menjadi lebih baik lagi dan rezekinya lancar dan bahagia selalu sehat selalu dan Allah selalu melindungi kita dari hal buruk;Netral
BUT IM SCARED SOMEBODY IS GOING TO FUCK UP MY EYEBROWS;Abusive Language
Fuck you israel n memek RIKA Dajjallis;Hate Speech
terimakasih kesan shonichi ke bali yaa btw happy new year wish kita ditempat yg sama pas tahun baru stay safe yaa sampe balik lagi ke jakarta fancam besok malam aja lah hehehe gn loff;Netral
thats all for today update c u on next update lama jg ya couple booth nganggur sampai jadi proyek mangkrak gini habis ini kt ngedate lg yah ihiww terus tinggal satu date lagi sebelum th date aka confess day SPOILER smngt cantikcantiknya jeyhann;Netral
udah lama banget berarti ya tahun lalu apa tahun tuh belom ada kesempatan ketemu full team kita ya emang si sunwoo mah di idol radio mulu jadi banyak ketemu idol idol dan sering challenge kocak menurut gw sih cocok saatnya lu jadi pengisi suara di anime gratis itu;Netral
Chiqa u send this to Yu Laoshi Shengdan liwuChristmas gift Wah Ganxie loh sayang Bukan laoshi I know laoshi isnt Christ so laoshi might be not celebrate Christmas kan Itu new year atau end year gift buat laoshi Chiqa sayang laoshi Awww u r so sweet;Netral
lelaki yg mcm babi mmg fuck jgn korang nk cari laki yg muka lawa tpi prngai mcm babi biar muka xcntik prngai elok;Hate Speech
Gua tuh males sm kpopers yg blg idol gatau apa tuntutan agency damn they are mostly grownmenwomen mrk pny nalar punya pikiran bs nolak kl ngerasa itu salah Dgn opini gt seakan bikin idol kpop tuh goblok amp nurut kayak robot Gua percaya mereka cerdas kok;Abusive Language
Dan pesan yang paling penting tentu saja its okay to not be okay Terkadang mungkin kita merasa lelah sedih marah kesal merasa hidup ini sangat berat but thats okay Because it is also okay to not be okay Many of us sometime forget that thats how life works;Netral
Tahun baru bakal gua diemin lu br anjing damn;Hate Speech
Idk why people benci sangat penagih dadah sampai ckp elok mati je Tbh i dlu pun pernah ckp mcmtu to someone yg i sayang But we managed to changed him to be better person Sekarang rokok pun dia tk hisap;Netral
O Adera amp Nadin Amizah Beauty amp The Beast Aransemennya beda sama yang original malah lebih enak menurutku soalnya suara adera sama nadin auwhrud banget huft;Netral
text to ask but never wanna reply damn annoying sia this girl better just throw away ur phone babi;Abusive Language
Happy new year Terimakasih untuk halhal baik di tahun ini Semoga tahun berikutnya lebih menyenangkan lagi;Netral
I ALWAYS try to be good daughter for you pa doain ang sama mas angga dan ade sukses pa biar ga ada lagi yg ngerendahin bapa i love you so much Sayang banget bapa ga main twitter jadi ga bisa baca ini;Netral
Tak faham betul aku dorang ni cakap nanti kata ungkit tak cakap nanti buat lupa bila time dia senang mulalah sikit pun tak nampak salah dia salah orang je dia nampak fuck u lah babi;Abusive Language
gue nga akan pernah chat siapapun duluan lagi deh kapok terserah aja itu mah lah capek anjing ngarep sendirian mulu mending balik lagi ke idup dulu yang flat and dont give a shit about anything;Abusive Language
Fuck lah cemana nak stop spam bodoh bangsat ni hn im sorrrry so much hm;Abusive Language
Avkor avkor idiot BACOT Heh Goblok minta lahan sama melas kasian biar dikasih pulau buat mereka gaada bedanya tololl;Hate Speech
bener sih mamahku juga maunya jual murah karna biar perputaran modalnya gak stuck tapi menurutku itu terlalu underprice bgt huhuhu mungkin karna jualnya juga di kota kecil sih jadi matoknya segitu;Netral
happy new year smoga di tahun ini lebih banyak bersyukur dan lebih baik dari tahun sebelumnya terimakasih untuk suka cita di tahun bersama orangorang tersayang;Netral
I feel like they dont give me enough time to cry for Neteyams death one second Im crying and next second I have to focus on Jake fighting that bitch I dont even bother to remember his name ANJING;Abusive Language
Makan asam pedas ape anjing Dah la tak sedap Asyik checkin checkout toilet je ni Fuck peniaga melayu Kedai cina gak jaga kualiti;Hate Speech
ipi happy new year dan selamat mengulang bulan bersama pasangan make it last lt;Netral
gue sebagai orang yang pernah sama leo agustus sumpah SETUJU BANGET njir merah semerah merahnya maaf tp pengalaman gue gini;Netral
Mau ikuttt menurutku mending WA si krna ga semuanya pnya tele contohnya aku;Netral
lt Happy Birthday sayang dont be sad ya you deserve to be happy makasi udah jadi temen vii disini Im glad to know you cii doa dan segenap hal baik menyertaimu aamiin;Netral
Salah download haha kampret malah kbs daejun haha shit;Abusive Language
Oom suka pendapat ini Rakyat tuntut Copot dan ganti Kapolri Makzulkan Gibran Penegakkan hukum Hukum mati koruptor amp hakim bobrok Sita harta koruptor Reshuffle Ex Men Jokowi Keras kpd Taipan Cina hitam;Hate Speech
Makin lu ngetwit makin keliatan Goblok lu drun Lu terlalu paranoid apa mulai gila Bisa googling tapi lu idiot;Hate Speech
Lah kan pengalaman tahun dimasukin aja ke cv pendidikan terakhir juga Gaji anak SMA sama S itu beda loh emang kamu gak kepengen gajinya gede;Netral
Gabut malem ini sharing pengalaman atau fantasi liar km yuk;Netral
babi kat fb kau fuck kn aku lanat kat sini lanjioo;Abusive Language
The last day of started with me meters away from being into an accident because a motherfucker decided to be a stupid motherfucker by not giving signal bila masuk simpang Dah nak masuk pun perangai macam babi lagi Fuck off;Hate Speech
Bersyukur bagi yang sampai tahun ini masih diberikan kesehatan rezeki yang lapang bertahan dari ujianujian dan diberikan kesempatan di tahun tahun berikutnya Selamat tahun baru Happy new year;Netral
YALL SAY THE SAME SHIT EVERY DAY OMG SHUT THE HELL UP KAMPUNGAN ANJING NORAK TAU GK;Abusive Language
Happy New Year Terimakasih sudah kuat atas segala masalah yg terjadi Buat bangga ortu semoga sukses masuk ptn aminn yang indah siap menanti;Netral
sumpah anjing bgt lo sok tau segalanya benci annoying disgusting dan temen temenku pda maksa aku jadian sama diaSTUPID;Hate Speech
Happy new year Fritzy Semoga tahun ini membawa kebahagiaan kesuksesan dan kesehatan untukmu Semoga semua impian dan harapanmu tercapai di tahun ini Tetap semangat dan positif dalam menghadapi setiap tantangan Selamat berjuang dan selamat meraih kesuksesan;Netral
Ehh bangsat ya lo ngatainin uperm gagal What the fuck omongan lo bikin sakit hati;Abusive Language
Kangen it ada syg it ada tp tiba dkt dia rasanya gk bisa ngomong;Abusive Language
DIA DALAM DONT LIE RAHEE KE BABI FUCK AKU SUKA DRAMA TU BODO SEBAB DIA HENSEM SANGAT OHMYGOD;Abusive Language
Wkkwkw ngakak anjing gua gabgitu pecaya ginian but fuck;Abusive Language
Tp menurutku javion yg paling waras di antara lainnya kak;Netral
Emang lo goblok sampah Stupid Kau Pikir Kaulah Segalanya Kau Maniz Kau Ibliz by Edane;Hate Speech
Pengalaman sebulan stay abroad banyak software engineer indo yg skillset nya far more advanced daripada swedish companies punya Pdhl disini ada ericsson spotify dll wqwq idk Engineers team data dll di indo jg tahan banting sm long hours Disini jam dah pd dinner;Netral
Guys tolong yang di Kwitang Senen kalau ada adik dibawah umur disuruh pulang aja Ini depan kos gw banyak adik kayaknya yg masih pelajar dibawah umur rame banget Tadi udah dibilang sm ibu kos buat balik dan bubar Stay safe ya semuanya;Netral
gua jijik banget sama orang nirempati tolol idiot;Hate Speech
Oh damn Dibikin nasi campur babi tapi nasinya nasi kebuli Pakai kulit babi kriuk samcan deep fried babi merah madu abon babi sama sate babi bakar ga pake gosonh;Abusive Language
Setelah tsunami hoax yg beredar banyak bener ga ke itung Yang bantu nyebarin udah ngerasa paling peduli sekitar padahal kamu tuh memperburuk keadaan bangsat tolol idiot;Hate Speech
Socalled offensive words pundek cunt fuck bitch babi stupid bodoh Words that are actually offensive ambunene keling kafir bumiputera slut or any slutshaming term related to a sex worker just cuz the woman in question is sexually active;Abusive Language
I am afraid it goes to be mubazir Tapi Aku Suka baju cantik ya Tuhan I cant lie Cuma knp si susah bgt ngerasa nyaman sm baju Knp si Suka ngerasa salah Beli dan berakhir jarang dipake;Netral
Happy new year oll terimakasih and mari bekerja keras lagi mencari duit untuk pergi ke konser fanmeet fansign fancon tour itu aamiin;Netral
happy new year aku bakalan buka hari kemudian insya allah soalnya aku lagi selesain keperluan store di whatsapp dulu buat yang mau order maaf banget kalau ga aku jawab dan yang late garansi juga maaf ya aku bakalan balas buat yang kena unprem aja selamat tahun;Netral
Selamat Tahun Baru Mari bersama memulai lembaran baru di tahun dengan energi baru kepercayaan diri baru dan semangat yang baru Happy New Year;Netral
kami dan juga banyak orang Tetap semangat ya kak Gaby jangan pantang menyerah Masih banyak orang yang sayang dan terus mendukung kak Gaby kok Im sure kak Geby will be able to deal with all of this still all and smiling yaa;Netral
BRITISH MEMANG BABI FUCK ORANG HK AKAT QUEEN BABI FUCK OFF FUCK BRITISH;Hate Speech
AHHH BABILA IKLAN HANTU KT ASTRO CITRA MALAM MALAM NI FUCK BABI TAK TENTERAM AKU NK TGOK MOVIE;Abusive Language
Yes cause I actually was on your fucking side saying your not like that and you made me look fucking stupid;Abusive Language
Ya still his positioning inside the box is shit;Abusive Language
Makasih banget buat semua yang udah join Video Call bareng hari ini Asik banget kan ngobrolnya bulan ini Yuk share pengalaman seru kalian jangan lupa tag mimin pakai hashtag Sampai ketemu lagi di videocall berikutnya;Netral
happy new yearini simbolis aja sii hehe bulan tanpa berkabar bikin aku buta banget yang kamu bikin story kan bukan struggle nya kamu aku harap kamu makin pinter manage diri dan makin bisa memosisikan diri untuk rasional selamat menuju taun miiiiiD;Netral
Ada yg makan cheesecake ku siapa bangsat Terakhir ku liat masih ada ini tinggal sisa what the fuck ditanyain satu satu gk ada yg ngaku;Abusive Language
Merayakan kembalinya EH dari liburannya DH pakai his special pink muffler donk hahhaa yeah right bc sometimes my imagination is hard to be controlled tho wkwk tapi sayang;Netral
itu sih ciri cebong idiot kata dan fakta pasti hasilnya terbalik;Hate Speech
Astga cewe idiot goblok gatau malu kesel gue pengen gue tetelin mukanya;Hate Speech
Buat semua yg baca ini Saya sayang kalian jangan pernah merasa sendirian Kita memang gak terlalu dekat tapi kita bisa saling ngobrol bareng Jangan sungkan ya I was born to be love everyone please dont easily judge me;Netral
otak somplak yg gt deh pemimpin botol bodoh amp tolol idiot permanen goblok takberujung;Hate Speech
Yall and these baby daddys lol Fuck em;Abusive Language
Nu kie layak dimaki SDM rendah anjing fuck off;Abusive Language
Otsu semuanya Happy new year dan selamat beristirahat Love you all;Netral
Sayang lee jinhyuk banyakbanyak sukses terus cintaku You are my best boy I proud to be your fans;Netral
Idiot tolol atau tak bernurani;Abusive Language
ngong ya allah maluww bgt aku pasti terlihat bodoh dihadapan beliau aduhh mana bsk ketemu langsung beliau S sampe S di luar negeri apalah aku yg remahan rempeyek ini tapi harus bertanggung jawab atas beliau di event besok;Hate Speech
The struggle is real jadi the only one anak perempuan dalam family ni Sebabnya anak perempuan need to be independent more than anak lelaki Aku lapar ke apa kau settle sendiri Lauk semua yang tinggal kena bagi anak lelaki dulu yang makan;Netral
Hei my lovely babyboy Makasi udah hadir dihidup anse dan nemenin sisa tahun bersama anse maaf kalau sikap saya posesif ke kamu i just want you to be okay Tolong bahagia dan jangan sampai terluka saya sedih Your anse sayang banget sama Archee;Netral
Ada yg bilang gini jangan lupa sok cantik karena You are what you pretend to be;Netral
Iya DAMN GAK SALAH Kita goblok;Abusive Language
Selamat tahun baruuu Happy New Year Foto hanya pemanis karena lagi bucin Choi Hyun Wook;Netral
KAK BARAAAAAAA HAPPY BIRTHDAYY TO YOUUU SELAMAT BERTAMBAH UMUR LEBIH TUA WISH U ALL THE BEST SEMOGA SEMUA HARAPAN KAK BARA TERCAPAI IN YOUR NEW CHAPTER AND GOD BLESS U ALWAYSS;Netral
Lalu bagaimana di sini gue diajarkan penuh untuk bertanggung jawab atas apa yg gue perbuat dan tidak melibatkan orang lain terlebih dari nonbeliever ngebuat gue makin mudah untuk nafas At the end of the day this will be my journey and only me Noone can t butt in;Netral
fuck you hang dgn wan ranjit aku kan babi;Abusive Language
ketemu moots baru kenalan baru kenyamanan baru pokonya im so happylt thank u guys love u happy new year selamat membuka lembaran baru;Netral
Ini gila babi damn son;Abusive Language
it is too hard for Thai production dan Thai production dah produce Khemjira dan CGI nya itu GMM budget minimum aja bisa jeleknya kadanh diending sih tapi Not Me Last Twilight sama Moonlight Chicken Sotus itu lebih bagus menurutku;Netral
kontol fuck;Abusive Language
If you could meet one fictional character who would it be Hinata Shoyo Pengen ketemu ball of sunshine Id love to hear him talking for hours kayak iya gapapa sayang ngomong aja aku dengerin kok aku juga mau nontonin dia latihan huhu;Netral
Happy New Year Hyunsuk Jihoon Terimakasih untuk semuanya yang telah kalian lakukan Semoga Tahun ini lebih baik dan lebih banyak sayangnya buat kalian Semoga sakit nya kalian tahun lalu membuahkan hasil yang maksimal tahun ini Semoga kalian selalu dikelilingi;Netral
HAPPY NEW YEAR ALL MY MOOTS aku super duper cinta kalian semua aku cuma mau bilang terimakasih yang udah mau mutualan sama ku dari jaman enha orange blood semoga kita bisa berteman lebih lamaa pokoknya aku cinta kalian happy new year guys;Netral
ga wajar tolol jadi cowo udah ngangkang miskin mindset idiot;Hate Speech
DONT U HATE IT WHEN MOSQUITOS FLY LOW like get the fuck off my food bitch anjing fly to a higher fucking altitude you weak winged scum;Hate Speech
terimakasih banyak elioo yg kerenn happy new year and love u too;Netral
Bulan dan Tahun yang baru diwarnai dengan wajah baru Terimakasih atas Hadiah nya yang mensponsori Layout yang super imba gelo Yang dibuat oleh kak buat kalian yang mau cari layout yang keren bisa ketuk DM nya ya HAPPY NEW YEAR;Netral
Good morning selamat pagi rasa duka lihat berita berita yang ada sekarang semoga segera damai Indonesia;Netral
Mertua bangsat Otak baru terbuka Kemana dari dulu Mw bantu now Fuck u fam;Hate Speech
situation right now is fucking crazy yall i cant imagine living there I understand the frustration but please stay safe yall Terutamanya golongan mahasiswa yg bikin sertai protes dan demo Saya warga Malaysia berdoa agar kalian tidak cedera;Hate Speech
This ones for the fake so shut the fuck up anjing;Abusive Language
Emang bangsat pengguna matic macem gini;Hate Speech
ROG FE kalau mau dapet feels gaming S FE kalau mau dapet update OS lebih lama Iqoo Z turbo kalau mau dapet pengalaman baru Poco F pro kalau mau ngerasain gacha;Netral
Happy new year temanteman ku semoga di tahun ini semua masa lalu buruk kita dapat menjadi pengalaman yang berharga untuk menjadi orang yang lebih baik lagi kedepannya selamat memasuki tahun baru awali tahun ini dengan hati yang bersyukur kepadaNya;Netral
kombinasi ini menurutku worth it banget kalau kamu cari suplemen buat kulit kesehatan dalam sekaligus lebih kerasa hasilnya kalau diminum rutin minimal bulan;Netral
damn susahnyaaaa dulu tak ambil perhatian sekarang ni bila org dengar lego kena gelak sial babi betul hahhahahhahahha apa salah aku belajar ev dulu ya allah;Abusive Language
Secara ga sadar lu iri urusan banget jadi orang Kenapa sih Ga bahagia kah Gausa pake embel udah pengalaman Ya kalo lu ada pengalaman gaenak perihal hubungan ya jangan disama ratain dong aneh banget;Netral
Bangeeeet s paraaaah s RT suram RT Kenangan pahit fuck bangsat Haha;Abusive Language
melekat dahsyat betul scene dia retsleting baju balapnya terus masa kayak the most ljn thing to do aja menurutku pingsan;Netral
O IDIOT Spa yg ngemeng ama lu tolol Ngkk nanya taii Selesai juga;Abusive Language
males mikir so i m just going to mumble hahah goblok every time i come across stupid thing people say on this app;Abusive Language
Saya pikir dgn adanya pemain muda ini kita perlu ambil sisi positifnya dengan pemain muda kita bisa sampai final amp sy pikir ke depan ini akan banyak kemajuan di sepakbola Indonesia Selamat Tahun Baru HAPPY ENDING Happy New Year Page;Netral
what the fuck masuk fk joki bro emg lu bakal survive kah wkwk;Hate Speech
Kali ini gua harus kasar Woi Pulang anjing kalo lu pada mati gak ngerepotin keluarga gak masalah tapi nyawa lu sendiri juga harapan keluarga goblok Jangan mau diprovokasi perjuangan kita masih panjang ini bukan Petrus lagi tapi ngeliat kejadian di Kwitang harus stay safe;Hate Speech
What the fuck Man how dare you Kalian ngeship org yang bahkan gaada moment I mean like wtfff Cuma akrena vibes mereka mirip Hey dude mereka sebelahan aja gapernah anjing;Abusive Language
Happy New Year Byebye thn yg penuh Kenangan yg berlalu dan yg Berlaku Selamat dtg thn yg penuh Harapan JBU;Netral
Cuma mau ngomong sih kalo lo mau cursing ya cursing aja Ngetik curses disingkat seperti fuck jadi fck goblok jadi gblk or bodoh jd bdh doesn t make it less offensive if you haven t realize;Abusive Language
Termasuk kata tolol goblok idiot ga pny otak itulah ciri prndukung wan angin Atasnya pinter ngeles Bawah pinter maki;Hate Speech
Please DM saya ada pengalaman admin warehouse selama tahun kurang lebih;Netral
Aku tau kok kalo aku belum cukup umur untuk ikut bersuara dalam hal politik tapi ini masalah PEMERINTAH DPR POLISI INDO DAH KEK ANJING;Hate Speech
thought process lg comedo extraction pas facial kntl kntl kntl kntl ANJING fuck TOT astaga SIAPA YG NELPON OH WIREN BAJINGAN;Abusive Language
ANJING BABI BANGSAT MONYET PIG JANCOK BITCH BULLSHIT ASU DAN SEMUA YANG ADA DIKEBUN BINATANG;Abusive Language
so fcking stupid RT Hahaha babi ini lawak celaka HAHAHAHAHAHA;Abusive Language
Happy New year Terimakasih makes me happy Semoga tahun ini aku diberikan kebahagiaan dan semoga tahun ini ngga sendiri lagi;Netral
Happy New Year Selamat Tahun Baru Semoga semuanya baikbaik sahaja;Netral
ANJING BARU KALI INI GUE NANGISIN KAPAL HVMV FUCK;Abusive Language
Katanya stop making stupid people famous tapi masi aja ada desak anis yg goblok siapa sih ini;Hate Speech
Twitter bener bener toxic sekarang Orang goblok mama yang tbtb nyerang orang lain padahal dia buat juga di lapak nya sendiri Kalau gak suka shut the fuck up Ngomng tanpa bukti itu hoaxmana bukti keris gasuka dan di up media korea Dont talk nonesense here;Hate Speech
no respect to you bitch sekolah agama tudung labuh ohhh sembang aku tak salahkan sekolah tapi aku salahkan perangai babi dia tudung labuh sebab dia pergi sekolah agama kat luar singkat lahhh;Hate Speech
Hati hati dengan akun ini akun lonte penipu fuck asu anjing babi bangsat Langsung main blokir twitter sama wa;Hate Speech
Kalau masih need atau next mau joki dafpus aku bisa kakk aku pengalaman bantu sampe skrg mendeley ku ada sumber Wa di bio ya;Netral
Hai manusia anjing yg lebih anjing daripada anjing muka lu kalo udah jelek kelakuan minimal di jaga lagipula Tuhan udah menciptakan manusia otaknya di kepala tapi lu malah mindahinnya ke dengkul bahkan sampe ke mata kaki YOU BITCH;Hate Speech
maker netflix gua makin kesini makin anjing ya pada bilang i need healing for my self so i wont use my phone within days WEH IDIOT GARANSIAN LU BANYAK MEK;Hate Speech
Idfk youre a piatu youre cabul Fuck off anjing;Hate Speech
Anjing all these things about selen making me WANT TO SKIN SOME PPL ALIVE Like the heck just be outright about it if youre haters Why specualte shit and basically make up rumors about every single thing;Hate Speech
Anjing gue baca au niatnya biar distraksi malah keinget bangsat soalnya i had much fun with him fuck Sedih;Abusive Language
Selamat pagi moots Happy New Year yaa Semoga disepanjang tahun ini kita semua selalu diliputi kebahagiaan dan kesehatan Mari kita awali januari ini dengan pull it back the sireeennnn nah;Netral
pada kaya raja anjing lu pada fuck;Hate Speech
hahah jangan kak jangan sekalikali nemenin cowo dari pilihannya cuma bakal tetep terus atau kalo udah sukses bakal ditinggalin kamunya Soalnya aku udah pengalaman kak malah dia terus cari yg setara aja dalam segi apapun jaman sekarang harus realistis lah;Netral
hnghyomin lu kampret y iyanih grz Aus makan lah idiot lu lebih idiot;Abusive Language
The Travel Nurse SoL Medical Comedy Kebanyakan drama kesehatan berfokus pada profesi dokter Namun di drama ini akan full menceritakan dari sudut perawat dan menurutku banyak hal yang sangat akurat dan tentunya menarik Minusnya cuma susah nyari tempat nonton;Netral
thankyouuu bgt udh mau jd temen gue bantu gue dengerin cerita gue huhu im glad to know u berawal dr suka jbjb jadi makin kenal i love youu mwa mwa be happy terus yaa smoga nanti bs ketemu secepetnya jgn sedih oke banyak yg sayang sm lo termasuk gue sm jaehyun;Netral
Eh go ahead lah bangga dgn dosa kau like people dont give a shit lah babi;Hate Speech
Di OTA ada tipe kamar tapi kalau di website ada sih Suite Grand Suite Grand one bedroom villa with private pool One bedroom villa with private pool Tapi menurutku cuman ada tipe aja tapi tiap tipe dibagi sesuai saka viewnya;Netral
OI KIMAK BETUL JGN ROSAKKAN ANIME AKU LAH BABI LANCAU SIAL LAHANAT PUKI FUCKING FUCK;Hate Speech
I added a video to a playlist Pengamen Cewek cantik Banget Nyanyi Lagu Agnes Matahariku Pake;Netral
hm u jangan terpedaya la dengan dia ni sebelum ni pun dia sibuk ejek visual lisa dekat tweet bina cakap jisoo lagi cantik padahal tweet tu pasal bina tengah puji lisa;Netral
Its always kalian sadar gak menurut gue ya sebenernya pak shut the fuck up;Hate Speech
Pengalaman di konser tds wktu itu dikit Bengong karna masih berasa di venue padahal udah di tempat kerja;Netral
Aku ga masalah kalo ada kawanku yg bela capres mati matian asal dia dibayar tapi kalo udah mati matian ga dibayar meninggal aja kau ngentot Orang berebut kekuasaan dia dapat kuasa musuhmu tambah banyak tolol bin idiot;Hate Speech
Happy new year Saya mengucapkan selamat ulang tahun kepada diri saya sendiri semoga panjang umur dimudahkan rejeki nya makin sabar dan makin sayang ke anak;Netral
Guys bertanya dong gw bingung katanya Molecool live update tapi kok gw coba buka daerah spt dket DPR Jkt dan Kwitang kok kosong sih Live sih ada orang lewat motor mobil tapi kyk sepi bgt jd bingung apakah itu boong;Netral
the fuck anjritt udah ga bener banget;Hate Speech
Ed Sheeran Mathematics Tour Maret Jakarta International Stadium by PK Entertainment Pengalaman pertama nonton konser di JIS Jalan kaki sepanjang JPO Antri panjang utk check body amp bag tukar etiket Gak jadi beli makanan amp minuman krn antriannya pjg bgt;Netral
Truuu as fuck;Abusive Language
halo ulang tahun ya hbd hope everything is gonna be okay to you dont forget to be happy aku nungguin notif dari twt x tapi kok ga muncul sih hehe sehat terus semoga minggu sebelumnya km jadiin minggu istirahat sebelum balik ke stage;Netral
Dear whoever is reading this kamu itu cantik antik Dan seseorang diluar sana tergils gils pokonya sama kamu Jadi senyum atuh Life is too short to be unhappy;Netral
bangsat lah FB gue engga bisa di buka fuck;Abusive Language
happy new year daffa adya lakilaki yang kasih aku banyak pembelajaran kamu anak hebat aku akan tetap sayang kamu fa terimakasih sudah hadi dikehidupanku terimakasih sudah mengisi harihari ku selama satu tahun Aku harap kamu bahagia selalu ya janji daffa harus bahagia;Netral
serta sistem tatanan negara seperti anjing fuck the system;Hate Speech
Sayang banget sma army apalagi bts kita keluarga sabar yaa keluarga ku army seluruh dunia kalo kita dikatain ga punya temen lah toxic lah Toxic ga punya temen tapi selalu juara dimanamana Bingung mau ngomong apa pokonya i proud to be army;Netral
Terimakasih banyak niel atas kerja kerasnya selama ini ya ayokk mari bersama dengan waktu yang lebih lama lagi dan marii makin bersinar lagii happy new year Nil;Netral
Same mistakes tolol stupid goblok Idiot banget sih nyenye ah tai;Abusive Language
babi mmg aku jadi acai la sial kimak la babi takleh ke tengok aku tenang baru sehari la sial fuck;Abusive Language
FUCK ANJING SB NYA KOTOR;Abusive Language
Itu menurut otakmu yg mesum tolol Lu kayanya mendekati idiot dehatau emang udah;Hate Speech
Kenapa kok gk jatoh aja sekalian cok trus mati gitu Bosen gua lihat tingkah orang yg terlihat goblok pdhl gk goblok cuma hanya mau di up di medsos biar viral please stop making famous stupid monkey to get attention from us;Hate Speech
Anjing gemes banget itu si fuck u nya;Abusive Language
Dan goblok nya ini modem lelet banget damn;Abusive Language
ye babi eee Penatlah sial diorang ni fuck bodo mampus la;Abusive Language
Rebahan dikasur pantengin hp sambil dengerin letusan petasan Its the end of the year Terimakasih buat kenangannya dari seneng sedih sampe rasa bosen yg hampir tiap hari diriku rasakan And im still fucking single Hope in i got more happinessHappy new year all;Netral
Selamat menyambut tahun baru Ppippideul Semoga tahun ini banyak kesempatan baik yang datang buat Vanner dan juga kita semua Happy New Year;Netral
Selamat tahun baru Mendoakan agar tahun ini penuh dengan berbagai kesempatan untuk menjadi pribadi yang lebih baik Have a meaningful happy new year everyone Stay healthy;Netral
thank you makasih bgtttt udah ngehibur aku malam ini semua sampah di kepalaku rasanya keangkat sedikit demi sedikit sayang bgt sama kalian yall always be my reason to stay strong always be a place that heals like home love you always;Netral
Babi la apahal sepanjang orang yang tinggalkan aku camni Tak tinggal pun mesti buat hal am i not deserve to he happy Fuck;Abusive Language
shit si pedo naiknaik ke treehouse yg isinya anak gadis duh anjing tolong jaga dia;Abusive Language
Kak suni Happy new year yaaa sayang terimakasih telah membuat karya yang bagus poll aku sayang kamu kak sunii seneng bisaa ketemu author kaya kamu kak Lovee u so much;Netral
Bah ya allah maafinlah anggota ku ini ya allah jahat kali diap huhu wkwkw iyalah org idiot emg gtukin v dari pada badan babi;Hate Speech
temen kuliah gue voters jurusan hukum bikin sw gini berdoa dari apa toh tu aparat atribut dan fasilitasnya lengkap bisa sesukanya gunain itu yang biayain rakyat eh malah dipake buat nyiksa rakyat mereka digebukin rakyat juga rakyat yang bantu FUCK THE COPS;Hate Speech
Betul bercinta form Syg gila babi sial last kne tinggal gak Fuck;Abusive Language
First impression keknya anak yimyam ini mah v Nickname in my headal Do i like you ngga Ngga mungkin ngga sayang maksudnya You are my temen curhat dekel fav To be honest jadi lu download apa kmaren Should you do this tooyesh;Netral
lo kesel gaksi ada orang masih punya utang sama lo tapi beli barang abc tiap ditagih ntar ntar mulu wkwkkw anjing si manusia begitu gatakut keburu mati apa masi ada utang shit kesel allahu maaf sambat terakhir di;Hate Speech
era skrg malah pas pandemi aku dapet kerjaan pertama yg menurutku mayan enak;Netral
anjing babi iblis seperti ISIS Alqaeda FPI akan kami ganyang sampai kiamatgo to hell FPI kacung fuck orba;Hate Speech
Happy new year Karena untuk setiap ucapan selamat datang pasti ada juga ucapan selamat tinggal Terimakasih untuk kebahagiaan kesedihan kekurangan dan kelebihannya dan segala apapun yang udah allah kasih bersyukur bisa kuat sampai di titik ini;Netral
Fuck menang la mcm dulu Setan betul Defend babi;Abusive Language
ngalilir pas pisan jam mending sholat lurd Selamat datang th semoga th ini amp seterusa lebih baik dari th sebeluma aminn yaroballamin Happy new year;Netral
happy new year sayang terimakasih uda hadir di ku semoga sama sama terus ya;Netral
People often ask me tak penat ke Sanggup eh hantar jauhjauh Honestly penat guys Sebab aku sayang and i want her to be home safe and sound tu pasal aku ketepikan tu semua gambar takde link;Netral
Thread kumpulan pertanyaan sebelum melakukan pernikahan sesuai dengan pengalaman gue yak wkwk dan ini tentatif kok Pertanyaan pertama kamu kalau tidur ngorok ga;Netral
hiii mots udh mau berakhir i just want to say thank u udh mau jadi mots yg baik disini sorry kalo aku ada salah suka ngerusuh disini happy new year for u guys;Netral
when txt said fuck sumpah rasa macam tengah ascend to the sky sedap babi;Abusive Language
Happy new year Epel Selamat memasuki dekade baru semangat ya utk menjalani tahun baru ini;Netral
WhatsApp to Tan Happy new year hubs Terima kasih sudah mewarnai ku ya Terimakasih juga karena selalu menjadi diri kamu sendiri Love you all the way Selamat bela negara Sent;Netral
Kakk u did well this year Selamat ber istirahat kumpulkan semangat lagi karena aku dan fans dedes lainnya menunggu S webtoon dedes Tapi sebelum itu kami mengharapkan kesehatan kak esti dan tim Ily and happy new year;Netral
My MO who used to be my colleague dulu time surgical kasi I tidur at am till am Nawhh so baikk Siap tnya I lapar ke tak at am nk belikan food because he knows Im pregnant Alhamdulillah rezeki kerja dengan orang berhati mulia;Netral
its good actually you to be honest and get reject daripada you get accept only sebab kesian its true what people say yang jujur tu sakit buat sementara daripada pura ii sayang and akhirnya disakiti dengan teruk sekali;Netral
THE FUCK OFFROAD NYANYI LAGU SEVEN GUE MATI AJA ANJING;Abusive Language
bitchdog anjinganjir stupid bodoh pig babi sial means unlucky but still a curse word for us;Abusive Language
Hai happy new year Selamat datang di dunia kakanda dan adinda;Netral
and I deserve to be happy krn msh ada kalian dan org yg sayang sama aku Sekali lg makasih banyak atas semuanya Love you;Netral
Zbl Kzl ya Fuck bgt Friendzone hahahaha bangsat;Abusive Language
Happy New Year semuanyaaaa Mak jrengggg tiba udh wkwk yuk yuk tahun baru resolusi baru idih sipaling deh wkwk Selamat tahun baru ya semuanyaa semoga tahun ini bisa jadi tahun yang lebih baik lagi dari tahun hehehe;Netral
babi la fuck;Abusive Language
okay the fuck kasian bukannya lu udah di kasih duit buat beli motor disono kemana anjir tuh duitnya kasian disono butuh banget motor lah anjir dahlah anj capek gue disono selalu di kasihanin lah gue mana ada;Hate Speech
Kalo belum punya pengalaman berusaha di negara inimah emang paling gampang ngebacot jadi woke kalo lu mau ideal ga ada itu tukang mi ayam pinggir jalan warung indomi jam warteg atau bahkan yang jual ayam di pasar;Netral
Fuck off gi mati anak babi mak kau hijau;Hate Speech
babi final tak start lagi assignment tak habis lagi duk fikir nak gi korea bITCH THE AUDACITY;Abusive Language
Makin Sore Makin Muter Aje Ni pala Bangsat lt Tawa Jahanam v;Abusive Language
Bang lu udah tau kan itu salah Hati lu terbuat dari apa bang sampe x di selingkuhi masih nahan Are you stupid Masih banyak cewe lebih baik di luar sana lepasin dia bang Kecuali lu manusia tolol yang mau makan hati seumur hidup kalaupun nikah dia bakal tetap selingkuh;Hate Speech
Oiya hrsnya happy new year dulu skrg Selamat tahun baru kintannnn;Netral
heyyy sayang sini aku kasih tau you beautiful and you have a deserved to be feels a love yourself jangan dengerin kata orang kamu cantik kok;Netral
intinya gausah sok bener What Are you stupid brad HEH KONTOL kau yg asal dm org bgtu aja dh ga ada otak trs jari kau enak kali ngmng gausah sok bener tu otak lu turun KEKONTOL semua Apa SELANGKANGAN goblok;Hate Speech
Thread ini aku tujukan buat kalian yang udah ada rencana menikah ini berdasar pengalaman aku menikah di Desember lalu Semoga ngebantu yaa;Netral
Idiot salah orang goblok kecukecunan kok sama akut;Abusive Language
Im not good player but Im try to be better and tak menyusahkan my team as well ini kalau teammates kau hauk memang results tak payah berangan cantik lah kan bad decision betul aku pair dgn dia amp yes aku selesa gila buat project ni sorang diri with my managers assist;Netral
PRIBUMI GOBLOK TOLOL DUNGU amp PLONGA PLONGO yang rela jadi JONGOS nya maling dari CHIBA Menjadi IDIOT itu pilihan gan semoga hidupmu gak seperti AHOK diselangkangi orang selama tahun;Hate Speech
pen belajar ngomong alus tapi tiap hari ngliat pemerintah sama polisi makin kaya anjing bangsatt tai lu semua fck;Hate Speech
Kalau cakap kat us Muslims notyetChristians nanti tau pulak bising macam anak babi What a fcuking asshole;Hate Speech
Hati isteri senang cair ye kalau suami tanya manjamanja macam ni PM ke AM ke kita akan buatkan jugak sebab sayang A good husband deserves to be treated like a king Tapi geram ye My husband tells me that Im trying to make him fat from all the food I feed him;Netral
Hey lucu banget anak baik satu ini Terima kasih banyak ya selamat sudah melewati nya dengan baik Semoga nya bawa banyak kebahagiaan ya Happy new year;Netral
semoga pelaku dan oknumoknum yang terlibat hidup dalam bayangan tangis keluarga korban fuck the cops fuck the government;Hate Speech
WHAT THE FUCK DIA DAH LANGGAR DIA BERHENTI PASTU SAMBUNG LANGGAQ WEH YA ALLAH BODONYA WEH BODONYA;Hate Speech
makanya saya tidak ngehype blio kecuali artis yg aktif speak up dari lama dan emg keliatan stance politiknya dari kontenpostingan sebelum pemilu;Netral
Kasih sayang dan cinta itu menurutku harus jalan barengan karena kalau cuma cinta doang yang nampak yah kayak kamu gini pengen memiliki tapi enggak mau mengerti enggak menghargai enggak mau memaafkan egois pokoknya cuma lihat kesenanganmu aja;Netral
FUCK YOU ANJING;Abusive Language
hyy pale vale le makasyii udh muk mutualan ama gue hdu jdi malusayang vale byk bykkkk happy new year semoga makin gaaa malesss be happy dont forget to smile maniez Love u more;Netral
semoga gw ga diserang komunitas kucing bold of you to say THAT after u confessing this shit i sincerely hope you die being thrown like what you just did dasar orang tolol sakit jiwa lu;Hate Speech
Seonho feels his character more than us penonton pun boleh rasa sayang kat watak ni apatah lagi dia ji pyeong must be his close character so farI love his message to ji Pyeong;Netral
Pas tau si kakek seppuku eh ternyata kaigaku emang anak anjing gukguk kaga tau diri greedy ass bitch jadinya yagitu deh tapi sumpah zenitsu you are my pride and joy licereli you are maffff nangis lagi;Hate Speech
Cep ini lucu bngt sumpa i really like ittt im so glad to be your friend cep gw sayang bngt sama looo Smoga di lu mndptkan bnyk kebahagian semua hal yg pengin lo lakuin smg terlaksana yaaa Ilysmmmlt;Netral
Fuck la kau babimacam pukimak laki niebodo xhbis;Abusive Language
WAIT OMG WHY I TYPED HE OMG BITCH HOW TF SUMPAH GAK SADAR TOLOL X ANJ SUMPA;Abusive Language
FUCK LA ALARM BABI NI TAK BUNYI DAH KENAPA BABI;Abusive Language
PAGI PAGI UDAH WAR LU GOBLOK APA GIMANA REAL LIFENYA GIMANA SIH ANJIR KURANG BAHAGIA I WILL UNFOLLOW AND BLOCK ALL OF YOU IF YOU STILL DOING STUPID THINGS I DONT FUCKING CARE BITCH;Abusive Language
kalau gak mau anarkis stop pake gas air mata stop intel yang nyamar jadi pendemo dan berujung provokasi stop aparat yang main pukul stop culik pendemo stop bikin kebijakan nyeleneh it s to fucking disgusting;Hate Speech
Friendly reminder untuk temanteman capek itu manusiawi Your happiness your mental health supposed to be prioritized the same as physical health Hfh gak seharusnya kita maksa orang lain sampai seperti ini apalagi ini kasusnya sampe melanggar UU Ketenagakerjaan;Netral
Nuansa birubiru dengan salju yang sangat cantik seperti terimakasih karena sudah memberikan cinta untuk banyak orang Semoga osa banyak mendapat kebahagiaan setelah ini ya You did well Osa Happy new year jangan lupa balon warnawarninya;Netral
Selamat tahun baru ella kesayangankuu Terimakasih untuk tahun keren banget km di tahun mari buka lembaran baru di tahun semoga semua tujuan di tahun baru ini bisa tercapaiAku akan selalu bareng km di tahun ini Terimakasih ellahappy new year cantik love u;Netral
Gabisa pilih aku bener suka semua Udah sayang sama mereka sejak kali pertama semuanya bagus dan lagunya bagus MY YOUTH IS TXT PROUD TO BE MOA TXT HEALING IDOL TXT TH GEN LEADER;Netral
Happy new year all terimakasih atas memory nya Sungguh bangga bisa melewati yg lumayan berat Skrg fokus membenahi diri di dst Ganbatte;Netral
pemikiran manusia ga ada yang salah The fuck you mean with that your whole institution exist to fight againts a fucked up mindset that turned into action Nyogok siapa jir masuk TNI se goblok ini duitnya seberapa;Hate Speech
This shit comes from my mama smh;Abusive Language
serious shit stylo gyla babi kot kau beli kat mana;Abusive Language
TERIMAKASIH Untuk Hal Baik dan Hal Buruk Di tahun ini dan Semoga hal yang Selalu di semogakan Bisa tersemogakan di Tahun ini Aamiin Happy New Year;Netral
Happy new year selamat dugun dugun besok pagi dengan kabar dispatch tidur dulu biar rileks;Netral
Done all rules ka bismillah wish me luck terimakasih udah ngadain GA sehat selalu Kaka happy new year;Netral
karina cantik banget i love u sayang;Netral
My point was about permitted women and you know that damn well hypocrite Its totally ok to date them not the of you behind closed doors tho DUH All in all another vain attempt of yours to reverse the situation Youre the dupe and kafir one here bro;Hate Speech
kalo seru engganya menurutku biasa aja sih tapi dia lebih ke heartwarming ajaa kalo mau bacaan santai boleh tuh baca namiya;Netral
kami bukan korlap aksi ya teman pls refrain to ask abt technical things info aksi yg resmi tunggu dari aliansi mahasiswa atau akun jogja memanggil bareng warga dll;Netral
first this year Happy New year Selamat telah berhasil melawan prengat prengutku dan segala pertengkaran di tahun mari kita lanjut ke tahun sampai pulang kerumah yang sama;Netral
btul tuh yg maininnya cuma org tolol dongo idiot org gila doang RT ToD bangsat;Abusive Language
Wakakak goblok juga ya gua iya abis itu kamu makin bodoh pake deact segala gara bitch macem dia;Abusive Language
Happy New Year Selamat menikmati asap diseluruh penjuru dunia dan selamat bertambah tua Selalu optimis dan sukses selalu kawan;Netral
Happy new year Terimakasih untuk tahun yang sangat berarti semangat untuk kedepannya;Netral
Fuck this makan anjing sayur kol song;Abusive Language
Selamat Tahun Baru Happy New Year Semoga keinginan dan harapan di ini terwujud semoga bisa menjadi yang lebih baik lagi di hari mendatang Aamiin;Netral
Jadi objectives nya emang riot Revolusi Reset Hmm ok gue udah terlalu tua mungkin udah lelah kalo harus balik ke titik itu lagi kaya era reformasi jaman dulu kalo gua ga sependapat jangan di cap buzzer juga yee sama sama warga sipil doang semoga semua sehat amin;Netral
Pengalaman punya temen yg suka judi bola diganti pun bulan setelahnya padahal butuh buat berobat ortu next nya nggak mau minjemin siapapun lagi;Netral
happy new yearr makasi ya kaka kaka cantik udah nemenin tahun aku jadi lebih berwarna semoga tahun dan tahuntahun selanjutnya kita bisa ketemu lebih sering yaa i love u seluas samudera;Netral
aleef amp kak dee tahu dah once i terkeluar babi tu meaning that mmg benda tu terpaling bodoh la tapi Ive never mentioned babi to a person just to some random stupid stuff that happened to me;Abusive Language
Hai adek cantik nya abang Terimakasih untuk banyak cerita di yaa untuk semua perhatian yg adek kasih ke abang untuk kasih sayang buat abang Abang harap di adek terus sehat terus bahagia dan tentu nya terus sama abang Happy new year cantiknya abang;Netral
fuck i wanna wear that one pants but i forgot to wash it babi lah;Abusive Language
ini mah dua dua nya tolol anjing si abrar yang rakus sama sienna yg emng kegatelan orng mah ngejauh anjg brani ambil langkah ngeblock sama ngejauh klo bgini terus ya sama aja idiot babi lo brdua gua kubur ajalah anjing kesian aletta;Hate Speech
Balik kerja panggil anak sendiri bodoh sebab kunci pintu LOL fuck s sake anak kau sorang kat rumah perempuan pulak tu Takleh tunggu seminit ke aku nak turun bukak pintu Babi betul tak pasal kena bodoh Bapak jenis apa sial kau;Abusive Language
Disebabkan babi Yang cuti lebih semua kena kumpul nak Kira orang fuck u MENYUSAHKAN orang Ingat ni kolej bapak kau anjing BODOH Dh rule ikut je la bodoh X susahkan orang xpe jugak PANTAT Sial Bila tinggal pelajaran menyusahkan orang Hi mati je lancau;Abusive Language
Hei pe Mksh bnyk yaa Pe jg jgn lupa untuk bahagia oke Its okay to not be okay kalau ada apa jgn dipendem sendirian ya its ok to not always be positive one at least u can find your own way to be happy Aku sayang pe kl bth tmn cerita jgn sungkan ayo bertmn lbh dekat;Netral
Sehal Iottt hahahahahahaa RT Aku gak goblok kok Cuma sedikit idiot aja;Abusive Language
I am pretending to be okay Karena aku melihat bagaimana kerasnya orang tua ngebiayain aku mereka ga kenal lelah sakit cuaca ekstrim Tetep semangat nyari uang biar anaknya bisa sekolah layak;Netral
He also use his money yg byk tu untuk org sekeliling dia dulu Idk lah why tapi bila tengok dia guna duit dia utk beli mcm apa yang dia suka It motivate me to study hard and be like him Haih I miss him a lot do tetiba rant pulak but I know exol semua rindu dia;Netral
KENAPA LA AKU MASUK PALAPES EH SIAL BABI FUCK;Abusive Language
kalaaa kangen kala huhu smoga kala bahagia selalu ya nakk happy new year buat dodda ayahwon and my dearest kala ini jadi banyak yg suka yah wish u happiness tooooo;Netral
NO BUT FUCK U WHAT MAKES U THINK I FORGAVE U AFTER ALL THE THINGS U MADE ME GO THROUGH BABI BETUL;Abusive Language
Kalo dari pengalaman temen temenku yh gwe belum tuh katanya paling dikupas tuntas tuh bab sama bab nya nder;Netral
Idiot banget biarin ae tu kontol tau kebakar atau ga di cokot biar mampus mang gaada otaknha heran Yang kayak gini masih ada aja yg bela sama otaknye gaada;Abusive Language
SYA YAAMPUN happy new year love Thanks for being my friend you are one of my favorites dont forget to be happy semoga tahun ini tahun yg baik buat kamu ILYSM BB sayang sya banyak;Netral
babi kan Aku teruih booking flight time tu jugak Dah fuck bas Mak aku pon duk bletiaq Serabut pala;Abusive Language
Rest in Peace Affan kurniawan turut berduka untuk keluarga Korban dari kesemenamenaan aparat dan pejabat negeri ini bahkan mereka gak peduli Yang paling gua benci dan gua rasa ini bangsat banget gatau menurut kalian pak kapolri nyebutnya pake inisial segala tai;Hate Speech
WEH BABI WHAT THE FUCK ILL BE NEXT YEAR WHAT THE ACTUAL FUCKKK;Abusive Language
FUCK ANJING MAU;Abusive Language
Rasa mo manangis kita Mang pendo ngo smua Cuki mai Doohh so nd tahan tamo momake koman tuhari kta simpang Fuck ngo smua babi le;Hate Speech
Ketika kita terlalu mencari kebahagiaan akan membuat waktu produktif kita berkurang tpi ketika disaat kita sudah sangat produktif ada aja yg membuang waktu produktif nya hanya untuk bersenang Kan kampret bitch;Abusive Language
Kimak kimak kimak babi babi babi babi sumpah babi bullshit la kau sial la babi fuck you;Abusive Language
aku sayang abah beneran aku berterima kasih sama abah karena udah nemuin aku sama anak anak corsa yang incredible banget semangat abah i really love you you are not lose well try to be your best kids i proud of you abah;Netral
Happy new year cici terimakasih udah jadi oshiku yang tersisa pada tahun ini;Netral
fokus Kwitang drop timelinelokasi arsip link jangan kedistract;Netral
happy new year everyone semoga di tahun ini tetep sehat dan semua resolusi tercapai semoga menjadi pribadi Yang lebih baik lagi dari tahun sebelumnya selamat tahun baru;Netral
sdgkan lejen halalkan pengunaan babi secara membabi buta apa sgt shit ni bahahahahha;Abusive Language
Sayang diko na kaya to be honest;Netral
fuck eps kenapa bawang anjing;Abusive Language
Happy New Year Terimakasih yang hari harinya selalu bikin aku semangat untuk terus ngelanjutin masa depan aku yang punya kejutan disetiap minggunya dan ngasih banyak pengalaman disetiap bulannya seneng bisa ngelanjutin ke;Netral
Theyre kids and underages Emang gak seharusnnya mereka ikut demo dsb Tugas mereka adalah belajar Jangan lu paksa kasih mereka tanggungan lain kyk ikutan demo dll Kyk ya seeenggaknya mereka tau dan melek akan kondisi terkini tp itu bukan kewajiban mereka;Netral
gue lemes banget denger berita terbaru sumpah indonesia beneran lagi gelap dan berduka fuck the government anjing;Hate Speech
fuck weh bunyi dia mcm anjing buas;Abusive Language
mak ayah keluarga sayang dulu baru sayang orang lain although they can be the hardest to love;Netral
I added a video to a playlist Wow Inilah Dokter Cantik dan Sexy di Indonesia Top Spot Indo;Netral
why asking stupid question aq cc ko kan email tu then tanya lagi awak dah hntr ke babi laa;Abusive Language
Fuck lah aku stress sedih kusut sakit hati lah babi;Abusive Language
I know him dia udh PTDH udh ga polisi lagi alasan kenapanya ga bisa gue sebutin disini dan dia real emng turun ke jalanan kemaren pure bergabung sama mahasiswamahasiswa lainnya jadi bukan intel samaran atau penyusup;Netral
happy new year semua tungguin into you yah semoga aku bakal rajin update dan juga karna ini short au jadi bakal pendek dan semoga aku berhasil ngeringkas ide yang ada di otakku selamat membuka lembaran baru;Netral
happy new year kak sukkieeee I LOVE YOUUUU SO MUCHHHHHH TERIMAKASIH KAMU SUDAH BEKERJA SANGAT KERASSS EHEHEHEHEHEH;Netral
Another cwk tolol yg bisanya nyiksa hewan hope you rot in hell bitch;Hate Speech
anjing lu stupid mf brainless chic;Abusive Language
Happy new year abang ganteng Tetep bareng ya ngelewatin semuanya di Sehat dan bahagia selalu abangg terimakasih sudah terlahir di dunia ini Semoga cepet ketemu ya kitaa i love you abang ganteng dan baik;Netral
sesuai selera ya menurutku sih enak ada yg langganan tp tetep jangan sering gaboleh berlebihan beli sendiri no endorsesponsor dimsum baso aci ciomy pangsit;Netral
I want to be strong TT Rindu ibu yang perlukan anaknya di rumah;Netral
Ini pov Radja keliatan banget kecintaannya cuma lu terlalu pd pak apalah arti pengalaman lu itu padahal di awal udah bilang begini tapi semakin ke bawah semakin percaya diri aje lu gw liatliat;Netral
Antum kodok kampret IDIOT;Hate Speech
Bangsat orang ke mulai ruruh anjing fuck banget n;Abusive Language
MAK NYAHH SEKALIAN lelaki ke perempuan kalau you insecure you patut work on it to be a better person Bukan dengki Yes I do insecure bila I nampak perempuan cantik but it is almost kita patut support each other perempuan Bukan insecure lepas tu maintain je takde berubah;Netral
Hal yg dibahas di sini lumayan berat menurutku Entah knp ya aku merasa sedikit ketrigger juga dg permasalahan salah satu karakter di buku ini;Netral
halo kak ilana sebelumnya terimakasih banyak yaaa kak i write some kind wishes for u here hope u like it maaf yaa kak kalo kepanjangan tapi semoga segala doa baiknya dikabulkan oleh Tuhan aamiin;Netral
Aerostreet Aku punya keduanya dan menurutku pvn tuh lbh cocok buat gaya aja ga cocok buat olahraga karna ga seempuk itu buat dipake olahraga;Netral
Ah kampret omdo semua nyet fuck;Hate Speech
THE FUCK THIS SOUNDS LIKE YOURE ABOUT TO PICK UP AN INFANT kontol says hi from bali brosurs and sisturs;Abusive Language
Susah uh berbual dengan orang goblok;Hate Speech
stupid fact cy pernah mergokin luhan nntn video gay bego apa tolol sih lo siapanya exo sihlo hantu ya bisa nembus tembok dorm exo gtu;Hate Speech
Kalau betul sayang arwah you would want the burial to be as quick as possible kot xperlu tunggu kau sampai frm KL But ye lah akak mmg bitter AlFatihah to the friend semoga diampunkan dosa;Netral
halo kak lichan sebelumnya terimakasih banyak ya kak and happy new year i write wishes for us here hope you like it semoga juga kakak bisa nonton the memontum jkt nanti ya kak semoga usaha kakak dilancarkan dan bisa ketemu ilichil Semangat kakk aamiin;Netral
super happy mails cantik ya aku jatuh cinta banget sama golden sunstance makasi banyak untuk ka atas GA ulang tahunnya lots of love for u be happy selaluu;Netral
Jadi beauty standard in society itu seperti apa Orang orang selalu lebih ingin berteman sama yang cantik Orang yang berjerawat seakan gak pantes kayaknya untuk punya teman So im very thankful to u who want to be my friends;Netral
fuck off desember bnr chaos bngt anjing;Abusive Language
ini beda persepsi tentang uang aja sih tapi kalau ini aku lihat kayak perhitungan gak ikhlas ngeluarinnya mungkinnnn bisa nih kamu bantu di jajan yg kecilkecil atau buat nonton karena kan masih pacaran jadi menurutku gapapa kalau bayarnya bagibagi bukan yaaa;Netral
hahaha shit doh anjing;Abusive Language
whoever voted must be sooo fucking dumb fuckass bitch masa lu ga sense dari jaman debat tuh isinya semua kek kontol anjing lu semua GOBLOKKKKKK MAY YALL ROT IN HELL BANGSAT LU SEMUA BEBAN ANJING;Hate Speech
Guys ada gak yang tau curse words lain buat Andreas selain tai anjing fuck damn I feel like those words are much better than him;Abusive Language
KIMAK QUALITY SHIT SIA TWITTER BABI;Abusive Language
fuck you jain Sumpah jealous babi laa;Abusive Language
Pernah ga sih ngerasa capek dengan keadaan apa lagi tentang perasaan yang selalu dipertemukan dengan orang yang tidak memiliki perasaan Im trying to be alone without feeling lonely;Netral
tetap semangat keep being stupid indonesia membutuhkan orang konservatif seperti anda supaya budaya tolol kita ga di klaim negara tetangga;Hate Speech
Justru menjarah itu penting Penting bagi Intel provokator agar demo nya dianggap anarkis dan peluru tajam dipakai demi meredam massa Padahal yg menjarah yg Intelijen mereka sendiri Standard psychological warfare;Netral
mulai terasa rindu kampung halaman dan orang tua tapi I should be able to survive and fight for the future nya mangat mangat;Netral
Iya emang stres gila tolol idiot goblok gaguna;Hate Speech
HahahaYg gila siapa malah bilang gw yg gilaAnjing teriak anjingBOCAH BANGKE KAN LO DULUAN YG NGAJAK MAIN;Hate Speech
bitch i go thru my media at my account LOOK I TYPO BABI DOH APEHAL HAHAHAHHAAHABBABA KENAPA BARU PERASAN I NAK TYPE BABY DOH BABY;Abusive Language
hai sayang gembul gembul gemes kembaranku happy born dayy wish u all the best untuk semua jalan yang kamu tempuh dan karirnya i wish u to be happy everyday love you so muchh Happy birthday hyeongjun;Netral
ini pemain hampir ke MU jga sama kasus ke haaland tpi manajemen emyu tolol slalu lama Fuck dortmun;Hate Speech
tapi emang kaya lagi kurang buat nghype ya iya ngga sih kwitang makin chaos ya semalam aku scroll yang sahroni doang;Hate Speech
Abg aman ngan kak bell Ahhh rindu dorang Even kenal mase keje je dulu they still caring Khabarnya dorang parenttobe;Netral
Kpd sayang gua gudluck iv bsok All the best for u Harap dpt ap yg sayang nak Buat yg terbaik okey To be honest i love u;Netral
taudah gua salah apasi anjing u r all shit ngerti ga looOOoo smw;Abusive Language
FUCK FUCK FUCK DREAMIES LAH BABI;Abusive Language
Back to school part I rindu tak nak pi sekolah Jom kita throwback cikgu ayu with her students Cc Subscribe my youtube channel;Netral
gausah blunder ngentot wkwk tolol banget ni mf bisa jadi boomerang ke diri lu sendiri you dumbass stupid sender;Hate Speech
Pacarku sm mantannya jg tahun kok tp yauda aku bisa apa Semua org punya masa lalu dan menurutku ngeribetin masa lalu tuh nguras energy bgt Kl km blm siap bisa pikirin mateng nder i mean khawatir ovt sesaat kamu bikin apa yg udh km jalanin sm dia sia its okay kok;Netral
ANJING si kiki bajak tweet tanggung jawab ki Fuck;Hate Speech
Pen nangis aku nunggu ini up ternyata dah up dari beberapa hari yg lalu Thanks lu to be honest i miss kakak cantik dan ayn;Netral
Waman tum Kafir ho Kafir ki aukat poti ke barabar shit;Hate Speech
aduh anjing setiap ini diangkat gw lgsg trauma bgt krn seCAPEK itu debatin org ky gini trs skrg mereka pura pura gw ga peduli politik anjing pukimak ini kehidupan LO how could u not care njir politik negara hidup lo sendiri hhh AND U CAUSED THIS MESS NYETT;Hate Speech
arman ngan fizin babishit u madafaka;Abusive Language
Thats SUDAH TERJADI TIDAK BISA DIHINDARI TAPI BERTANGGUNG JAWAB Masalah nya manusianya udah meninggal bapak Orang udah ditabrak bukannya berhenti malah makin maju dan keseret;Hate Speech
tw selfharm for fucks sake how dare you ngomong org yang selfharm tuh rusak anjing use your brain think rationally kenapa lo malah bilang gitu dah mereka ketrigger karena lo seenaknya ngomong enakan selfharm dengan enteng hello u ok org pd berusaha berenti c;Abusive Language
vv ga sediiiih kl menurutku kl last twilight emg jgn ditanya bikin nangis banget;Netral
oiya hampir lupa ehehe selamat tahun baru semuanya semoga ditahun ini menjadi pribadi yang lebih baik dari tahun sebelumnya dan terima kasih juga di tahun yang banyak rintangannya tapi tetap di syukuri sekali lagi happy new year temanteman;Netral
Gue lemah bnget klo lagi sakit fisik gini fuckanjingbangkesesat ini otak ngajakny lemah bangeet guebawaanny tu gmpang bapercengeng pngen d manja gituNgerti gak sih lu semua Alesan gue gk maw sakit fisik tu ginimanjany gue keluar mood berantakan krn emng;Abusive Language
shit bangsat breaking bad anjing bangun tidur kaya abis lari lari kenceng banget nih jantung series ini gila sih sampe ke bawa mimpi;Abusive Language
hi fuck u then diam hanaat bangsat fak haters Melantak je Fak;Abusive Language
Halo how are u Lula ngilang beberapa hari soalnya lagi liburan hehehehehehehe;Netral
Lelah bekerja Butuh tambahan adrenalin agar jantung berdetak kencang I reccomend you to watch this now KAI Mmmh MV via Peringatan video dapat menyebabkan penonton tidak fungsional untuk bekerja;Netral
Rilll menurutku mending cukup sampe dingqi sekarat dan meninggal di atap karena scenenya dah oke banget apalagi pas dia berhasil nangkep sotong Eh malah dibikin HE menuju end terus OE pas detik terakhir kek apalah ini;Netral
eh gaboleh gitu pls tapi iya indihomo bangsat gue kesel fuck;Abusive Language
Mahabaratha bangsat fuck cok Ndelok Chelsea maleh pedot pedot Film khayal;Hate Speech
dari jaman produce yg lain yg udh aku tonton menurutku ini paling GILAAA;Netral
Hg tgk nnt part depa p camping sbb mmbe dia tgh broken lawak babi ah part tu srs shit HAHAHAHAHA;Abusive Language
Aksi di Polda DIY pagi ini dirusak sama MASSA AKSI GOBLOK YANG MALAH HARASSED PEREMPUAN YANG LEWAT KERUMUNAN GOBLOK gw gatau intel apa bukan tapi gw bisa pastikan bukan cuma atau orang tapi BANYAK YALL DESERVED TO ROT IN HELL TOO SAMA KAYAK POLISI MENTAL RAPIST;Hate Speech
Hai kak Konsep tersebut supaya kamu dan temanmu memiliki pengalaman mengerjakan soal berbeda seperti pada ujian sesungguhnya yang memiliki kode soal tetep semangat mengerjakan soalnya yaa;Netral
Mudamuda dah kawin bila tak dapat tahan mental pressure dunia rumah tangga lepaskan dekat anak babi fuck macam sial perangai;Abusive Language
cara pakai lip linernya dulu yaa kalau aku senengnya yg dilebihin di bagian cupid s bow amp bagian bawahnya gini bikin keliatan lebih bervolume tapi gak awkward kalau diliat dari samping menurutku plus JANGAN CUMA GARIS PINGGIR tapi diisi sedikit ke bagian dalem biar gak;Netral
Happy New Year selamat mengulang perjalanan Mari menguntai cerita baru selama hari lagi kedepan dengan Saya Noel dan si bakso I love you amp always love you;Netral
ye sayang bride to be boleh rest tak nak jumpa i kan make sure sihat naaaa;Netral
I added a video to a playlist Pengamen Terminal Paling Cantik Main Ukulele Sambil Nyanyi Lagu;Netral
kau nak step alim mcm mane pon tapi prangai tetap mcm babi make it make sense bro the fuck;Abusive Language
Why me why me why mee Hidup gak adil Shit anjing;Abusive Language
aa terimakasih kembali semoga di tahun ini kita jadi pribadi yang lebih baik ato bareng lagi kita dukung dreamies happy new year;Netral
Hanya IDIOT yg memfollow orang yg tidak disukainya ANDA IDIOT wkwkwkwkwkw CEBONGCEBONG;Hate Speech
Selamat tinggal Selamat datang Semoga ditahun ini menjadi tahun yg penuh berkah kebaikan kebahagian dan keajaiban Semoga semua hujan yang telah turun akan berganti dengan pelangi yang begitu indah Happy New Year;Netral
Pengalaman klo kurir dari Pos biasanya telpon pulsa wkwk x lebih ga diangkat akhirnya wa duluan bilang tolong angkat telponnya klo expedisi lain langsung by wa kadang bahkan langsung aja kirim pesan yuk paket ku taro sini ok;Netral
Tiada kata yang seindah lantunan syair Tiada mutiara yang secantik bidadari Hanya satu yang dapat aku lakukan dan berkata Selamat tahun baru and only SPECIAL FRIENDS receive my Happy New Year greeting;Netral
ada berapaa halaman nih aayy yg mau dirangkumkan bisa kok tanyatanya aku di wa ga harus fix order aayy aku amp tim pengalaman resume jurnal buku materi youtube jadi insyaallah amanah deh dimana aku ngerjainnya jg ga pakai AI kamu jg bisa dapat free revisi harga nego kok;Netral
Tiap kali main Monster Hunter Rise selalu keingat rasanya main Monster Hunter Portable rd di PSP ku dulu Herannya kenapa banyak yg gak suka dan lebih milih Monster Hunter World Padahal sama enak menurutku;Netral
pikiranmu kolot sing dirawat rai ambe awak e tok kamar gatau disapu wedak sampe gek mejo belajar ak lek elek mbok komentari repot musuh knalpot sing nde mejo belajar iku parfum guduk wedak kandani awamu iku goblok parfum mb wedak bedo adoh stupid hahahaha;Hate Speech
Sumpah woi ga kebayang FUCK THE POLICE;Hate Speech
wkwkwk benerr rasanya makin relate aja sama light novel fuck the Indonesian government and San Magnolia;Hate Speech
Jombang rame aa haha kampret lhoo cak;Abusive Language
Do good in this world as Allah has done good to you Ayla Indonesia Affan Ya Allah Sahroni Mundur Tuhan kendalikan emosi selidiki secara transparan DILINDAS kendalikan hati Kanjuruhan Nyawa Halah Tetap Tenang Najis;Hate Speech
Want to be remembered as someone has beautiful smile Na aku slalu inget lo gara lo senyum manis banget baik banget tengil tapi sayang sama semua member aku kagum sama hobby kamu kagum sama talent kamu kamu tu udah kek motivasi buat aku ga mungkin aku bisa lupa itu semua;Netral
Kalau ngucapin natal itu haram amp auto kfear ya yaudah sih jadiin buat diri sendiri aja opininya jangan dilempar ke orang Masalahnya ontaonta ini kadang suka ganggu private space orang dengan jadi SJW wah lo kafir ya ngucapin natal ke orang fuck that;Hate Speech
Well to be honest aku ni sebenarnya kakak yg garang But i dont know why adik aku still sayang aku;Netral
Burungnya potong sama telornya palanya di kapak atau di palu biar pecah mutilasi pas masih sadar terus kasi anjing atau ga di bakar;Hate Speech
Sama kaya sodara gw njir gak sodara dri bokap apa nyokap sama semua bangsat lah klu bokap gw susah aja langsung i dont give a fuck pada gak peduli kan tai bangsat lah lu sodara kagak berguna mati aja lo sono anjing;Abusive Language
no fuck cheaters sial jantan ke betina sesama kimak SAKIT NYA HATI AKU BILA NAMPAK ORANG CURANG BABI;Abusive Language
Happy New Year Terimakasih sudah mewarnai hari ku bahagia banget bisa kenal kalian bertujuh ayo kita buat sejarah baru lagi di tahun cetak prestasi yang lebih banyak lagi I Purple You;Netral
gua baper ajg dengerin dia ngomong hey dont do something stupid care bangett anjing padahal itu ke temennya emang deh debeststtstt;Abusive Language
Cebong idiot clingak clinguk cari sideni;Hate Speech
Happy New Year Selamat Tahun Baru dari atas jalan tol Marina Bay Singapore Untuk harapannya semoga apa yg diharapkan dalam setiap doa di setiap sholat bisa terkabul;Netral
anjing shit;Abusive Language
babi la apa gunanya hidup ive had enough shit handed out to me;Abusive Language
Im really pissed off Truly If I have to describe it in scale it will be Sedikit sedikit kafir lah salah jokowi lah antek asing lah ulama dikriminalisasi lah Whats inside their mind is no fucking more than shit reasoning Hoax dishare mencemooh nomor MORONS;Hate Speech
Babi la Aku taknak putih Shit la Time aku nak beli kereta macam macam hal;Abusive Language
Bajingan bajingan sklian Bangsat bangsat skalian hidup gue FuckD;Abusive Language
bontot babi kau dok pernoh buat konon selama ni mu buat mnde tidur lewat lewat shit;Abusive Language
Demi demi dah Ini akibat tes masuk yg ga jujur dan banyak curang akhirnya SDM polkis bner serendah itu ya Intel tapi gagal niruin desain mahasiswa dan malah bkin poster era majapahit Like bro dunia berubah ini bukan taun;Hate Speech
Dan hari ini aku tidak lagi berkata nanti Hari ini aku berdiri di depanmu dengan penuh kesungguhan untuk melamar kamu Insya Allah aku akan berusaha sebaik mungkin untuk membimbingmu dan bertanggung jawab atasmu seumur hidupku My fianc words are justperfect;Netral
Aku kalau sakit hati yang teramat dengan orang yang aku sayang aku takkan maki dia Apa yang aku buat ialah bluetick then berdiam diri Memang tak dinafikan kata kata perempuan yang tengah marah ni cakap tak pakai otak thts why i prefer to be silent Iam sorry;Netral
Menurutku happy sih jeonha bilang mau bikin bibimbab eh dibikinnya pas di masa depan;Netral
Ngga menurutku pgn yg hot nya juga Ke ekara mah mending ngebeer maap aron klo baca;Netral
What the fuck ngeri bgt cok Kena pelor karet keknya gk langsung tumbang kek gitu Stay safe buat kalian;Hate Speech
Saje nk nasihatkan to those guys yg betul betul nak buat girl tu wife dia At least u show your effort Kalau sayang saje tanpa effort Jgn tanya kenapa di tinggalkan She want to be fully yours;Netral
The storm has passed its time to shine we have to pay back Selamat datang tahun yang baru selamat datang kembali kesebelasan Terimakasih sudah bertahan Happy new year;Netral
Tapi babi this bitch;Abusive Language
TAEKOOK ANJING FUCK BGT GUE;Hate Speech
el loe apa y hm mikir keras caring bijak suka galau gamon tp dh egk new year new me y el ceritanya kdang suka tbtb ngelakuin sesuatu yg gk kepikiran sm semua org happy new year el stay healthy n happy ya woof u;Netral
Pengalaman kh;Netral
kak din makasih sayang kak dinda bangett tahun ini emg banyak banget hal hal susah buat dilewatin tapi ga semuanya aku ketemu sama kak dinda ditahun ini walau cuma lewat twitter im so glad to have u be happy ya kak semangatt ilysm;Netral
Context buat tementemenku yang bukan anak FISIP Kita mau ada pagelaran maba trus pada milih role Aku milihnya Scriptwriter soalnya dari SMA juga dapetnya role itu terus baru no Tata cahaya Ada opsi tata suara juga sih tapi males karena menurutku aku ga bisa milih sound;Netral
RT anjing aliran damn;Abusive Language
It is a stupid Kafir thats expects anything different;Hate Speech
Generalisasi zodiak ini redundant krn tdk adanya bukti ilmiah yg menyatakan bulan lahir mempengaruhi karakter amp pembawaan seseorang selain itu kecenderungan masyarakat kita yg mempercayai sesuatu yg positif ttg dirinya meski itu semu Tapi menurutku sih emang Leo yg bajingan;Netral
Fuckk fuckkk fuck Babi sial anjing pukimakk siall Arrhhhhhh;Abusive Language
waktunya pulang setelah taun di jogja kali ini ditemani ayang cuwi dan adik minji di kursi penumpang dan terlihat dibelakang ada peralon ciwi cantik juga ikut dibawa pulang see u when i see u again guys;Netral
Happy new year yaa Jaehyun Terimakasih sudah menjadi obat yg membahagiakan dan terimakasih sudah menjadi Jeong Jaehyun yg membahagiakan banyak orang Enjoy your life living your life with happiness and always stay healthy J;Netral
Oalah ini kah laki laki goblok yang gaji banyak tp ngejatah istrinya cuma jt Shame on u stupid;Hate Speech
HAHAHAHAHAAA BNEERRR to be honest aku juga suka marah gitu sih ke orgorg cantik kaya marah dan kesel aja sm diri sendiri tp kalo buat hujat skippp bgt deh ngapaiin hujat org yg gue gaada apapanya gt dibanding dia;Netral
Flins sih build udah lengkap dan support oke Lauma nanti aja pas rerun berhubung dia support yang bagus jadi mungkin bakal cepat rerun menurutku kalo udah lunar charged lunar bloomnya bisa nanti lagi;Netral
anjing najis tolol pen gue gebuk rasanya fuck u;Abusive Language
happy new year too nay MY VERY BERY BESTFRIEND dari awal kita ngomongin tai sampe jadi tukeran rl WWXWZWXXW gak nyangka udah sedeket itu kite waowkkaoa hope u r have ur best new year ever nay see you in terimakasih udah mau jadi temenku;Netral
Agree HANYA ORANG TOLOL YG MENILAI ORANG LAIN CUMA DR TWITNYA IDIOT;Abusive Language
dm i lepas hb sayang heheheh nak collab boleh set date lepas hb ahhh tp be sure to message me first sbb i takut i lupa sayang any further details will be discussed after u set date;Netral
regantara lo idiot apa tolol;Hate Speech
Otak tolol kayak Lo susah di kasih masukan sok ngerti ITE tapi tolol bin idiothahahahahahahah;Hate Speech
Acara tv paling tolol ngunduh mantu I dont care about your son in law downloading ceremony Fuck you;Hate Speech
emang asal aja ngomong anak mnet anak mnet padahal menurutku kgw lebih ke beruntung ga sih soalnya selalu dapet tim yg keren dan enak jadi selalu bagus performnya ditambah emang dia selalu menarik di setiap stage tuh buktinya emang fancam dia aja selalu tinggi viewnya;Netral
kepala burek siapa babi bergolek atas bumbung what the fuck;Abusive Language
Siot la circle dia dimomok momokkan kawin awal Dan kawin tu rezeki shit fuck susah sial babi neraka laknat tul la cibai siall stress hanat;Abusive Language
terimakasih banyak ge happy new year;Netral
Apa babi lah we dont vote for this shit;Abusive Language
happy new year moots dan selamat datang bulan kelahiran hehe;Netral
Fuck Wasit Wasit Goblok Tetap Hala Madrid;Hate Speech
What the actually fuck is this ANJING TOLOL;Abusive Language
well be here to support you semoga yo tae bisa jdi lebih baik lagi makin sayang sama army makin tau arti kebahagian and bisa cari arti dari bahagia itu and semua yg taehyung mw terwujud once again i love you kim taehyung;Netral
aku pena kena bila sorang babi ni nak menang when theyre clearly wrong dah la dumb as fuck bila dh argue kan dia point my grammar by saying KAMPUNG GRAMMAR FUCK THE AUDACITY;Abusive Language
kenapasi anjing kalo search giselgading keluarnya korea shit;Abusive Language
Idk but him such a asshole I MEAN TVTDHGTGB DIEM LU ANJING;Abusive Language
bagini la kwan ahaha fuck la kau babi;Abusive Language
Padhal makanannya banyak yang kebuang kami guru guru milihin satu satu dari tempat makan itu ada kali dapat kelengkeng kilo Sedih banget padahal buah kelengkeng itu lumayan mahal kalo menurutku malah terbuang sia sia Basicly anak anaknya memang anak orang kaya juga;Netral
stupid kebayangkam yg KEOK Pasti krn LEBIIIIHHHHH STUPID apalagi pendukung yg keokterlebih GOBLOK Wkk;Hate Speech
Dami tu terlalu imot buat di pairing sama ml yg wajahnya dewasa menurutku gitu sih Jadi sama sangcheol lebih klop aja mana dia petakilan ga ada dewasa dewasanya;Netral
sundalaanjingfuckstress k gara malam tahun baru yg jaringan lelet skaliprovider smua asu tdk aada yg bagus;Hate Speech
damn adek gw yg biasanya cuma peduli ama dirinya sendiri mulai ikut post fuck the police;Hate Speech
Everyone s engaged or pregnant lmao damn what am i doing wrong;Abusive Language
happy new year kiti terimakasih untuk kerja kerasnya satu tahun ini terimakasih sudah bertahan sampe detik ini semangat selalu ya kamu harus tau kalo ur not alone u have us okey;Netral
Gakebayang tae kaya gini sambil jdkdjdjsjd his fhjdjdjdjd fuck hot bgt bangsat;Abusive Language
ml ni pon fuck gak babi;Abusive Language
Haha Idiot secara teknis orang dewasa dgn usia mental di bawah tahun sementara orang tolol adalah orang dewasa dg usia mental;Hate Speech
Fuck everyone lah anjing gaada yg bner;Abusive Language
Lama bangt nunggu nya anjing princess lo Bitch;Abusive Language
Seekor mahluk idiot bernama Eggy sujana ha ha dia lebih tolol dari seekor babi hutan;Hate Speech
Fuck u Welcome semoga bukan tahun bangsat dan bukan part;Abusive Language
Yeetmungkin samaman damn sorry for you dia mmg babi;Abusive Language
ANJENG LUPA HIT RECORD OBS fuck mana meetingnya jam lagi anjing mati aja lu chlas goblok;Abusive Language
gara gara nonton konser KPop TXT teruss November nya first time vc eliii weee Ceu helisma bener motivas aku buat kuliah hehehehh trs final nya di Desember pertama kali shot dan MnG Ama ceuuuu eliiii aaaa seneng bgt cantik banget oshiiiku luv u eliiii;Netral
capricorn sebagai capri gw capek sm lu jujur you tend to be emotional at a time perfectionist in any way every little thing that irks you bisa lo bawa sampe mati forgive not forget type of person kalo cintaan lebih memilih yg menyakiti padahal yg baik ngantri bloon;Netral
DAMN ADMIN GOBLOK;Hate Speech
babi sial you wanna do DO IT PROPERLY i dont tolerate shit from you;Abusive Language
Anda tahu bahwa kekuatan pak Jokowi yg sbenarnya adalah kebersihan beliau dari yg namanya KORUPSI kersihan diri inilah yg membuat beliau bisa menguasai ketum partai trmasuk siemak banteng jadi isu occrp ini hanyalah lelucun dari manusia tolol dan idiot boss;Hate Speech
Bisa nyelem jpchkrlainnya Diutamakan yang collector juga Tau harga pasaran jajanan Dapat bertanggung jawab penuh Tidak sibuk dan bergabung GO lain Berkomunikasi dengan baik Any further things can be discussed first;Netral
Fuck Bangsat Kehed Asu;Abusive Language
oh right Im sure Talk shit some more So professional professional You showed your tits on stream;Abusive Language
Damn million Jews were massacred The Nazis and their collaborators murdered Jews over a span of hours in the Babi Yar Massacre all of them civilians Thats what a real genocide actually looks like;Hate Speech
Wah tidak terasa udah jam ya Terima kasih sudah mau nemenin aku on air hari ini Semoga next time kita bisa dengerin lagu lagi ya bersama aku Aku mengucapkan Happy New Year Aku Jung Euna pamit undur diri selamat malam;Netral
abang happy new year yaaaa be the best version of you and be kind to yourself happiness must be your priority terimakasih sejauh ini masih sabar dan tahan jadi abang aku aku sayang abang;Netral
Anjing laut lu Modus shit;Abusive Language
terimakasih telah menjadi bagian terindah di tahun ini semoga tahun ini kita bisa bertemu lagii yaa freyanaa happy new year;Netral
Happy new year semoga impian yg belum direalisasikan bisa terwujud ditahun ini terimakasih atas semua pelajaran dan pengalamannya Buat kita semua selalu bahagia yaa;Netral
p anjing why the fuck is this so true maam;Abusive Language
Just fr fun aja ukh Aku udah stop ngikutin berita politik udah gak nonton berita tv udah unsubs channel politik di yt Bukan gak peduli cm gak mau nambah dosa dengan ngatain mulyono n ternaknya pake sebutan anjing babi monyet bangsat tailedig Kan gue dosa lagi;Hate Speech
Happy New Year Selamat tahun baru Tahun baru dengan samangat baru Semoga di tahun ini kita terus memiliki semangat baru;Netral
gosh i DESPERATELY NEED nicho to shut the fuck up gila tu org jahat bgt ketikannya keterima aja dulu baru bahas ukt tone deaf bgt lol semoga cepet tobat dah lu nicho anjing;Hate Speech
satu benda pasal org melayu islam ni is whenever benda tu haram terus kau pikir kau boleh hina pijak bunuh ke apa cause anjing haram orang melayu islam ni dont give a shit at all pasal binatang tu so kalau org tu pondan ke apa ke kau leh bunuh dia kau syiah ke apa sial;Hate Speech
Fuck fuck fuck fuuuuck why did i do that ah anjing tolol gue;Abusive Language
pernah mikir orang yang menurut gue jelek aja bisa dapet pacar gue yang menurut gue cakep dan gapernah dibilang jelek malah susah bgt dapet pacar tu kenapa ya apa sebenernya gue lebih jelek dari orang jelek ya just my overthinking;Netral
Happy new year sayank Selamat menjalani hari di harusnya ngucapin jam tapi smlm aku dah tidur wei;Netral
Emang elmer anjg tolol goblok idiot kurang apaa hoyy maknya kavii kurang apaaa anjg;Hate Speech
yg namanya pengecut ttp aja pengecut Kayak lo RT Yang namanya bangsat mah ya tetep bangsat Fuck;Hate Speech
kadang kita harus selalu terlihat kuat dan baik saja karena memang kita tidak boleh terlihat lemah masih ada orang lain yang harus kita sanggah yang harus kita semangati walaupun kita lelah pretend to be okay is the most exhausted feeling ever;Netral
I dont give a fuck I dont give fuck;Abusive Language
Anjayani is a bimbofication of bitchgtanjing betina gtanjayani;Hate Speech
Billy tunggu babe yg ready dulu ni bini dh tunjuk dkt stage dia dh ready haa confirm la laki dia akn take action soon BILLYBABE FANMEET IN BRAZIL;Hate Speech
Titik ke bersamaan titik ke dewasaan titik ke bosanan hilaang semua Ngantiaw bangsat encek breem damn mother fucker;Abusive Language
sejak kapan gurun sahara pindah ke arab goblok dongo idiot anjing awkoawko mending lu jadi bek munyuk lagi dah sono BABIIIIII v;Abusive Language
I added a video to a playlist Bukan Empat Mata Desember Sayang Anak Olla Ramlan Ryan DMasiv;Netral
Bagus jg dbntu promo nnti yg dilihat fotonya jd dicoblos fotonya dasar cebong idiot;Hate Speech
Selamat Tahun Baru Sudahkan acara malam tahun baruan nya Yuk kita tidur karena ragamu butuh istirahat Kita mulai semua nya besok dari awal lagi Kita sambut dengan penuh semangat Untuk secercah harapan yang lebih baik lagi Karena kita ingin Berhasil Happy New Year;Netral
On last day of I finally boleh drive dekat highway jem ada construction ada kereta babi yang tak bagi signal masuk lane aku pastu break while me having anxiety Owhh dah boleh reverse parking jugak masuk kotak elok Damn what a year;Abusive Language
To be very honest gue jadi kasian deh sama babang joohyuk Doi main lead tapi karakter main leadnya banyak gak disukai orang sampe gak berani search namanya sendiri yang sabar ya bang joohyuk Meskipun gue tim pak han tapi gue tetep sayang nam joohyuk in real life kok;Netral
makasih udah lewatin suka duka di tahun Semoga di tahun banyak memberikan kamu kebahagiaan ya If you want lets makes a beautiful memories di tahun bersama Kalo tahun ini banyak sedihnya its okay U did well in this year Happy new year love you so much;Netral
Sorry to say tp membership wv itu bayar beda klo sama dyandra yg gratis Menurutku masih wajar kok protes karna udah bayar lebih tp jomplang bgt dapet view nya Pliss kebanyakan yg pake membership dapet pinggiran apa gk kaget amp kecewa ditambah harga beli wv tuh gk terbilang murah;Netral
Happy new year kak alma Terimakasih kamu sudah mewarnai hariku dengan karya gemesmu Mangats terus ya kak semoga makin membara karyanya;Netral
ingin berteriak anjing kambing babi tai goblok bangsat bego tolol gelo sial jancok jangkrik jambret jansport sundala telaso shit fuck semua umpatan yang ada di dunia ini;Abusive Language
Salam sukses edukasi dan informasi sebuah jembatan untuk jadi pioner pintar terus berjuang para duta ambasador ilmu dan pengalaman mu jd kan pr pioneer lebih semangatttt Jendral lien;Netral
siapa yang malem tahun baru dapet cherryvest aku aku lucu bangett jihan wink hasil tangan cantik ka also thank u ka liluy amp ka cicuu udah bagi bagi hari inii happy new year buat kalian semoga nya jauh lebih menyenangkann;Netral
Basi Hasan HASBI IDIOT;Hate Speech
Biru kuning kyk lebih cerah vibesnya amp colourful menurutku;Netral
Happy New Year Semoga resolusi tahun ini bisa dicapai Selamat menghadapi ekspektasi dan realita kedepannya Tetap terus berharap karena Allah selalu pada hamba yang berbaik sangka padaNya;Netral
Ah elah anjing cuman penasaran doang ternyata Haha fuck;Abusive Language
Youre such a good boy Fuck GJ laughs their chests bouncing against one another Hes still shaking babi Jiejie Gege ZheHan he whispers against him Mine ZH moves his hands to cradle his face amp leaves another lingering kiss upon his mouth;Abusive Language
fuck I feel sick shit shit menyesal babi;Abusive Language
HAPPY NEW YEAR YOROBUN Terimakasih sudah bertahan di and im so proud of you guys Selamat menjalani dengan lebih baik yaa Mangats;Netral
While Ottoman Paa defence medine again kafir UK What was your ancestors doing you idiot Most probably shaking hand with UK Generals saving his descendants future but not muslims Just like now Abzeyad and all ancestors are traitor for mslim;Hate Speech
halo kak suna sider here i hope u don t mind ya kak suna sebelum tahun berakhir mau kirim surat cinta buat kak suna hehe dan maaf sepertinya b Hallo terimakasih sudah membaca au apapu Aku seneng banget dengan jeja;Netral
Happy new year to sasi gue udh ga mau bilang i love u lagi capek tp aku beneran sesayang itu sm km udh kaya adek sendiri lo juga harus sukses yaa always be happy;Netral
Aku sudah lelah diperbudak cinta Rasakan perihnya hingga kuhampir gilaKu berhak bahagia seperti yang lainnya Inilah saatnya kuharus berubah I want to be a fakboi I want to be a fakboi hehe canda fuckgirl canda;Netral
iyaa betul tp menurutku two things can be true at once gpp jg call out mereka yg memang kelakuannya kayak opressor fomo benci dan marah ke rezim gpp tp alangkah baiknya jgn ikutan bertingkah spt rezim;Netral
Happy New Year semua terimakasih sudah mau satu keluarga teman persahabatan Semoga ditahun ini apa yg disemogakan akan cepat tersemogakan Be happyyy allllll;Netral
Aku sayang bgt ya know it up aja wkwk gak ada sih and RenjunxKyuhyun is huang and RenjunxKyuhyun and RenjunxKyuhyun are the year for public service to the roof and Leons family and RenjunxKyuhyun to be a part time job and Leons life is huang and his family;Netral
Bahkan ada salah satu org di dekatku juga udah nikah sirih sama guru les kita awkwkwk Dan akhirnya aku lepas dari segala keributan mereka dulu tiap ribut aku dijadiin samsak Menurutku si bebas yh mau pcran or nikah ma siapapun tp kl masih pengen seneng pliss gausah nikahh dl;Netral
Ittu tadi apa yah Anjing KaliGada Kerjaan Bgt gituin OrngFUCK;Abusive Language
Segenap Komisaris Direksi amp Karyawanwati PT Indonesia Kendaraan Terminal Tbk mengucapkan Selamat Tahun Baru Happy New Year Tahun baru semangat baru harapan baru untuk anda IPCC dan Indonesia yang lebih baik di tahun;Netral
Anjing ngomong the sangenah na goblogfuck gt AC Milan Klub Pemulung;Hate Speech
happy new year welcome dan terimakasih yang penuh kejutan;Netral
Happy new year mimin Terimakasih sudah membuat fanbase yang sangat kerenn Terimakasih juga sudah mendukung bapak selama ini Sehatsehat ya buat semua admin Lup yu min;Netral
Happy new year kcj people yg ga abis abis masalahnya Gua sayang lu keep going ya di ini semoga ga kcj lagi hahahaha jangan lupain gua ya I love you selamat tahun baru;Netral
Sekali lagi happy new year moots gatau lagi harus ngomong apa sama kalian terimakasih buat semua moots aku yang udah baik bangeet sama akuuu dan udah kadih kenangan indah buat semua stay i love you all;Netral
damn no inv;Abusive Language
Fuck circle anjing;Abusive Language
amat sukar dipercaya selalu pula syak wasangka tapi apa kuberdaya jangan sayang sampai terluka its hard to believe ive had my own suspicions but Ive been powerless so dont love till you get wounded;Netral
Korang dah tengok video gay kantoi boremen dalam Satria lepas tu kena bantai dengan Melayu yang dalam waktu sama kata dunia ni nak kiamat pasal korang golong gay ni la Fuck that gay And fuck off that Malay yang tangkap diorang Sama bodoh Sama bangang Anjing keduanya;Abusive Language
Seanehnya mobil eropa Ga seaneh citroen Tapi transmisi di stir sih ga kaget karena pernah bawa serena c berasa bawa truck matic Tapi yg aneh joknya tipis bener Mending ga usah dipake deh itu jok menurutku Enakan di gelar bisa rebahaan dibelakang klo pacaran;Netral
basi kontol kalau berani ya tubirin lh idiot;Abusive Language
Hha ikutan doang brarti ya mereka pe RT Bonek ini goblok apa y Konvoi gak jelas Ntar lek harga bbm naik demo anarki IDIOT;Hate Speech
kayak anjing e ahhhhhhhhhhh fuck;Abusive Language
the moon orangnya rmg skizo asbun guys swords dari visualnya udah kebayang lah ya knight of swords emg suka gegabah masalah kebijakan dan kata;Hate Speech
Happy New Year Semuanya Terimakasih Semoga menjadi pribadi yang Baik;Netral
Ikut nimbrung bang Pengalaman pake binance lebih ke bingung bahasanya inggris semua Kalo indodax pake b indo lebi gampang jadinya;Netral
What the fuck is this hari dipake karaokean sambil sewa LC pun apanya yg dibikin jera Mending lu mundur aja Listyo Sigit Udah brp rakyat sipil yg udah anak buah lu bunuh;Hate Speech
Muka lo Baby Face tapi Kelakuan lo Babi Fuck;Hate Speech
ELO CUPU NGENTOT LU ENAK ENAK KAN EWITA DAN ELU G MAU TANGUNG JAWAB DAN LU CUMA BILANG BYEBYE BITCH HEI SADAR TANGGUNG JAWAB ATAS YG LO LAKUIN ELU BEGITU SAMA AJA ELU CUPU KONTOL;Hate Speech
Bitch was fake from the start What Muslim spends on Christmas gifts KAFIR;Hate Speech
Je selamat tahun baru ttp semangat meski stres Luv u yeahh happy new year too benar sekali ttp semangat sambil nangis;Netral
hahahhaha I know right Hahahah babi I was like damn shes a fucking model rupanya;Abusive Language
ga lebih pengen orang anjing di sekitar berhenti ngehakimin sikapku dan nerima kalo its okay for me to feel hurt soalnya ada aja org yg suka komen jangan gitu gitu juga ortu kamu yes bitch and they also hurt me mereka ortuku bukan berarti aku kudu kebal mereka sakitin;Hate Speech
anjing pagi pagi nangis karna berita apink FUCK KBS YOU MUST GO TO THE HELL RN;Abusive Language
happy new year semuaa terima kasih sudah berjuang di and selamat menghadapi tahun yang baru will be better for us;Netral
itu pengalaman lu doang kali pukul rata mulu jir lah;Netral
why the fuck kau nak rogol anjing wtf man;Abusive Language
menurutku tugasnya masih wajar daripada beberapa semester sebelumnya karena dulu dapat dosen yang hobi ngasih tugas;Netral
how abt you grow the fuck up ga capek apa dikit ini aja yg di bahas tolol;Abusive Language
min pengalaman th admin aku ada infonya;Netral
cubangs dibawah umur happy new year juga yaa lulaku tsayang terimakasih juga udah menjadi ct catto terbaik anggep aku dah kenal kmu dari bayi lt aminn semoga yang terbaik juga ya buat kamu aku sAYANG BGT JUGA SAMA LULAAA;Netral
Damn unlike some babi always spoiling me;Abusive Language
lately lagi baca Perempuan yang Menunggu di Lorong Laut never knew kita akan relate dengan kalimat ini;Netral
Babi ah lu dik p RT kikypangestika pacar lo juga kaya babi;Hate Speech
e DIRI GUA DI TAHUN INI BANGSAT KAYAK OTANG GAPUNYA PENDIRIAN TOLOL BODOH IDIOT KEK TAI LAH;Abusive Language
selamat pagi dan happy new year tementemen semoga kita selalu dilindungi dan diberi kesehatan sbg warga indonesia yg penuh masalah ini;Netral
Lihat kontol kamu dong say blocked Bitch ah anjayy haha;Abusive Language
happy new year everyone terimakasih sudah nemenin user dengan segala kerandoman dan segala stugglenya semoga tidak bosan di tahun tahun selanjutnya hehehe kaya raya AAMIIN;Netral
I added a video to a playlist Lagu Minang Terbaru FIFI ANDELIA Rindu Rindu Sayang Minang;Netral
FUCK anjing yang nyebarin acara pamplet BERSATU MELAWAN PERBEDAAN di lpbrigif BOHONGPALSU;Hate Speech
Babi insensitive as fuck bodoh punya manusia;Abusive Language
WHY PIPL GOING SO STUPID TUDEY MAKSUDNYA APA COBA KIRIM GAMBAR SETAN SAMPE DI UP ULANG TERUS ITU STIKER MATA GABOLEH BANGSAT AH SETAN;Abusive Language
DIH ANJING SOTAU LO BANGSAT gatau kenapa ya gue sensi banget tp sotau banget anjingggg bangsat u dont know their sex orientation so SHUT THE FUCK UP BABI;Hate Speech
Celebrate taun bru dengan ekor babi n drink shit;Abusive Language
Singapore itu anjing but we still help Damn This gotta hurts;Hate Speech
Macan asia Kalo anjing asia baru cocok Fuck Bentar lagi je kita liat indon dibantai oleh macan asi;Hate Speech
Perangai kau mmg macam babi fuck iqbal;Hate Speech
HAPPY NEW YEAR MELANIE terimakasih karena telah bertahan hingga sejauh ini kamu hebat semoga tahun ini lebih baik dari tahun kemarin yaa semangat;Netral
Mocha latte Matcha Latte Avocado Coffe Itu pilihanku yg no sugar kalau yang pake sugar aku kurang tau soalnya ga pernah beli wkwk Tapi yang diatas menurutku udah manis sih soalnya susunya udah manis;Netral
Lg byk org tolol FUCK YALL;Abusive Language
RIP KAMPRET IDIOT;Abusive Language
Tai anjing babi fuck;Abusive Language
SHIT BANGSAT GERAAAAAH AAAAAAAAAAA Luhan gaperawan lagi;Hate Speech
Aduh gusti lelah hamba gak di exo l gak jadi carat disenggol mulu sama fandom yang sama don t forget veggie can make you healthy babe I m proud to be veggie;Netral
GA BAKAL GUA PERCAYA LAKI LAKI GA BAKAL NIKAH GUA ANJING FUCK SIAPAPUN LO SELAMAT BIKIN TRAUMA AKAN LELAKI GUA BALIK LAGI GUA SUMPAH IN ISTRI SAMA ANAK PEREMPUAN LU KENA IMBASNYA KHUSUS BUAT LU MATI LEBIH TEPAR BIAR GADA YG KENA LAGI;Hate Speech
YOU FUCK FUCK FUCK Siapa juga yg welcome ama lu GOBLOK;Hate Speech
Ah shit kampret samplenya jgn kompor pls udah order yg gak dpt bonus kalender Abisan order di infos ribet;Hate Speech
FUCK SOUTH KOREA najis kontol banget;Hate Speech
bihhh pi tgk yedam nyanyi love yourself fuck i killed myself sedap babi babi fak;Abusive Language
excuse me miss can i have the time id check my watch but i cant take my eyes off you cantik terlalu cantik smpai ak tida bisa mengalihkan pandangan ku dari bola mata indahmu hiwhiww;Netral
SEKALI LAGI FUCK THE MERGE VOTE ZHEYI;Hate Speech
Jeje ya gw sayang sama lu xixixi awalnya dikira tipe yang hard to approach tapi ternyata ketika sudah dman bersamamu I fall in love Be happy Jeje Always remember that you are loved and deserve to be loved Keep being you;Netral
Kenapa musti rekam video pasti ada niatan buruk dan berharap dapat pujian Padahal semisal mereka pasangan homo betulan bisa cukup diperingatkan Tidak usah direkam Asshole ini ibu goblok;Hate Speech
idk who yg kau bahas tapi fuck gua kesel banget sama cewe model gini kek goblok goblok idk if shes my friend kek bruh soal hal lain mungkin oke kita temen tapi soal ginian sorry banget so annoying;Hate Speech
ku irritating dikit kl dibilang cantik karena kayak bukan aku bgt terus i used to be dikelilingi temen yg syakep alias im the dove jd gmn ya;Netral
Maaf berisik di akun ini tapi tolong jangan pernah capek buat menyuarakan apa yang sudah menjadi hak kita Sedih banget waktu tau beliau baca baca buku bahasa inggris fuck the goverment;Hate Speech
gendut bgt sih lo kapan lakunya sih lo lo abis kena azab apa kenapa muka lo kayak gitu ya im just an ugly bitch ass painsi nulis kek gitu gakjelas lo pantes gak laku nulis kek gitu gak dibayar gak dapet apa aja diterusin goblok lo gak ada gunanya lo jd manusia;Hate Speech
heeseung terimakasih update foto happy new year sayang;Netral
Aku baru ikutin kamu sekitar sebulanan ini tapi i feel attached to you Sayang bangett gak ngerti lagi aku sedih banget You are the face of the group The center of the group You must be sad Me too Take care Comeback stronger captain;Netral
POLISI KONTOL JAUH LEBIH BERGUNA ABANG OJOL KETIMBANG KALIAN POLISI ANJING FUCK YOU SON OF A BITCH;Hate Speech
bitch wifi anjing lemot kali lah;Hate Speech
cube tuh emg ngentot guanlin gue jg ditreat like a shit bangke sebel banget agensi tolol;Abusive Language
Damn Makan babi syal Mention cepau;Abusive Language
Shit fuck babi;Abusive Language
to be honest cewenya tuh suka bgt sm si cowo tapi sayang kek si cowo tuh bangun boundary gt si cowo baik sih ke si cewe cuma ya gt buat saat ini blm ada apa aja trs si cewe kek lbh jaga dirinya sndiri juga soalnya si cowo udh terangan kl cant be us;Netral
selamat hari Senin semangat yg ada kegiatan tetap hati hati ya INDONESIA NEEDS HELP the local media keep silent on tv radio etc and jurnalis say protesters is enemy THEY SILENCED US;Netral
heyy kenapa i dont know what youve been through tapi inget banyak yg sayang kamuu kalo ada yg ganjel feel free to reach me out atau cerita ke temen yg bisa kamu percayaa semangat terus yaa everythings gonna be fine ily lt;Netral
fuck tolol what did i read;Abusive Language
WHAT THE FUCK IS THIS ANJING;Abusive Language
bukan membela Fadli Zon tidak setuju Ahok dapat remisi Natal Fadli zon mempertanyakan dasar remisi Ahok itu darimana yang goblok dungu peak idiot menjawab Sebegitu penuhkah isi kepala anda dengan kebencian;Hate Speech
Rumornya dia married makanya ga akting lg semua sosmed dihapus bener gaada jejak tapi gua gatau sih rumornya valid apa ga Terlepas dari apapun alasannya I respect his decision but at the same time I m so curious what it would be to see another of his roles huhu rindu;Netral
Idiot secara teknis orang dewasa dgn usia mental di bawah tahun sementara orang tolol adalah orang dewasa dg usia mental dari tahun;Hate Speech
Ye ye Hmm kna bitch babi fuck nih hmm Hahahaha;Abusive Language
KAK NAA makasii juga ya udah mau mutualan sama siyah im so lucky to know you semangat ya kak jangan lupa makan istirahat dan jaga kesehatan be happy too sayang kakak banyak banyak;Netral
Happy New Year Resolusi di tahun udh tercapai bisa kuliah punya pasangan Dan kerjaan Terimakasih ya Tuhan kau lancarkn sgl urusan ku Skrg bikin Resolusi Wisuda Bahagiain mami papi dan Nikah hehe Amin;Netral
orang tua tak sedar diri babi fuck;Hate Speech
Happy New Year selamat first of all thanks god untuk segala rezeki dan berkah dihidup aku terima kasih juga untuk diri aku karena udah lewatin segala hal selama setahun ini aku selalu ingin mengembangkan diri aku lebih dan lebih;Netral
kalo aku belajar funda dari yt alternatifa ada funda mtk logika sm bindo menurutku itu ngebantu bgt;Netral
GAKK BECANDA intinya happy new year terimakasih telah bertahan sampe sekarang be happy;Netral
Please ya dicon sayang i know dia under rate Tapi tanpa dia bangtan juga gaakan ada He deserve to be respected;Netral
Mau gestun gede tapi masih waswas Chill ada Zia udah trusted dari Nominal besar Santai pengalaman udah banyak yang buktiin Cuss langsung wa ada di bio yah;Netral
begitu lewat video p word lewat akun gerindra di tiktok lgsg gua report itu video anjinggg fuck you prabowo and all the governments;Hate Speech
Aku rasa nak kena tukar phone baru lah babi betul main ML kalah typing pun asyik typo damn it;Abusive Language
My dumbass would leave my key for work in my locker and have to text kyishia to open the store for me fuck pregnancy brain;Hate Speech
football player fuck you Main kasar kamu arr Babi;Hate Speech
HAPPY NEW YEAR TERIMAKASIH TAHUNNYA SHAWOL Senang bisa liat SHINee mode ecerannn selama tahunnnn trus ditutup dengan KETEMU CINTA KU MY ULT BIAS CHOI MINHO AAAAA Semoga jugaa banyak ceritacerita bahagiaaa;Netral
Malay curses Bangsat asshole Pukimak pussy Babi pig Sial wretched Bodoh stupid Kau ni mmg bodoh bodoh kau kali kali babi;Abusive Language
KING SHIT NEW YEARS EVE BABI;Abusive Language
terang buat masa depan apapun yang aku belum kesampaian di bisa segera di aamiinnn happy new year everyone please be happy in bye thank you for all terimakasih untuk segala kenangan baiknya;Netral
Alah bangsat lu fuck u bitchgtO;Abusive Language
Fuck ah Serabut betul babi ni;Abusive Language
Aku kira dia tu awalnya ngeselin kaya serem gtu TERNYATA NYA ASLINYA GA BEGITU CANTIK LAGI PAOPAO LOP U;Netral
aku percaya abundance itu luas bukan cuma soal uang aku sudah kaya dengan cinta persahabatan pengalaman dan ruang untuk bernapas hari ini i see blessings in the smallest details the more I notice abundance the more it grows aku hidup di dunia yang penuh berkah lt;Netral
Dari ribuan orang pinter punya kemampuan amp pengalaman yg baik tentang pengelolaan pelabuhan dapetnya kang cilok plongo kayak gini Emang kalo soal lucu koplak ngeselin bikin emosi minta dimaki penguasa kita juara;Netral
Fuck everyone Anjing;Abusive Language
Memang bangsat ah whatsapp ni lembab nak mampos Baru dapat pula ws nya fuck;Abusive Language
Terimakasih Ada perpisahan ada pertemuan dgn org org baru dan Alhamdulillah selalu dikelilingi org org baik semoga menyenangkan banyak keajaiban dan kebaikan Happy new year;Netral
FUCKING PIECE OF SHIT FUCKING SORRY EXCUSE FOR FUCKING HUMANS BABI SIAL IF I EVER FIND YOU FUCKERS ITLL BE THE LAST FUCKING DAY OF YOU BREATHING BITCH;Hate Speech
Wkwkwk urusan lu ap TOLOL HRS mao selamanya disono urusan lu ap JKW aj ga bsa nyuruh HRS pulang palagi lu yg cm JONGOS Gw seneng HRS disono msh bisa ceramah amp ngasih kajian makanya klo IDIOT jgn maen medsos nyesek dah lu udah TOLOL SOMBONG lg;Hate Speech
what the fuck is that supposed to mean anjing sumpah sisanya di perpusat tuh tidak comfy dan terlalu terbuka hhhhhhhhhhhh;Abusive Language
ini mah bukan bodo tapi GOBLOK IDIOT TOLOL menjadi satu adonan;Abusive Language
happy new year juga yaaa huhuhu sayangg terimakasih ya sudah di tag terimakasih juga ya mau temenan sama aku semoga bisa temenan selamanya yaa semoga bahagia selalu love youuu;Netral
si goblok main pump it up ga bawa minum skrg dehidrasi sampe lemes wkwkwkwkwkw idiot;Abusive Language
HOOI KAMU SERU BANGETT makasi udah mau jadi mutual aku sama udah ngeracunin aku sm cewe ptn yang cantik itu love u;Netral
mosturizer kayman ni terjatuh habis rosak cover dia total fuck babi betul la dah lah penuh lagi;Abusive Language
you ll definitely rot in hell you heartless bitch gapunya otak hati smua njing dahlah goblok liat aja lu bakal ngerasain ap yg itu kucing rasain bangsat;Hate Speech
Happy Birthday to our vitamin aku yakin dedek akan selalu dapet kasih sayang apalagi disana banyak banget yang sayang kamu pokok nya jadi anak yang baik yaa dedek kuu Always be happy I Love You;Netral
doyi bilang makasih AKU LEBIH MAKASIH HUHU kkay doyi i will try to be healthy as always everytime huhu sayang;Netral
Babi sial cb this game fuck off;Abusive Language
Siape kau nyrh aku fuck fuck Kau diam Ah kau tu suke di bajak bah Shara bajak anjing;Abusive Language
Eeeaaaa akhirnya si zoelFUCK pun memakai jurus yg sama dilakukan abu janda tante desi dan ahokers lainnyamenjilat NU berharap mendapat backingan dr NUehhh kampret otak lu and si abu tolol itu dah mending jd buzzer profesional aja sekalianFUCK;Hate Speech
Happy New Year BTS ARMY Terimakasih untuk suka dukanya di tahun;Netral
Mun sia teu resep ka aing ngomong langsung ke aing anjing Tong ngomong di tukang anjing FUCK ANJING;Abusive Language
Setiap tahun anda membuat azam untuk mengubah diri anda Tahun ini buat azam untuk menjadi diri sendiri Selamat Menyambut Tahun Baru Happy New Year;Netral
blum lg mhs itb katanya mau di back up lah ngasih kerjaan ujungnya emak bpknya nangis minta maaf ferry lu wkt dibawa sri jg ikut buat kebijakan di kemenkeu NGACA;Hate Speech
Damn i need a new chain;Abusive Language
Fuck wit meh on Instagram new name fa DOEGURL follow ya Babi;Abusive Language
lo dengerinnya first fuck mulu anjing;Abusive Language
eh babi nye paten fuck paten balik Hmm;Abusive Language
Easy say than do This shit stuck with me like forever Babi;Abusive Language
Dan ternyata bani kampret gak punya otak alias idiot;Hate Speech
Rindu kawan burung aku kt sana ekor semuanya aku jaga Maybe tu jadi kenangan indah la utk pengalaman kerja masa muda aku Maybe one day inshaAllah Ill be back to pursue my passion For now kerja besa dulu la buat sementara waktu;Netral
Happy new year guyss Terimakasih telah bertahan sampai saat ini;Netral
Apasi apasi peler kuda lu ireng Jawa goblok idiot mamak kau lonte anjing;Hate Speech
It be like that on this bitch of a earth;Abusive Language
PENGALAMAN BELANJA DI Beli barang pakai kartu kredit tokopedia card tapi barangnya RUSAK pake ekspedisi Udah mau bulan duit refund ga balikbalik ditanya estimasi waktu tapi jawaban selalu templete;Netral
ada yg jual pulsa ga bangsat ahhh shit;Abusive Language
Nak nangis ni Aku nak sangat beli tapi apa kualitinya kalau dpt sorang je tak dpt semua member Fuck this Eghhh aku tgh geram ni babi ah;Abusive Language
The phrase Jesus Christ in many Englishspeaking countries is the equivalent of babi it can mean many things Jesus Christ he s good Jesus Christ you can t even do that Jesus Christ defend for fuck s sake Babi power sial Takkan tu takleh buat babi Babi defend la kimak;Abusive Language
bro is like this kid back in my boarding sch kita sekolah coed tiber cakap suring usrah magrib yg perempuan boleh tak pakai tudung selalu Even in sportssebab dia penat kena mandi wajib selalu I was like bro kau baru tahun rilek sikit anjir;Netral
Happy New Year Kevin Lius Bong Semoga ditahun ini kamu amp keluarga diberikan kebahagian kesehatan kesuksesan rejeki yang berlimpah amp semua hal baik datng untk kalian terimakasih udh bkin hidup aku berwarna vin salam untk keluargamu ya;Netral
Selamat Tahun Baru Semoga kita semua selalu diberi kebahagiaan dan kesehatan New Year New Journey New Memories Happy New Year;Netral
Gue kagum sama lo Lo bisa bertahan sejauh ini Lo hebat lo kuat Please jangan nyerah We re here to be your support system and give you a lot of hug Kita sayang lo afin Please don t give up Semangat Love Lestrange Black Malfoy;Netral
Haha just read some old messages and this bitch so funny First of all i fuck whoever i want secondly who the fuck are you telling me not to fuck my man YOU are the side chick ngerti ngga si bangsat;Abusive Language
Why are people even fussing over this stupid topic like My god just take a damn selfie upload it and have fun Tolol banget beginian doang dijadiin drama anjing;Hate Speech
Yoo Babi stole my heart because played the role so damn well Was so proud of him after watching I miss btw;Abusive Language
Happy new year Terimakasih untuk cerita baik sedih bahagia sakit jatuh semoga menjadi tahun yang lebih baik lagi;Netral
What the fuckkkkkk bini asli nya cantik bgt anjim heran bgt gue cowo kntl;Abusive Language
gatau malu dasar idiot tolol;Hate Speech
please dont call ex is stupid please call ex bangsat;Abusive Language
Dari berbagai komentar dan sejumlah klarifikasi terlihat Anda menggiring opini dan menstigmasisasi Islam Fuck You Anda benar memiliki sifat babi dan anjing;Hate Speech
Menurutku tuh sebenernya bukan sekadar pasangan ya Tapi lebih ke partner Jujur gw jg luntang lantung sendiri Sebenernya happy aja tp kadang gw butuh temen buat main diskusi or anything else;Netral
argghhhhhhheat shit;Abusive Language
babi replaces word shit hahahaha;Abusive Language
masih ngebela diri what the fuck masuk neraka jahanam lo;Hate Speech
Fck you bighit thankyou for giving a good news to this fucker THANK YOU SO MUCH ANJING Do you know how much baby army get brainwash because of her content Im done with this shit company;Abusive Language
My internet account is suspended because i forgot to pay the bill the fuck when your service is like shit its okay pulak Babi;Hate Speech
Bila lapar lepas kerja be like Maira hmm asu lapar la Gu lapar la gu jom Im more than happy to say okaaaay jom Terima kasih jadi kawan aku sejak April tukang teman ke mana aje tukang layan kerenah aku Harap tak menyesal la hahaha;Netral
Wait I want say FUCK BITJ ANJING BANGSAT lega;Abusive Language
WTHEHRHE THE FUCK i have short term memory babi dont make feel like this;Abusive Language
Gue nemu loker seram di apk job seeker kualifikasi HR related minimal pengalaman tahun pendidikan S dengan jobdesk seabrek tapi gaji jt Jt;Netral
Idiot Merry Christmas ka matlb bhi mlm h to Christmas manane Chala h Kafir Hai ye too;Hate Speech
Babi punya construction kat aas All i fcking hear is THUCK YHUCK THUCK THUCK THUCK THUCK STUPID APARTMENT;Abusive Language
tapi kan itu cuma oknum explain this then why even in different cities they all do the same even with paramedics stupid dan setelah itu pasti berlindung di balik ya kan kita cuma melakukan pembelaan diri kita cuma nurutt perintah fuck all of your instansi;Hate Speech
Klo yg yaman banyak buzzer suruh pulang ke yaman Gikiran chindo korupsi segede gii kaga sebijipun buzzer ngoceh suruh pulkam ke china Tai emang sama anjing buzzer n chindo Fuck;Hate Speech
Tipu laa rasa sayang tu hilg tipu laa rasa care tu hilg tipu laa kalau saya tiada feeling sama kau Saya buat smua ni untuk tengok am i important to you Is it true that im the one who will be with you in the future Please stop giving me a fakehope;Netral
Happy new year my baby terimakasih udah jadi bagian dari gue di pergantian tahun kali ini Loves you so much;Netral
HAPPY NEW YEAR GUYSS LOPE U BUAT SEMUAA TEMAN ONLINEKUH WALAU AKU GATAU KLEAN DIMANA DAN LGI NGAPAIN TERIMAKASIH SUDAH BEKERJA KERAS DI TAHUN KEMARIN YOU DID WELL;Netral
Selamat tahun baru semua terimakasih untuk yang sudah sangat menyenangkan dan terimakasih sudah membuat tahun lebih berwarna sangat senang bisa mengenalmu kita semua lebih menyenangkan di tahun ini HAPPY NEW YEAR;Netral
Bagi saya Thailand itu cuma orangorang tolol biasa secara mental dan intelektual ya tidak jauh lebih baik dari idiot Kepala mereka menjijikkan Mungkin mereka cuma sedikit lebih terbiasa dan teratur bermain bola dari kita Selebihnya kekonyolan sampah belaka;Hate Speech
Seronok stalk aku Sorg setan sorg lagi babi boo Sesuai la tu satu sama lain Asshole;Abusive Language
HALO KAK NDER AKWWUUU OPTIP spertinya hari ini yg terakhir aku optip wkwks so get it while u can;Netral
goblok banget what the fuck gw speechles bgt tai ga nyangka ada org dgn mindset segila ini;Hate Speech
Klo single ngaku aja single Klo masih pacaran ngaku aja pacaran Gosah ngaku pasutri lah demi bisa ngewe Pke alasan nambah sodara nambah kenalan lah Mana ada yg mau temenan sm tukang ngibul Tolol Segitunya loe ngibulin banyak orang demi NGEWE Damn stupid;Hate Speech
no need to promise sayang ill be waiting for you mau lama juga yang penting harus seneng terus gaboleh sedih sedih;Netral
terserah dah lu pada mau ngatain kita idiot kek bocah berlebihan apa lah bodo amat anjing;Abusive Language
ga sabar ceritain pengalaman idup seru ke anak dek dulu mami sm papi x kejebak ujan pas jalan sore di pondok ijo ama setbud lg manifesting tinggal di perumahan elit bandung alhamdulillah kesampeannya bisa punya rumah sendiri di setra duta ni rumah mami yg desain dek;Netral
Hilmi saya tau kalau goblok itu gratis tapi ya jangan diborong semua Sisain buat kita kita juga bro;Hate Speech
SODARA NYA SI SHOU EMANG ANJING SIH TAPI BUT WHAT THE FUCK AYAHNYA NGORBANIN ANAK KANDUNGNYA SENDIRI INI DANMEI DESKRIPSI RINGAN LUCU TAPI JALAN CERITA FUCK KEREN BANGET MAU NANGIS;Hate Speech
Tp kelak klo aku punya anak insyaallah aku akan mengusahakan apa yg dia mau mengusahakan apa yg anak mau emg tugas setiap org tua si menurutku karna emg kita yg mau dia ada di duniaa ini;Netral
Papa what did you do tanyanya sekali lagi menginginkan jawaban yang jelas I told Ara to come with you to live in Indonesia She will be your friends along with Ale too Edrikk menjawab sembari menatap gadisnya lelah WHAT PAPA Cia terlihat nampak sangat;Netral
nd paycheck was supposed to be like for masuk meminang kalau dah ada kan sebab tu macam tanda i can at least keep a job so macam kokoro jyunbi nak jaga anak orang Third nak belanja semua orang aku sayang for just being there th and so on baru start saving bagai;Netral
Fuck buat lo bangsat;Abusive Language
Fuck Terkejut sial Babi heart attack jap;Abusive Language
Ini smua berawal dari penggunaan AM utk kepentingan politik bro Jelas Makanya diem lagi Uda berkali Gw ga bahas POV dari umat Islam Tapi dari oknum politikus yg pake ini hanya utk kafir yg dibenci Come on Youre not that stupid;Hate Speech
kak aca thanku juga udah jadi mutual ares maaf kalo ada tweet atau reply ares yang ngga mengenakan Inget ya youll be exactly as happy as you decide to be Sayang banyak buat kak aca lt;Netral
apalagi di akhir yutub rewind dikasi lagu piano film up yang super anjing banget selalu bikin nangis tiap dengernya ya mungkin bagi banyak orang kaya anjing ni epic parah keren banget mo meninggoy but for me its like shit im old;Abusive Language
scroll TL tetiba nampak gambar pondan pakai heels caption dont give a damn about others KAU LAMA LAGI NAK TENGGELAM BANGSAT;Hate Speech
Kan bodoh nama dia tu Pundek la babi Fuck Aaaaaa babi;Abusive Language
aaaaaaahhhh tami lo goblok udh tau bkn orgny tetep dipost tujuan lo apa ngentot fucking shit tiktok di ban aj lah asu tiktoker narsis alay katro jancok haus pujian dan viewers dan followers kontol ni jari tengah gw taro d pantat lo asu;Hate Speech
otak kau hahahahahahahahaha babi menipu fuck u;Abusive Language
iye emg gua tu perhitungan soal duit ya gimana skrng gua lagi gk ada duit anjing Lu bandingin sama kakak yg emg penghasilan nya gede ya jelas beda lah gua gk ada duit jg ngebantuin lu di rumah fuck;Hate Speech
Ancaman apa yang diberikan pemerintah kepada media stasiun TV universitas dan yg lainnya sampe mereka bisa ruled everything kaya gini What the fuck are they have to silenced all of you;Hate Speech
REFF BABI FUCK;Abusive Language
to yall who are supporting this the fuck are you thinking about sumpah gue kira ini bercandaan yang gak lucu btw makanya gue diem tapi ternyata beneran dan ada yang nunggu wow gue jarang ngatain orang disini tapi full offense tolol lo semua bisa bisanya ngedukung;Hate Speech
Fuck i really need to talk to someone Babi sorang je punca my whole night camsial;Abusive Language
mie bangladesh tanpa cabe tuh udah pedes deh nder dari bumbu bangladeshnya udah berasa pedes rempah jg menurutku better next time bilangnya gak pedes sama sekali deh cuma tetep rasa rempah nyegrak sih kata gue;Netral
lu tau kata mak nya buang aja tuh di bawa mobil BITCH WTF lo ajarin anak lo kek buat buang sampah yg bener anjing gua yg liat gua yg kesel;Abusive Language
Besok mau malasan pokoknya seharian Mau slonjoran kaki bangsat fuck traffic lately;Abusive Language
Pop yo shit Gyppp;Abusive Language
Setoran pake do you hear the people sing les miserables versi pake lirik amp nggak monggo langsung dishare fuck copyright semua milik Allah;Hate Speech
happy new year kita mulai lagi dari januari yaaa Ken selamat menulis cerita terbaik;Netral
FUCK OFF HENSEM BABI;Abusive Language
Another stupid question Kek lu sender goblok atau gmna Pake common sense aja lu harusnya tau mesti gmn pake nanya lagi Gini nih orang kalau udh bulol;Hate Speech
Baru mangkit jam buat website babi fuck cs;Abusive Language
Its okay not to be okay Apapun itu aku percaya sama orang ini aku sayang sama org ini terima kasih sudah hadir di dunia ini dan terima kasih sudah mau berjuang sampai sini I love you;Netral
RT Eh manusia goblok tolol dungu idiot hina bodoh follback;Hate Speech
bayangkan kalau dah natural beauty tudung kembung pun cantik kalau make up bergaya pastu gedik sikit hmm mmg lagila cantik but yeah some people prefer to be simple instead;Netral
I added a video to a playlist Pengamen Cantik Jago Main Ukulele Nyanyi Lagu Separuh Aku NOAH Keren;Netral
Happy new year Semoga semakin diberkati terimakasih utk semua kebaikan amp kemurahan Tuhan;Netral
HOLY SHIT GIRLS;Abusive Language
Damn wonder if I can take pictures;Abusive Language
Aku malas kalau harus mikirin org yg nyakitin aku lebih jauh Menurutku mending di cut off amp ga usah dipikirin lagi;Netral
Semua hanyalah cicing tendas keleng bangsat Fuck;Abusive Language
Klo menurutku blm mirip sih sm Sandrone soalnya The Herta kan narsis bgt sassy mungkin iya;Netral
Tapi kans Spanyol juara dunia menurutku mayan gede;Netral
FUCK tolong kalau dapat pelakunya ditembak mati aja terus diseret kek anjing itu yaallah manusia itu jahanam bgt;Hate Speech
HAPPY NEW YEAR KAK NAAA semoga hal hal baik selalu disekitar kakakkk terimakasih udah jadi moots aku ya kak jangan lupa bahagiaa kakakkuuu;Netral
Dr kta DO dn pecat brmunculan byk kata sprti gk becus goblok tolol idiot dn setres org buangan;Hate Speech
I have to admit sometimes aku rindu gila dengan life aku kat UIA Life aku masa dekat UIA dengan UTHM mcm langit dengan bumi Macam aku belajar masa kat UIA yg boleh reflect pada diri aku to be a better person Indeed there is always a reason why Allah put you in some place;Netral
Tanggal September jatuh pada hari Senin yang merupakan Hari Buruh Labor Day di AS Ada juga Hari Apresiasi Kucing Jahe Hari Tahu Nasional UK dan demonstrasi Workers Over Billionaires di berbagai tempat Secara historis ini hari invasi Jerman ke Polandia pada;Netral
WHAT THE FUCK CREEP BGT ANJING;Abusive Language
Selamat membuka lembaran baru ditahun yang baru Hopefully better than last year from all of part in our life Semua yang udah terjadi dari sedih marah senang semoga jadi pengalaman yang bisa dirubah di tahun ini jadi baik bahkan lebih baik lagi yeeyy happy new year;Netral
Kalau kau tak penah rasa something tu jadi kat kau just shut the fuck up Sometimes benda yang kita rasa tak logic tulah yang jadi dekat orang lain So kau jangan nak acah palatao lah babi;Hate Speech
udah ga ngerti mau ngetik apa makasih buat para moots yang mengisi tahun ku terimakasih banyak buat kalian HAPPY NEW YEAR;Netral
NYESEL ANJING BACA UPDATE AN TERBARU KAK LUNAR GUE BARU AJA HAPPY KRN USER THV AKTID BGT EH SI ATA BIKIN MOOD ANJLOK FUCK;Hate Speech
Very proud mourinho Very proud of you Fuck off lah sial babi;Abusive Language
woy tolol kali ya bitch catch me outside;Abusive Language
ye kontol org ko gelutin agency satu sm lain si heran i aint defending bh nor attacking sm for making a concert paid or free what a stupid thing to argue over a company;Hate Speech
selamat datang dan sampai bertemu lagi terimakasih untuk segala hal yang bisa menjadi pelajaran semoga segala harapan hal hal baik datang di tahun udah artinya tahun lulus dan tahun berjuang happy new year all;Netral
tidak perlu pengalaman tp minimal kerja tahun wkwkw;Netral
INTINYA FUCK YOU GUA BAYAR PAKET RB BUAT MAEN DOTA TAPI MALAH DISCONNECT MULU BUAT BROWSING KELUAR ADS XL GOBLOK APA;Hate Speech
gipaaa aku balik lagi kamu ga mau ngasih selamat gituh hari ini aku ulang tahun eh iya happy new year;Netral
awww terimakasih kembali raaa km jg baikk bgtt terimakasih juga sudah mau berbagi critaa may all the happiness come to you ya ill be here forever sayang love you so much;Netral
THIISSSSSS gw ngumpulin cons chara yg gw bucin doang dan sejauh ini baru scara anjir so shut the fuck up yg komen idih ngapain ga meta hadiah ga guna;Hate Speech
what the fuck anjing rb;Abusive Language
moots aku yang perempuan please stay safe ya weekend ini di rumah atau kos aja kalau ga urgent banget kalau bisa cari temen juga kalau mau keluar jangan sendirian;Netral
Gue heran sama yg rekam si tolol lagi aksi banyak gaya bisa direkam giliran si tolol jatoh ga direkam;Hate Speech
Goblok ni orang Lu yg rasis blg Yaman lah harus jadi presiden Dll Brarti ras lain ancur smua kan Lu ga usa banyak bacot Kadrun cuma pengecut dr balik akun Kapan ada yg brani kontak gw langsung Umat idiot pecundang;Hate Speech
Also didlam US nya aja juga banyak kok terutama di red states mereka kalo protes malah bawa senjata buat menunjukan bahwa mereka benerbener ga suka sama imigran siap perang tolol bgt US nendang rekan paling kuat dan strategis di asean karena segerombol mahasiswa idiot;Hate Speech
Bitch please;Abusive Language
panas bgt anjing disini shit;Abusive Language
WHAT THE FUCK BABI AND H I KINDA HATE THEM BOTH RIGHT NOW;Abusive Language
the fuck do you mean mindah sahroni ke komisi juntrungannya apa dah;Hate Speech
Fuck lu maunya cuma dibantu tp gamau ngebantu anjing;Hate Speech
halo key salam kenal ya nice to know u semoga ga risih ya klo aku sering jbjb hwhw i just want to be closer with u;Netral
dri kejadian viral ibox gua jadi paham kalo sbnernya netijen indo tolol bin idiot sekian kalo mau tau lanjutannya gausah mending kerja trus biar dapet iPhone;Hate Speech
Happy new year dan terimakasih juga untuk tahun nya;Netral
YEAAAAAY Aku seneng banget karena diucapin sama jiejie cantik Worry not kemarin aku makan cake sampai aku kenyaaang Makasih banyak untuk ucapannya jiejie sayang semoga berbalik ke jiejie LOVE U JIEJIE;Netral
ketemuin ntr juga ga bete lg pengalaman pribadi;Netral
im not even defending nctzen lmao u moron FUCK NCTZENS temen lu tololzen mulai bacot apreasiasi apreasiasi berujung rosie didrag trus jh kena jg siapa yg tolol shouldve respected other s space to tweet what they like but what seneng kan lo orang pada ribut;Hate Speech
to be honest gua susah banget suka smcewe gua gapercaya teori cinta pada pandangan pertama biasanya sayang ya pas udah pacaran tapi kali ini anak perempuan kelahiran bikin gua matahin semua halhal itu anjirrr;Netral
Tolol dipikirnya kalau dukung Prabowo berarti kita juga fans Soeharto sama SBY memang idiot Golkar and Wiranto itu baru lahir kemarin sore Mual liat komika rasis pendukung presiden yg TDK baca apa yg dia tanda tangan Setan kau;Hate Speech
Ye ah babi fuck poli Poli njing;Abusive Language
Orang ini masih sodaraan sama jadi gtu dah wkwkwk Idiot yg beranggapan ky gitu v ini TOLOL;Abusive Language
Nasib baik cute babi betul huhu tak jadi marah Then mandikan diorang wangi dah tapi Si cirit tu kat ketiak ada bau lagi fuck esok mandikan lagi;Abusive Language
sekarang kalau lagi buka Instastory lihat postingan template yg bela si COKLAT auto block mau temen atau saudara deket siapa pun itu gua ngga peduli urusan berteman nanti dulu karna nyawa dimata mereka gaada harganya Fuck the POLICE piece of shit;Hate Speech
Semoga di tahun baru para kampret dan cebong abis coblosan siapapun pemenangnya bisa shut the fuck up semua;Hate Speech
FUCK AH SALAHKAN SHAWOL DAH LAH BABI;Abusive Language
Sumpah babi dm ig punya rule video tak boleh replay Fuck comel do;Abusive Language
Jae thank you for being our beautiful reason life is not that easy and everyone has their reason and I m so Glad to be each others reasons Jae makasih aku beneran sayang kamu Hidup bahagia terus Aku juga bakalan ngejar yang aku mau Makasih banyak ily;Netral
ak gatau ap yg bikin km capek km lelah km mau luka yg nyata kamu mau puasin hati km diri km tp tlg ketahui kl km itu kuat buktinya bs bertahan smp malam ini kan dm aku ayooo tlp aku jg gapapaa even kita blm kenalan hi then i think itll glad to be ur friend abimm;Netral
WHAT THE FUCK HW AT HELLO I LOVE TJEM AOUFUFHAJJAJA;Hate Speech
Maombitho When you are high AF that shit stops to make sense;Abusive Language
Ntahlah gue ngelihat nya beda sama NH kalau lagi gituanmenurut gue sejauh ini couple di Naruto belum ada yg nyaingin hot nsfw nya NaruHina apa karena mereka couple utama ya;Netral
fuck lah babi sial;Abusive Language
Sampe akhirnya kamu ganti lgi ke unem ini wkwkwkwk I just wanna say that ilysm aku sayang kamu Ziah deserve to be happy Kamu ga boleh sedih Inget tuhan ada di sisi mu Jgn lupa berdoa minta rezeki dan ampun Klo mau sering dman sama aku Arin sayang jiah Inget itu;Netral
FUCK YOU CEWE IBLIS LU TUH TOLOL CUMAN GUE BOHONGIN DOANG;Hate Speech
seokjin kami sayang banget sama kamu jangan segan buat berbagi cerita sama army kamu kesayangan kita terimakasih untuk tahun ini udah jadi yang terbaik we ask you to be happy always we love you very much always be healthy ARMYS LOVE SEOKJIN;Netral
This phone aku campak this pc kimak tul this OS macam babi Internet macam sial and then this shit haram tul;Abusive Language
jae not a boyfriend but i really want him to be my big brother bakalan lucu banget sih dia sukanya ngomel ngomel gemes tapi juga suka ngajak deeptalk malem malem sama dan agak rese tapi sayang;Netral
ya namanya juga klub kontol isinya org tolol dongo bin idiot wajar wajar aja;Hate Speech
Happy new year Terimakasih buat kalian yg masih mau temenan sm aku disaat temenku mulai berkurang Makasih udah meramaikan tl dm dan wa aku yaa makasih udh hadir dan ngebuat aku ga ngerasa kesepian Di tahun semoga kalian sehat sehat terus yaa karna sehat itu mahal;Netral
Fuck babi fuck fuck;Abusive Language
Palangkaraya juga ada himbauan demo aneh Aku tanya anakanak yg beneran demo tanggal Augustus mereka gak tau siapa Cipayung ini kominita ojol jg declare gak akan ikut Be careful yg area Palangkaraya terutama deket Kantor DPRD;Netral
Padahal menurutku kepedulian sesungguhnya ya ketika bisa bikin orang lain itu nyaman Bukan nabrak batas yg ada di orang lain Banyak bgt orang memaksakan kebaikan dgn cara mereka Padahal bikin orang lain terganggu Co kasih keripik ke orang yg haus bkn secara harfiah;Netral
makasih live nya gracie selamat istirahat selamat liburan happy new year see u next year ya;Netral
lu website kontol mau jualan aja di persulit kontol memek kau website jualan memek dasar website ga terima kritik kapitalis idiot lu memek;Hate Speech
GUYS PLEASE STOP This situation getting chaos I need internet power Share as you can Pray for peace Please Pulang Ada keluarga yang cemas nunggu kamu Kwitang stay safe mundur Surabaya Tembak darurat militer prabowo tiktok Bintaro THEY SILENCED US DPR BUBAR;Netral
To be honest aku kangen sama kamu Berharap bisa bertemu lagi feelingku bilang pasti nanti entah kapan kamu akan memintaku bertemu Ternyata itu benar terjadi tapi sayang sekali waktu aku dan kamu yang tidak selaras Semoga semesta mengizinkan untuk bertemu kamu kembali asap;Netral
Babi menyodol tu ramai so tak pelik orang tak cakap pasal dia tiber saya bgtahu dekat bf saya ei pegi mampos kau lah hal kau fuck you perempuan gedik attention seeker;Abusive Language
Fuck Indomie goreng aceh bikin sakit perut bangsat;Abusive Language
Consultant politik nya jago dan pantas disebut ANJING;Hate Speech
aaa terharu banget aku di tag terimakasih juga ka hiu terimakasih udah bertahan sampai sekarang terimakasih juga buat AU yang ka hiu buat terimakasih udah menghibur lewat au yng ka hiu buat sehat sehat terus ka hiu n happy new year;Netral
terimakasih om damon happy new year dari aku JWY;Netral
lo ngapain sih anjing kaya gitu itu makhluk hidup bangsat bukan boneka yg bisa lo remes kaya tete atau lo cekek cekek sembarangan oh hell no i lost my mind after read this stupid fucking things youre such a fucking human;Hate Speech
Fuck Israel anjing babi LA KO Israelanak haram Yahudi Israel;Hate Speech
Happy new year semoga tahun bisa lebih baik dari tahun kemarin untuk tahun terimakasih page of telah selesai di lalalui semoga awal tahun bisa menjadi awal yang baik;Netral
noooo say kontol in front your fuck face instead;Abusive Language
Happy new year eve Selamat tahun baru Mari kita buka lembaran baru ditahun baru ini dengan penuh semangat baru Maafkan yaa kalo ada dosa dan kesalahan selama tahun Yuks semakin tingkatkan dan perbanyak melakukan hal baik dan positif ditahun ini;Netral
To those who said lukaku being injured is good fuck you Hes our top scorer Learn to back your player up la babi;Hate Speech
Happy new year temanteman online aku mau ngucapin terimakasih sebesarbesarnya sama kalian yang sudah baca cerita aku dan yang mau bersabar menunggu cerita yang masih ongoing Hopefully will be a better year for all of us lets make the new year more beautiful together;Netral
ngebesarin adek dari orok ngebesarin anak sendiri apalagi kalo gap umurnya lumayan kan pengalaman membesarkan ponakan sendiri;Netral
Seokjinku sayang be happy Makasih tuhan udah hadirin sosok seokjin kedunia ini I am very grateful to know you;Netral
woi ignorant anjing anjing lo ya gausa sembunyi dibalik kata kata ga ngerti politik ga harus pinter pinter banget kok yg penting bisa dan punya kemampuan baca aja nanti paham sendiri lo anjing jangan males right now ignorant is not a bliss so use ur voice to spread awareness;Hate Speech
Yg nasrani aja bingung apa lagi gua terlalu banyak org idiot yg mencampur adukan aqidah dah tolol ngotot pulak;Hate Speech
Takut dia sama gele RT Lagi acun dikasih RT Idiot pak RT Lah gele tolol banget;Abusive Language
mager taik anjing MAGER MAGER THEY LITERALLY DO THAT IN SAME DAMN TIME AND SAME PLACE MAGER BENDA NYAH MINIMAL GUNA OTAK SEBELUM TWEET BAHALOL;Abusive Language
Wanna say thank you for all my moots that i met in terutama buat moots yg suka ak ketuk dm untuk kurepotin Makasih banyak ya semuanya u guys means a lot me happy early new year;Netral
Wherever u r lagunya beneran cantik bangett;Netral
kakak kalo belum bisa gaji dengan layak urus toko sendiri aja dengan kerja jam walaupun cuman jaga tapi kakak minta requirements yang kalo ditelaah itu butuh pengalaman banget dan gajinya cuman k itu gak layak;Netral
BENER aplgi klo yg liat sg yg jgn terprovokasi jgn menjarah jgn ngerusak fasum dll itu reading comprehension n critical thinkingnya minus mrk bkalan mikir klo itu emg dilakuin sm massa bukan intel atau provokator yg sengaja ditaruh situ trs;Hate Speech
gue aja ga tertarik amat sama organisasi anying apalagi jadi asdos pasti repot bgt kek banyak yg bisa kenapa harus gue anjing kuliah aja cuma biar ga bego amat ah fuck passion or whatevah gue cuma pengen lulus doang;Hate Speech
Damn perio susah banget dah essay lg anjing fomo sinau kabeh;Abusive Language
If I call u Babi I dont mind u talk like shit Ni org panggil Nama elok Perangai mcm kerbau pendek;Abusive Language
Selamat datang tahun Happy new year semoga panjang umur murah rejeki cepet dapet jodoh ya;Netral
fuck my life rn depends on them pls bring these two back sial babi la;Abusive Language
Ya kan jangan ngalah pokoknya Menurutku inbbaek punya daya tawar tinggi koq Harusnya mereka bisa tetep ngotot ngajuin demandnya Mereka punya aset koq vocalist dan diantaranya main vocalist dan salah satunya million seller;Netral
Bukan duit ko yang kami mahu Terutama kami yang sudah berumur yang sudah mencarum lebih thn keatas yang sudah pasti mempunyai simpanan yang banyak dan tidak mempapakedanakan kami Pada anak anak BABI peliharan kerajaan yang sememangnya sudah tiada simpanan FUCK OFF;Hate Speech
Orang idiot anjing satu ini;Hate Speech
Jgn pernah lelah kak dont ever give up kawankawan kita para Mahasiswa adalah kaum intelektual hrs bisa berbicara dgn ketua DPR atau anggota dewan lain nya utk mnyampaikan aspirasi rakyat amp poinpoin tuntutan krn dgn adanya demo yg disusupi oknum mlh akan merugikan kita smua;Netral
tentang cwe yg dia tu mahasiswa trs had relationship with a guy yg umur nya an biasa aja sih sophie carried this movie tbh;Netral
U too cantik Semoga banyak hal hal baik ditahun;Netral
Happy new year buat semua mootsku tersayang Terimakasih untuk semuanya yang mau berteman denganku ditahun ini Semoga ditahun kalian semua sehat dan bahagia selalu Sukses untuk semua rencana baiknya;Netral
poster ajakan demo nya pada jelask anjirr kalo mahasiswa yg ngajak at least ga kaya poster horor;Netral
Terima kasih tahun yg sangat ingin kulupakan selamat datang smg thn ini lbh baik lagi and Happy new year;Netral
Cebong stresssss Stupid Makanya bilangin ma junjungan loe jgn kebanyakan nonton film porno otak jd rusak jdnya kyak Gini deh;Hate Speech
What the fuck Gue ngga rela pajak gue buat bayar mereka dengan gaya hedonnya;Hate Speech
Kita akan perbaiki semua yang perlu diperbaiki Fuck you and your ministers your cabinet your staff the whole legislative body Fuck you all;Hate Speech
Maap tapi foto wajib sih menurutku Ga ada foto pas ulti tuh ga berasa;Netral
Fuck aku baru ingat tahun lepas kan aku new year dgn Eyka FarhanaBabi mcmana aku boleh lupa ni;Abusive Language
fuck u babi tai anjng;Abusive Language
Fuck im so mad How is it fun making joke of someones death Babi la;Abusive Language
Fuck chanlix that was hot BABI;Abusive Language
Anggota DPR RI turunan anjing idiot ini sllu bicara soal utang negara menggunung Ehh Benny anjing idiot sadar ga kau binatang negara ini berutang buat bayarin gaya hedon DPR sprt kau itu negara krisis prnh ga kau mau gajimu dipotong dikit sja lonte;Hate Speech
anjing terimakasih atas semua rasa sakit dan drama nya fuck off;Abusive Language
Happy New Year RT halah aya polisi mah sia sieun anjing bisana mah majak liar secara paksa fuck;Abusive Language
gue daritadi gabisa tidur garagara kepikiran bokap gue denger ga sih kalo tadi gue ga sengaja teriak ngentot kontol dkk ANJINGGG EMG STUPID BGT GUE KALO UDH KESEL GABISA BGT NAHAN MULU EMG BODOOOOHHG;Abusive Language
tapi kalau deket orang yang kita suka tuh suka replek kayak gitu bjirr pengalaman;Netral
BODOH TOLOL IDIOT Entah hinaan apa lagi yang pantas kau terima Sehinahinanya feses kau lebih hina jauh melebihi itu;Hate Speech
Merry Christmas I am happy to be with everyone I love you Selamat natal Saya bahagia karena bersama semuanya Aku sayang kamu;Netral
Emg ukhti lacur km lust ahh ahh fuck anjing lonte hijab bangsat;Hate Speech
eyy sial babi sial fuck aku pegang nk call org kut;Abusive Language
fi dybala fan ci kesayangan aku sayang kamu bAngeEed sampe ke dasar laut soft banget terlalu baik buat disakitin tulus bgt kalo udah sayang sama orang i DONT WANT YOU TO BE SAD LAGI YA seneng kita bisa ngobrol lagi bahagia selalu tolong;Netral
Yg penting I want my kids to be smart and pursue their dreams Kalau tak cantik takpa boleh jadi pandai like me lah a potato;Netral
Stupid tolol;Abusive Language
maaf jg gw jarang bisa jbjb dan sering ga aktif di twt karena sibuk sama urusan akademik huhu tp gw sayang bgt sama kalian semua and i really hope i can be closer to all of you in semoga lebih baik untuk kita semua aamiinnn;Netral
lu tolol mikir apa monyet punya otak gak tolol idiot;Hate Speech
stupid point pf view terserah targetnya mau monyet atau babi kek sapa kek ga boleh ada ruang utk menyudutkan korban pelecehan;Hate Speech
Ada dua golongan yang fuck gila babi dengan Andrew Tate Lgbtq Feminism Fuck your hypocrisy;Hate Speech
cale henituse pembuat onar yang menjadi anjing kalau meminum alkohol ALVER INDIRECTLY CALLED CALE A BITCHDOG HELP MEEEEE;Abusive Language
vie knp kita bucin tolol ya Ive felt this shit too;Abusive Language
nggak apa it s okay to be sad tapi jangan berlarutlarut ya sasha sayang ali banget sayang segunung selautan sebumi sejagat raya call me lebay tapi beneran happy new year ali i love you;Netral
happy new year selamat merayakan rora jangan lupa tidur ya;Netral
isokey nder berani daftar menurutku udah bagus karena kamu mau keluar dari zona nyaman coba cari info organisasi lain dan jadiin eval dari pengalaman kmrn nder smngt;Netral
why is ur concern cuma perbedaan sih anjing oh my fucking god i lost it lo bener bodoh banget se otak lo ilang emang ngejelasin ke org kyk lo bkin gue ngerasa ikutan goblok bebenah deh lo bgitu dibilang effort we be talking abt equality and this bitch;Hate Speech
FUCK nak babi;Abusive Language
Hes sort of right kalau ada pendemo yang anarkis provokator yang bisa membahayakan polisi dan kelompok pendemo itu sendiri ya harus segera ditindak You cant just sit there and do nothing So hes somewhat right Cuman gaslight attempt di post itu bukan justifikasi;Netral
Ipikih idil iniknyi mindiriti Wok Korban lebih banyak menderita daripada mereka balikkan pertanyaannya Apakah adil anakanak rakyat yg di korupsi hartanya menderita They are not only a family but a whole of your country;Netral
The fuck Sama lagu pun takut;Hate Speech
Gws ketua himpunanya Malah ngotot bilang sebuah inovasi Fuck no you mf idiot ai itu justru nge steal artstyle ye anjing;Hate Speech
dasar Idiot Defence Force serakah bgt kalo urusan tolol;Hate Speech
JINJIN KUU TERIMAKASIH JUGA UNTUK TAHUN INI AAMIIN DIWAAA LOVE U MOREEE HAPPY NEW YEAR AYANGGG;Netral
ofc they will ruin the GOVERNMENT COPS and CAPITALIST udah jumlahnya banyak masih ditindas juga sama perusahaan amp sekarang sm polisi jelas orang orang marah stupid as fuck mana kepikiran lah org pemerentah dan polisi sm hal begini mah;Hate Speech
the fuck anjing semua harus tau ini;Hate Speech
wey babi what the fuck;Abusive Language
Dont go looking for shit you dont want to find;Abusive Language
Termasuk Terkorup didunia anjing malah di sembah F idiot inin Cw;Hate Speech
KETIKA SAHABAT MENJADI BANGSAT FUCK YOU;Abusive Language
yang ngejarah rumah Sri Mulyani jg masa smooth banget ga ada penjaganya I smell something fishy here;Netral
Ini hanya menurut pengalaman pribadi gw ya jangan baper Zodiac paling anjing bagi gw itu Taurus beberapa kali PDKTan sm Taurus mental terus karna mereka pada matre drama playing victim pembohong manipulatif dan suka selingkuh Dah itu aja;Netral
Emg grup segacor rz ada aja yg nyari celah buat ngejatuhin tapi sori aja bro kita mah sans dan gapeduli narasi begituan Udh pengalaman dari awal debut soalnya;Netral
I know you not okay ngga apa kok kak buat sedih tpi inget harus tetep semangat yaa inget masih banyak orang yang sayang sama kak fina You deserve to be happy okay;Netral
happy new year buat pacarku apipul ai loff u so much gimana aku bisa sebucin ini ingyah sama pacarku sendiri karena dia pling menarik di mataku kaya tiada bandingannya sejagat semesta semangat ya cantik tahun ini kita lewatin bareng bareng sambil mnangis tawa brsama love;Netral
babi sentap fuck off;Abusive Language
mcm babi Ur a great friend amp a bitch too Seriously;Abusive Language
Gakuat dengan konten happy new year jd mau bobo aja Selamat tahun baru temanteman semuanya senang berteman dan bertemu kalian di tahun ini Semoga menjadi tahun yg lebih baik untuk kita semuanya;Netral
Besok kantor ada audit tahunan dr pihak eksternal That would be my very first time to see how auditor is Excited sih tapi kata orang kantor tuh bakalan capek Gatau ya tp aku penasaran aja;Netral
Kalok lagi susah ko sayangsayang kan aku Kalok lagi senang ko anjinganjing kan aku fuck;Abusive Language
tampang sih boleh Baby Face tapi sayang kelakuan lo BABI FUCK ehh v D;Hate Speech
Yang aku keluhin itu yang aku ga suka masa aku ngeluh malam taun baruan gue gini amat Terus ntar jatuhnya jadi ngiri sama yang lagi have fun TT ga banget kaaaaan Hehehe iya nih lgi scroll scroll scroll Happy new year for u too nom;Netral
things u remember from this year jan anjing gw mati feb bapa w sakit mar nothing apr meet her maybe for the last time mei really really heavy juni depressionovercry juli my birthdaythe month i hate the most this year fuck agustus nothing sept overthinking;Abusive Language
Heeyyy kak Semoga d penghujung tahun tetap sehat dan siap menyambut Kak berhubung penggemar baru mau tanya donks AU punya kk apakah ad yang bentuk halo anon aamiin semoga kamu juga ya disana sebelumnya terima kasih yaa u;Netral
BACOT ANJING MAKIN DIJELASIN MAKIN STUPID;Abusive Language
gais kalo ada lokerr hot kitchenbarista boleh tawarin ke aku dong aku fresgrad pengalaman di hotel bin sudirman;Netral
Happy new year Terimakasih dengan segala kesenangan kebahagiaan bahkan kesedihannya Tahun yang berat dan tidak bisa dilupakan jatuh di;Netral
Twit ini diketik dalam keadaan betul baru melek dan belum sepenuhnya sadar dan sekarang aku sudah sadar dan whAT THE FUCK IS THIS MIMPI APAAN ANJING HAHAHAHAHAHAHAHAHAHAHA GA JELAS BANGET LU NGENTOD AHHSHSHAAHAHAHAHSJSKSKSKSKS;Abusive Language
BABI WHY THE FUCK I ve NEVER SEEN THIS BEFORE BAJUDJDJDJSJJS;Abusive Language
Menurutku jg ni TKA diperhatiin bgt sama pemerintah Ada simulasinya ditunjang sama web belajar gratis yg cakep betul buku digital juga udh banyak blm youtube Jadi no bimbel no beli buku hits klo niat belajar ya no worries Ttp klo bingung bisa nanya sama tmn or guru yak;Netral
hey hana makasih udh mau jadi temenku untuk beberapa minggu ini ya youre cool and its very nice to know u i hope in we can get closer lt always be yourself ya sehat dan bahagia selalu cantik;Netral
srsly ive never been this angry kalo shipper lain hina tkks bodo amat asuuu karna emang bbrp tkks yg cuma peduli ship pantes dihina BUT dont ever dare to throw shits on my babe what that bitch said is really triggering me anjing anjing anjing;Abusive Language
He said gue harus sejahat apa buat lawan dunia yg jahatnya gk ngotak bara Tubi temen gue yg hebat be happy as always cantik Tubi deserve to be happy Selamat istirahat and happy new year mantan komdis galak;Netral
Dasar keluarga gak guna Gk ada yg mau ngertiin sedikit pun Anjing lo semua Fuck;Hate Speech
Two thousand n tweny one is fucking n great year Gue ga akan pernah bisa lupain fucking moment semua yg happened di thn ini Happy me happy haura new me n the best u for tomorrow n forever Hug me from my self Terimakasih utk all foto bermata sembab drama durhaka Ilyme;Netral
Excuse my french but Motherfucking hell Dumbass bitch Babi Cibai;Abusive Language
knalpot tolol angin na nyebrot ka benget;Hate Speech
bangsat benerrr nie orangg shit;Abusive Language
Hi pla makasii bngtt ya dh muk jd moot nya gita maaf bngt kalo gita suka brisik annoying dll I love u plaa Buat pla slalu sehat dan bahagia yaa Ayo jngn begadang mrt bobo n happy new year;Netral
Aku sudah lelah Di perbudak cinta Rasakan perihnya Hingga ku hampir gila Ku berhak bahagia Seperti yang lainnya Inilah saatnya Ku harus berubah I want to be a Fakboi;Netral
Tak pernah tau report pape pasal kau pikir kautim sama sama skali kau betray sial kau memang babi fuck hilang respect aku kt orang tua mcm kau;Hate Speech
happy new year semuanyaaa terimakasih untuk tahun sebelumnya semoga tahun ini lebih baik lg yaaa;Netral
kl suka wewangian yg soft pilih white musk menurutku yaa dari yg kucobacoba paling soft ituu n aku pake udh repurchase berkalikali ttp kecintaan sm white musk;Netral
Ini sepanjang jalan banyak BANGET pedagang kecil dan selalu rame orang yang mampir dari dulu tapi polisi tetep nembakin gas air mata If that is not enough for you to realize just how fucked up is this ya berarti situ oon dan tolol aja sih;Hate Speech
fuck latto bisa diem ga ANJING;Abusive Language
BABI LA AKU TGH BUAT KERJA DKT LUAR SORANG LEPASTU TERTENGOK TIKTOK HANTU FUCK MADAFAKAAAAAAA;Abusive Language
Happy new year semuanya selamat pagi di tahun;Netral
ah si Idiot dari gua tolol pake dateng mau ngapain sih bego amat;Abusive Language
panas kimk tgk twitter ni perempuan asyik comment psl laki je kimk tul kalau dah tk suka tu dah tkyh la suka sial babi kimk fuck lancau;Abusive Language
me at minute of sweet home ep the fuck me at minute FUCK me at minute ANJING BANGSAT GUE SESENGGUKAN SUSAH NAFAS me at minute WHAT THE FUCK IS THIS SHIT WHAT KIND OF CONSPIRATION IS THIS I CANT TRUST ANYOME ANYMORE;Abusive Language
lala doang emang yg otak nya tolol dongo idiot gesrek;Abusive Language
yelah rasa disayangi siapa je taknak kan just i guess this isnt the right time yet sayang diri sendiri dulu improve to be a better person ikr diri sendiri lack of so many things yg selama ni dah terlepas pandang so yeah welcome new me;Netral
eh jangan naekin gibran anjir makin downgrade aja bhineka tunggal ika;Netral
Fuck stupid kafir;Hate Speech
Gw harus turun level dong untuk sesuain kapasitas otak dan kaum elu ngapain juga pake otak ngomong sama idiot macem kalian;Hate Speech
HAPPY NEW YEAR mootsku Pemenangnya aku info besok yah Terimakasih banyak sudah berpartisipasi Stay tune;Netral
DIA JARANG ONLINE WASAP weyhhh fuck babi ape ade alasan cmni;Abusive Language
babi sbb sakit hati sngat nama pun lupa sakamoto tatsuma shit;Abusive Language
Menurutku story keduanya seru Aku suka grafik dan desain chara di Gachikuta Buat Tougen Anki suka juga tapi grafik animenya berasa garing dan desain chara ceweknya terlalu berlebihan apa authornya gak sePD itu dg karyanya sampai bikin oppai luber buat fanservise;Netral
guys menurutku jis cat tuh udh enak bgt keliatan jelas bgt di mata ya walaupun membernya kecil tapi kalo layarnya gede puas bgt;Netral
paling males klo ada orang ngomongin makanan orang lain yang dia suka tapi lo ga suka it has nothing to do with your damn business just stfu apaan yang dia makan kga ada hubungannya sama lo tolol gausah rese gasopan bgt bgo;Hate Speech
Jd di kosan si Angkasa ceritanya mati lampu nah anjing disuruh nih sama si Angka buat nyalain flashlight eh sama si Helmi malah disetel lagu Flashlight Jessie J DAMN anjg aneh bgt;Abusive Language
Main Boo kak dating apps teraman menurutku cuma ya di sana kebanyakan nyari temen ajaa tp seru utk temen ngobrol;Netral
lagian tuh ya ngapain sih lo ngasih nomer sembarangan gue tau itu temen lo but bitch gue ga kenal kan bisa izin dulu loh eh ini temen gue mau kenalan boleh gue kasih nomer lo susah bgt ya plis lah kalo tujuan lo biar gue ga jomblo itu goblok im not thirsty for guy;Hate Speech
gue sumpahin haters treasure semoga lu jelekksemoga jari lu semua digigit anjing fuck u;Hate Speech
selamat tahun baru dari anak sulung mamah yang sedang jauh dari rumah dalam proses mengejar gelar pertamanya tidak berharap banyak semoga semua dilancarkan dan kembali baikbaik saja Happy New Year oll;Netral
fuck u bitch thank you for everything aaaaaa iloveyooooousooomuch babi;Abusive Language
sayang sbnrnya tapi mikir lagi i deserve to be treated right kan;Netral
Terimakasih untuk kenangan nya happy new year oppa;Netral
Gatau mau ngomong apalagi soalnya dari januaridesember many things happened Kalo diceritain satusatu bakal panjang banget Tapi intinya aku bakal bilang terima kasih buat semua orang yang kutemuin di Selamat menjalani Happy new year all;Netral
dasar munafikun idiot tiorangmati aja loe dlm keadaan kafirdoaku spt ini krn aku bukan nabi;Hate Speech
Bitch your rich and your going to give people only bucks icBET you wouldn t see this or give me z for bills abcova;Abusive Language
tolol viewer ayam kt idiot jokes overuse ganggu live orang lain ga semua tau melodean dan si ayam kt itu kontol;Hate Speech
Israel tai anjing akun banyak bacot fuck israel;Hate Speech
a few words for u todayyybitchdamnshitfucknokarambabi;Hate Speech
happy new year all terimakasih sudah mau berteman dengan aku walaupun kita belum pernah ketemu may our life become more peaceful and filled with grateful aamiin;Netral
SUROBOYO SELAMAT TAHUN BARU SELAMAT DATANG TAHUN HAPPY NEW YEAR;Netral
dongo idiot kampung kontol inget umur anjing maen terompet udah tua mainnya jam segini lagi gakpunya otak;Hate Speech
shit kampret Seenggak nya waktu ak di jogja ak gak kepikiran lah ya emg musti pergi ndut;Abusive Language
What kind of contribution yang aku bisa berikan buat demo besok ya Info dong demo mahasiswa padang besok yg di dprd kalau ada open donation like for medicine food etc;Netral
Dan untuk kamu juga semoga seseorang yang kamu idamkan bisa menjaga kamu disana aku tahu kamu bakal mendapatkan seseorang yang pantas untuk kamu dan juga kamu bakal tamat kan selepas sekolah ini Dan pasti nya bakal ngelanjut kuliah semangat ya and See u cantik;Netral
stress lo semua anjing yg komen dia mau ulang tahun jangan diganggu hari baiknya fuck just shut up your mouth bitch;Hate Speech
Sebenernya nj tu kan baru ya di dunia ent gini menurutku semoga dgn kejadian ini mereka lebih bebenah deh mostly kek keamanan artisnya atau posting sesuatu lebih di pikir atau kalo misal ada bahasan yg aneh mending jangan di up sekalian dari pada di sensor doang;Netral
I was eating downstairs and my shitty lil sis didnt call me when The Unit perfom when I clearly told her to and when I went upstairs she FUCKIN LAUGH AT ME AND SAID HANSOL ADY PERFORMED I freakin got mad and she said I didnt know you watch it Babi bodoh fuckin stupid;Abusive Language
Dr perda mungkin XD RT Knapa ya stiap disini selalu ada kata goblok Damn;Hate Speech
Wah sulit sih karena setiap hari gue yakin gue masih akan mendengar FUCK THAT SHIT FUCK YOU FUCK ME AAHHHH BANGSAT di tahun;Abusive Language
Dikira keren si goblok kalo mau psywar ya di stadion lah chants yang kenceng buat tim kesayangan turunin mental lawan Di luar lapangan ya ga ada kaya beginian Sosoan nge fuck dikira keren kah;Hate Speech
Opini yang sering di ucapkan kalau udah keciduk Bangsat Bitch;Hate Speech
WOI BABI EMANG FUCK OFF PADAHAL KONTENNYA SERU BANGET ADEM GITU BENER BENER MENIKMATI HIDUP;Abusive Language
mjb kamu pake yg series apa kaa soalnya aku ada aerostreet tpi dia kurang nyaman dipake jalan krna menurutku beratt;Netral
Apasih lo aja yg kampungan emg semua restoran ready sereved kafir apa Bitch;Hate Speech
To be honest saya lebih setuju anda tetap di TNI sayang nasi sdh jadi bubur;Netral
Call me crazy shit at least youre calling;Abusive Language
dont you just fucking hate it when you gotta go take a shit mid meal like sabar la babi;Abusive Language
yohan terima kasih sudah berjuang sejauh ini maaf ya ternyata jalannya seberat ini i just want u to always be happy wherever you are sayang bayi kelinciiii semoga besok kalo ada berita beritanya yg bagus;Netral
Eh damn babi la you lag when its got but damn smooth now la Belasah kang;Abusive Language
Kenapa Waktu Senjata Utama Semakin cepat mulai semakin panjang waktu uangmu bertumbuh lewat compounding Belajar dari Dini Salah langkah di awal pengalaman berharga Lebih baik salah sekarang modal kecil daripada nanti pas modal besar;Netral
GILA SAKIT JIWA NI NENEK BANGSAT Bikin geregetan lagu di album Rebel Heart Bitch Im Madonna by Madonna;Hate Speech
Menurutku nggak ada karya yg receh mereka cuma punya tujuan yg berbeda Yg bisa bikin ketawa sama pentingnya sama yg bisa bikin merenung Aku juga suka blues clues hahaha dan menulis buku anak itu susah Nggak semua orang punya magic utk menyederhanakan topik yg kompleks;Netral
Udahlah ya udah capek muak dan males sama semuanya I want to be a mosquito right now;Netral
Seriously and on a serious note that shit of thinking that every munyanyakole is a theif aaah muli babi;Abusive Language
Even as a friend it feels damn hard to share with others Sayang tu lain macam tau semua benda kalau boleh kau taknak share dengan sesiapa What are mine always be mine Inikan suami REDHA Ingat tak semua redha tu mudah I prefer to left than be stay Sakit;Netral
halo semua maaf aku menghilang dan nggak ngabarin kalian maaf banget udah ngilang dan ya happy new year guys terima kasih buat kalian yang masih bertahan makasih juga udah baca ceritaku makasih juga buat kalian yang udah terima aku di sini love u guys;Netral
Fuck the one on your right;Hate Speech
hiyo memang mereka bisa baca data menurutku ngga juga ya soalnya oon;Netral
intinya terimakasih ya sudah mampir dan menetap kehidupan aku makasih juga kalian sudah berjuang dan selalu bertahan ya temanteman ku sayang kalian semua so happy new year mentemen aku;Netral
ini gak cuma terjadi sama affan ini bisa terjadi pada kita juga so wake the fuck up;Hate Speech
Selamat tahun baru pacar gue hahahahah Semoga selalu bahagia selalu ada energi batre badannya selalu full di tahun Happy new year Nanti gue sering charger biar energinya penuh haha happy new year;Netral
omomo cayangku yecaaa selamat new year cantikku sehat selalu ya yecaaa jangan sakittttttt selalu happy ya Love u banyak banyakkk yecaaa;Netral
Dead end sih menurutku gak dilanjut udah ngabisin banyak Dipakein devs baru ya bakal keluar duit banyak dan gak akan selesai optimal kemungkinannya;Netral
Audiens aku org berumur jadi bahasanya harus mudah amp sopan Tapi ingin sekali aku berteriak FUCK GOVT FUCK VOTERS FUCK COPS BLOOD ON YOUR HANDS I HOPE YOU ROT IN THE DEEPEST HELL;Hate Speech
Wkwkw Btw pas gua denger beritanya Pertama najis Kedua Goblok Ketiga Idiot dongo bin tolol Geli anjg Udah geli Lu lagi kena azab kecil Penyakit Bisanya lu buat dosa besar Lu gancet baru tau rasa lu Belom aja dikasih azab anjjg Bilang pantatbya enak Najis;Hate Speech
Ngeliat kondisi daerah kwitang amp beberapa daerah di jawa barat yg aparatnya mulai nembakin peluru tajam are we deadass mengulang sejarah kelam again;Hate Speech
Intelijen negara sedongo ini Ya Allah terus ngapain lu diploma di sekolah intel anjjjjjj this is a cheap movie;Hate Speech
ANTICOVID IDIOT ANJINGG ORANG LAGI SAKIT SAMPE HARUS DIOPERASI DISANGKUT PAUTIN SAMA VAKSIN YG UDAH DARI JANUARI BNGSDD PADA GA PUNYA HATI ANJING EMANG;Hate Speech
fuck lah anjing poe;Abusive Language
Bangsat mana duit raya sampai beribu tu Fuck orang kaya;Abusive Language
fuck wendy babi time ni laa internet aku perform dah laaa tak kesian ke kat aku;Abusive Language
Bodoh tolol paok bengak idiot;Abusive Language
to all of my mutuals happy new year guys terimakasih atas kerja kerasnya di tahun ini yaa semoga tahun ini didatangkan lebih banyak kebaikan cheers;Netral
anjing bgt it s damn minute before tp gw malah nangis;Abusive Language
Tak ada kutukan yang lebih mengerikan daripada mengeluarkan bayibayi perempuan cantik di dunia lakilaki yang mesum seperti anjing di musim kawin damn im speechless;Abusive Language
Selamat menyambut tahun baharu kepada semua sahabat Happy New Year to all Twitter friends;Netral
fuck this pundek anak babi reff;Abusive Language
Its NYE and wants to start Damn lady Just show love for the new year;Abusive Language
zayne tuh beda beda kalo menurut ku kaya ga nyambung multiverse paralel gtu itu menurutku Berdasarkan kebun melati yang ada di buku Disitu zayne bilang kan ya kalo semua itu memory tentang zayne zayne zayne lain yang ujungnya berakhir sama CMIIW;Netral
Aeri Makasih banyak buat udah suka sama tulisan admin centric satu ini So happy for that Selamat tahun baru ya Have an amazing new year Aeri;Netral
HAPPY NEW YEAR GUYS terimakasih yaa udah bertahan sejauh ini perjalanan masih panjang masih banyak banget yang perlu dikejar dan selesaikan Semoga ditahun ini semakin bisa bersyukur menerima keadaan dan selalu mengusahakan yang terbaik;Netral
Hanya orang idiot goblok dan bego yng akan milih anis jd presiden;Hate Speech
Karena bias sendiri Ofc I love his personality I love when he act so loyalty and be kind to everyone Tambahan dia sayang banget sama orang tua nya Taehyung aslo a good musican i wanna grow up like him Punya banyak kesamaan sih sebenernya;Netral
Selamat tahun baru semuanya Terimakasih untuk dukungannya ditahun mohon bantuannya juga untuk tahun terima kasih happy new year;Netral
tapi jujur kalo konsernya udah skala stadium tu tribun atas paling worth it menurutku;Netral
This is really stupid of you to be blabbering this completely false thing What is Kafir and what should be done to kafirs please confirm;Abusive Language
Ffs why is it that the youngest sib always wanna munch on others snacks and shit like fuck you bro kau bukan duduk asrama pun hari hari boleh keluar rumah beli jajan babi betul la;Abusive Language
Tadi petang usha route cycling untuk pagi esok pastu terjumpa babi hutan Damn;Abusive Language
Terimakasih kerja kerasnya di sha kamu keren banget Doa terbaik untuk happy new year;Netral
Salah satu kandidat rapper yg oke menurutku tapi sayang ke elim Kadang bingung jg sama knetz bisa ngerumunin anak bp tapi pas live vote knp ngasihnya rendah banget;Netral
any sane person tau lah senayan bank dki halte sibuk bgt pastinya ga bakal mikir buat ngelakuin apapun regarding this fasum but the fuck now some of these provocators or idk who started it made this shit bangsat anjrit;Hate Speech
Anjing MBC i hate you fuck you Siapa yang salah siapa yang minta maaf Baru kali ini rasanya aku pengen ngehujat;Abusive Language
Happy New Year welcome semoga menjadi baik baik saja terimakasih sudah bertahan sampai sejauh inilt semoga tetap sehat dan sehat I LOVE YOU;Netral
And you re the reason why god created neraka hawiyah Fuck you and your fam and semua orang yang dengan kesadaran njilati lubang pantatlu dan semua yang bela elu FUCK YOU TAIK;Hate Speech
Bener bener pengen datengin tempatnya terus yg kayak gue lagi capek bgt sama semuanya plis gue pengen istirahat di sini boleh ya janji gak akan ngerepotin Just need a space from people i used to be with;Netral
fuck me fahrii Fahri dasar cebong;Hate Speech
manipulative as fuck jauh jauh anjing org kek gini dr kehidupan w amin paling keras;Abusive Language
Bangsat lo i hope you rot in hell you fucking piece of shit;Abusive Language
btwsiapa putera selangor yang at IG tu wehhbabi acacah gilagamba penuh dgn pose ala ala bitch gedikheh;Abusive Language
Kampret aja semua Cuma rebutan jadi pimpinan tidak ada gairah menjadi pemimpin yang hebat Shit;Hate Speech
happy new year selamat mantemaaann semoga di tahun ini kita semua diberi kesehatan yaaaa sehatsehat semuaaa semoga apa yang diharapkan bisa terwujud semangat;Netral
Happy New Year alias Selamat Tahun Baru everyone yg udah ganti tahun menit kembang api sahut menyahut Kapan selesai Anak bayi kagetan ini;Netral
happy new year all selamat menjalani kehidupan dengan ppn ajege bgt foto yg lain nyusul kalo aya dah upload ke gdrive;Netral
aneh bgt babi kapal delusional merasa ada peringkat fuck;Abusive Language
kak salsaa i hope u r always feel okay but if u not aku harap kakak tetep semangat dan gak berhenti buat berjuang u really deserve to be happy no matter what kalau capek istirahat dulu ya jangan pernah ngerasa sendiri owkay cuz u have me ily bahagia selalu;Netral
BUTTERCUP LO GAK BOLEH NGOMONG GITU kalo lo ga good looking bukan berarti gada yg suka sama lo bukan berarti lo ga beharga ya pokoknya gua gamau tau lo itu berharga lo itu cantik JANGAN NGOMONG GITU LAGI I LOVE U AND U DESERVE TO BE LOVED;Netral
My future MIL offer nak belanja baju so terus on Zalora zup zap add to cart sebab semua collection cantik amp tgh sales Of course guna shopback so i can save more ps will be great if Kak Iman pun belanja saya;Netral
nih next ya lu pada di kalo kaga ngerti soal politik terutama saat pemilu MENDING GOLPUT AJA ANJING kaga usah sotoy ngentod;Hate Speech
Aku sayang diriku dan aku sempurna dalam tidak kesempurnaanku Bahagia dalam kesakitanku kuat dalam kelemahanku dan cantik dengan caraku sendiri karena aku adalah aku dan aku sudah melakukan yang terbaik thank u sm;Netral
Selamat menyambut tahun baru Jangan sesali masa lalu jangan khawatirkan masa depan Hidup dan nikmati masa sekarang Selalu ada asa di tahun yang baru Happy new year;Netral
Nak pukul budak pejadahnya kaki macam ni babi fuck;Abusive Language
Pgn di double fuck kayak gitu Di fuck sm kontol gede Ada yg mw ngedouble aku;Abusive Language
I dont care Fuck Tai anjing emang lo tolol bodoamat gue ga peduli lo siapa anjing gue benci bgt sampe mampus pokoknya;Hate Speech
No no dont be like this u deserves to happy to be loved to be everything Semangat cantikkalo ada apa apa cerita aja ke gua gua bakal bantu sebisa gua seli love uINGET JANGAN LUPA CERITA KALO ADA MASALAHMARANI;Netral
happy new year untuk diriku semoga semakin baik kedepannya dan terimakasih satu tahun kebelakang telah bertahan makasih untuk tidak menyerah makasih aku;Netral
Well damn okay then;Abusive Language
Kalian abis itu berantem ngga Saling marahan ngga Kalian jadi emosi ngga Kalo nggak menurutku masih ga masalah soale perbedaan prinsip ae iku Jujur kadang ga nyaman sih lagi lungguh Nang taman atau tempat umum diparani pengemis Ono x;Netral
Selamat tahun baru Semoga tak galau selalu Yang kau usahakan disemogakan Tak hanya meminta tapi lupa tabiatnya Segenap admin mengucapkan Happy New Year;Netral
mantap akan hati dan diri bahwa tujuan menikah tu gasan ibadah suami dan istri harus saling menjadi rumah meskipun belum bisi rumah secara fisik karena pernikahan menurutku perjalanan memaafkan seumur hidup;Netral
cuma para BSH idiot bin goblok macem admin yang sampe hati mempolitisasi bencana shame on you dude;Abusive Language
cewe cewe kontol bajingan sialan anjing bangsat musnah anjing yang begini masih harus women support women no way bitch mending lo semua pada jait urat malu lo pada bangsat jiji bgt ngentot;Hate Speech
damn la teaser nampak sial semua kaitan dengan mv babi la apa theory baru bodooo;Abusive Language
bandung lautan api jilid stay safe temanteman yang masih di titik aksi my prayers are with you all fuck the government and the cops;Hate Speech
bitch stop speaking to me in german i don t fucking understand lah babi;Abusive Language
I think woh kafir tou nahi kehlaatay;Hate Speech
SHIT ANJING BANGSAT;Abusive Language
Ngeh kenapa perbuatannya ngejelekin dan ngefitnah mak gw kemanamana itu salah aja juga nggak kok Anggap dia orang idiot atau orang gila yekan Tapi sayangnya meski si bangsat ini tukang fitnah dan tukang nginjeknginjek mak gw tetap aja dia anak sulungnya mama yekan;Hate Speech
Ngga kak Menurutku hd remini kurang natural mungkin lebih mirip kyk hdnya meitu;Netral
ciomy paling suka yg ciomh AYAM KEJU PEDAS ENAK BGT WOY buat yg suka kuah creamy pasti suka untuk cuankinya ya kaya cuanki biasa yg ayam pedas pun biasa menurutku ada jg yg kari tp aku blm pernah praktis bgt tinggal tambah air panas gaperlu;Netral
Nilai IQ idiot imbisil tolol dungu bodoh normal pandai genius IQ gt;Abusive Language
YA KAANN padahal dia menurutku dah gede gitu eh menciut rupanya sebelah yin Kalau sendiri dia bikin orang kegilaan emang;Netral
capek selain pretend to be happy ku juga hrs berpura like everything is okay eventho its not makin makin dah tuh capeknya;Netral
I mean what the fuck sekali tak teman pergi mall pon dah nokhorom anjing tarik muka and start tak bertegur;Abusive Language
Di hari terakhir ini menuju hanya ingin mengucapkan Pemrentah kontol dpr kontol netanyahu kontol assad kontol putin kontol jinping kontol trump kontol elon kontol buzzer kontol pelaku ks kontol pusu kontol ppn kontol Fuck next year will be even worse;Hate Speech
Ketika kadrun dan cebong bersatu Stupid bergerombol;Hate Speech
hepi weding selamat new year yh pren bismillah tahun ini lulus sbm ya pi be happy yh pren SEMANGATTTT LOPYUUU;Netral
Ga kelarkelar ya kbs ke goblok annya So a mess heartless stupid Tahun depan kalo ngga ada evaluasi gausa adain aja;Hate Speech
big ew banget ngeshare story template silahkan unfollow jika memang tidak suka namun saya bangga dengan profesi ini mau muntaaah as you wish btw lu bukan siapasiapa gue timbang unfollow doang dengan sangat senang hati;Hate Speech
Foto vidio rekaman suara kga bisa di hapus eh gahar hati kga ngebolein wae bangsat fuck lah;Abusive Language
Hai Kak maaf jika penyesuaian harga dan benefit membuat tidak nyaman Penyesuaian harga ini kami lakukan untuk pengalaman internet yang lebih baik Kami pastikan kualitas tetap prioritas Ada banyak pilihan paket internet dari IM Kakak bisa cek berkala melalui aplikasi myIM;Netral
HAPPY NEW YEAR GAISSS terimakasih buat sedih bahagia dan banyak lagi kejadian yg terjadi di ini and welcome to semoga tahun ini lebih baik di tahun sebelumnya semoga di tahun ini membawa lebih banyak kebahagiaan dan keberuntungan untuk semuaa orangg;Netral
fuck tak nak lepak cakap dari awal babi;Abusive Language
DEWAN GOBLOK NGAKAK ANGGOTA DEWAN IDIOT MEMALUKAN BANGSAT;Hate Speech
Ini cantik bgt siiiii kayak yg ngirimmm Thanks to u miciii Wishing the best for u sengkuh sehat sehat yaaa;Netral
punya temen bulan jalan sama banyak cowo berbeda ke gampang bgt emang cantik si u;Netral
Dasar VIKING GOBLOG IDIOT TOLOL DAN MENJIJIKAN masa ngajakin psywar malah blunder sendiri hahaha;Hate Speech
babi i cried like shit sia JSJSJSJ;Abusive Language
dulu aku punya ketakutan kek gini menurutku kalo kamu masi pengen kpop an pas nikah jangan lupa dukung suami kamu juga buat ngelakuin hobi yg dia suka maksudnya biar fair kamu ttp hobi kpop an dan suami ttp punya hobi yg dia suka;Netral
KKM is a fucking entity how does one bully an entity you dumbfuck sial semua cytro madani moga mampus lah sekor sekor anjing taik politik;Hate Speech
Malay that talk shit nonstop about kpop acting so religious and i was wondering they didnt eat pork but why they act like a babi;Hate Speech
Gemeteran oh my god what the fuck gue udh mau marah marah karena hard pity anjing astaga orgil wtf;Abusive Language
Om war mohon maaf yah mau nyampah Buat cowoknya situ oke Hidup lo mokondo bgt Bacot lo busuk bos Lebih baik lo bayangin aja gmn kl adik lo kakak lo keluarga lo atau mungkin nanti anak lo yg blm lahir diperlakukan sama Damn i would love to see u suffer bro;Hate Speech
WHAT THE FUCK DIBUNGKAM COKKKKK;Hate Speech
Naon atuhRT IrmaaaaDR SENA SIA ANJING GOBLOG IDIOT TOLOL IBLIS BEGO BABI SETAN;Abusive Language
Selamat Tahun Baru Happy New Year Yang mau dibuatin video shopee bisa bangeet yaa langsung DM or reply Free Fast Respon;Netral
IYA FUCK KENAPA SI SM ANJING BGT;Abusive Language
I entered the toilet took a shit and came out after Im done and out of no where bryan says babi apa kau ni berak sampai dah masuk tahun baru I was puzzled so I looked at the clock it was am on New Years Day;Abusive Language
budak budak lgbt ni babi Lancau Gampang Bangsat Taik Qimak fuck off sial;Hate Speech
Padahal liat thrift shop setipe yang jualan morikei morikei ini palingan ya masih range k an itu aja menurutku udah overpriced dan ngeliat tuh perputarannya cuma antar seller jadi yang hunting di thrift pinggir jalan paling modal k nanti dijual lagi dan dijual lagi;Netral
Shit Anjir gua baru liatttt kampret emang;Abusive Language
Bego fuck tolol pffftlkampret jt pounds kebuang sia;Abusive Language
fuck i hate this movie so much like gila babi benci annoying sial took me almost years to recover from my hatred towards cat;Hate Speech
Happy new year hana terimakasih atas kerja kerasnya;Netral
Heard from his friend that he miss how I fuck;Abusive Language
Fuck srael fuck orang yang netral fuck orang yang dukung srael Anjing;Hate Speech
dasar tolol stupid;Abusive Language
SIAL BABI BUDAK TU TENGAH MAKAN SIAL FUCK BODO PARENTS MACAM NI;Abusive Language
KENAPA KITA YANG DIPAKSA UNTUK JADI THE BIGGER PERSON TERUS TUGAS MEREKA APA KITA YANG DITINDAS DILINDAS LALU KITA YANG HARUS TERUS MERANGKUL APA MEREKA PERNAH MENGAYOMI FUCK YOUR FAKE ASS MORALITY BULLSHIT;Hate Speech
ANJING MY LITTLE BITCH DIPANGKU MOSTIMA GANTENG GW NGENCES;Hate Speech
setelah di bujuk sama semua temen yang ada akhirnya aku aktif makasih setelah putus banyak juga ya yang sayang sm diri ini banyak yang peduli ternyata yaaass i deserves to be happy amp so do you guys;Netral
WHAT THE ACTUAL FUCK Media beneran dibungkam;Hate Speech
Tbtb nemu ni foto Menurutku yo AKU NK FOTO IKI AYU BGT PLIS VERY VERY GORGEOUS I LOV MYSELF Minus rata dikit tapi bukan minus lah;Netral
My twinnies senang sekali bisa bertemu dan bercengkrama dengan wanitawanita cantik ku sambil berkaca hihi luv u ol;Netral
ada yg punya pengalaman kerja sebagai operator di pabrik pabriknya gitu ga guys aku fg S SPd mau lamar disitu boleh reply yaa aku mau tanya tanya hehe terimakasih all work;Netral
Iya nih mas masukin lagi sayang aahhhh aaahh sshh jjllleebbb aaahhh fuck hard memek mu lagi;Abusive Language
INI KENAPA SIH BABI YANG BILANG IH GA MIRIP BARU PERTAMA AJA UDAH SALAH blablabla fuck pdhl mirip atau engga nya tuh tergantung cara pandang orang dan terserah dong yg buat thread mau nganggep mirip atau engga jg bukan minta persetujuan kalian;Hate Speech
Oleh karena itu well fuck you Dasar pemain brengsek cuma mau main midcarry Main goblok sok ngatur Noh timtim pro yang jadi kapten ya yang support peler curcol seorang support;Hate Speech
Mana ada bagian dari rakyat yang melindas rakyatnya dengan nirempati Polisi yang bersama rakyat tugasnya hanya MENERTIBKAN Tujuan demo ke gedung DPR demonstran perlu DITERTIBKAN dan DIJAGA supaya tdk ada chaos BUKAN MALAH DIBUNUH FUCK YOU FOR DEFENDING THE POLICE;Hate Speech
Normies call people who believe in crypto TOLOL in Bahasa Indonesia means STUPID Do you agree with that;Abusive Language
aku sayang half blood dragon pokoknya kmu hrus bahagia ayo hidup bersama raon cale dan yg lainnya PLIS DIA HRUS BAHAGIA if he is going to be dead later I WANT HIM TO DIE PEACEFULLY AND NOT WITH PAIN;Netral
Happy new year bagi yang merayakan Selamat ulang tahun;Netral
You are stupid as a piece of shit Kuaja Yes Babi Definitely Menyampuk Fking definitely Tak tahu cerita tapi bising Fking yes out of Fake woke Absolutely Bertamadun Nuhhhhh;Abusive Language
Otok tepu babi bambra fak shit;Abusive Language
Wapres idiot dungu goblok;Hate Speech
AAA KYUUUT TERIMAKASIH HAPPY NEW YEAR JANGAN LUPA BAHAGIA;Netral
Bawaslu tai kucing tai anjing fuck pemerintah rezim jkw TOLOL;Hate Speech
yes baby aaccchh accchh aacchhh ssrruupp ssrruup eellmmpp ellmpp ku fuck hard memek km baby;Abusive Language
kepala kau anjing phobia my fucking ass your face scares me how about you out a big ass tw for that first dumb bitch;Abusive Language
Dia sudah membayar dengan masuk penjara karena kata idiot Kata Idiot for god sakes negara macam apa ini Sekarang dia bebas mau apa aja Anda jauh lebih parah mengatai orang masih bebas aja Mengatai cara beragama muslim kayak anjing;Hate Speech
BANGSAT HAHAHA Baru ngeh gue Makanya be careful brother shits wild out thereliterally;Abusive Language
You are that desperate of trying to make rasulullh false Subhan Allh proper kafir you are We will never lower him like Gulam Al kadhaab I asked you a simple question how many companions went with him on pilgrimage Immediately youll stupid;Hate Speech
Siapin pasang PO di tgl sama aja teh Itu tanggal rawan Zio pengalaman pegang olshop yg orderannya tiba membludak puncaknya kena puluhan cancel gara lupa restock bahan baku terlalu fokus maketinsemangatt semangatt;Netral
Mbak Jili ketawanya keras banget pengalaman ya;Netral
Menurutku masyarakat digital membawa kemajuan besar seperti akses informasi instan inovasi ekonomi dan konektivitas global Namun ada tantangan seperti hilangnya privasi penyebaran misinformasi dan kesenjangan akses teknologi Secara keseluruhan ini evolusi positif jika;Netral
You and Everything Else Ini dari posternya aja udah scream fokus ceritanya ke friendship sangyeon eunjun ya tp aku lebih menikmati scene percintaan eunjun sanghak menurutku mereka manissssss bgt sayang bgt harus putus gara sangyeon;Netral
iloooo kamu ultah yaaa happy birthday ya ilo sayang lt wish u all the best selamat makan enak enak hari ini may every new chapter be better than your last ya ilo;Netral
Gimana pendapat kalian tentang seseorang yang nunggu kepastian dari orang yang dia sayang selama kurang lebih lima tahun lam how lucky she is kalau gajelas tinggalin aja dont be too hard for yourself try to find someone that will love you like;Netral
disarankan oleh DIREKTUR utk memperbolehkan anggota menggunakan senjata what the actual fuck is happening rn monyet lu bukan lagi ngelawan bangsa israel ya dongo;Hate Speech
Menu utama hari ini kita bikin Telur Tomat resep dari Chenle yang pernah viral dulu Kali ini diubah dikit pake cabe soalnya lebih nikmat makannya Enak sih menurutku kali ini balance antara asem asin amp manisnya pas definisi bakalan recook terus ihiww;Netral
Tampang sih boleh Baby Face tapi sayang kelakuan lo BABI FUCK ehh;Hate Speech
Fuck ah bangun lambat Dua kali dah sidai nak buat ic Bangsat betul la;Abusive Language
info loker bekasi Urgent Dibutuhkan guru les bahasa inggris Syarat memiliki pengalaman mengajar bahasa inggris fasih dalam berbahasa Inggris baik secara lisan dan tulisan menguasai bahasa Inggris dari tingkat SDSMA dan umum domisili sekitar Bekasi utara;Netral
rot in hell kalian semua aparat tidak bertanggung jawab merugikan rakyat dengan sikap bodo amat memang benar kalian layak dipanggil keparat najis;Hate Speech
Alhamdulillah semoga pasukan popok tolol idiot cepat punah semua;Hate Speech
Selamat pagi dan happy new year Semoga ini menjadi tahun yang baik untuk kita semua;Netral
Itu yg kemaren buat snap bilang Selamat Natal haram dan skrng ngerayain tahun baru mksdnya apa ya bangsat Btw Happy New Year gengs;Netral
Time out shit does not work at least not for him;Abusive Language
babi bersayap stupid netizens;Abusive Language
Happy new year kakkk Selamat istirahat semoga besok menjadi hari yang baikk;Netral
pukul jpgi nak jumpa orang suka sangat tak tepati masa fikir diri kau je fuck im so not mood lah sial bodoh pastuh nak memarah aku apa lancau tau bodoh babi pukimak betullah;Hate Speech
Babi lah fuck off;Abusive Language
Kadrun sama Cebong kalau ngumpul Kaya stupid bergerombol;Hate Speech
Edeh anjeng fuck dah buat Babi rusak kaset namanya RT Banyak cara yg bisa dilakukan untuk merayakan mal;Abusive Language
FUCK LA KAT ALI MAJU KLIA BUKAK FROZEN AHHHHH AKU DAH HABIS MAKAN MASALAHNYAAAAA AAAAA BABI BABI;Abusive Language
Finally the truth need to be spoken out loud Jadi negarawan itu tidak mudah dibanding Soekarno Hatta lebih condong disebut negarawan Sayang negara kita makin paceklik negarawan bisa dihitung jari JK sudah membuktikan betapa beratnya jadi negarawan belyo pun ndak sanggup;Netral
Eyyy ngentot Dia jg yg bawa Perancis juara piala dunia Fuck bangsat Bocil kematian gak pernah baca sejarah;Hate Speech
Cebong idiot itu kalau jujungan nya dungu dan idiot ttp aja di bela;Hate Speech
Kat selekoh tetiba nampak anjing memgawanshit Haha;Abusive Language
Sayang banget sama Kak Ura Thank for ur every single song that make a deep mean about love life and also how to be grateful Sehat selalu kak semoga selalu bahagia bersama sayang nya;Netral
he was literally THE winner of teen superstar talent show back in thailand and was damn famous yet yall reduced him to a jamet bangkok lol bangsat semuanya;Hate Speech
to be honest semalam punya dinner di EampO Penang hotel aku rate out of not so many choice masakan dia mcm xcukup spice bagi aku rasa sayang resort still de best dia punya food;Netral
Bila nak mencarut tapi tetiba mak lalu akan jadi Babibapak Butuhbodo Pukipokemon Fuckfish Cibaicabai;Abusive Language
happy new year everyone tahun ini kalian udh melakukan dengan sangat baik terimakasih karena masih hidup sampai hari ini terimakasih karena tetap mau berjuang sampai hari ini u did well guys lets still alive for a long time ily;Netral
Motor anjing Udah tau macet msih aja ngebutngebut nyerempet lagi Shit;Hate Speech
NILAI NIRMANA W JELEK BGT ANJING AU AH CAPEKKKK CAPEK DGN SEMUANYA CAPEK DGN HIDUP PADAHAL INI PERTAMA KALI W HEPI SM KERJAAN NIRMANA W AU AH FUCK YOU DKV;Abusive Language
Fuck blh in jilat in memek ny WA az;Abusive Language
shit men wkwk aku bacanya memek;Abusive Language
Fuck aku ni engineer ke kerani Cb keluar pergi site kena maki sebab katanya aku kena duduk office je Anjing macam mana nak buat design kalau tak tengok site Fuck off;Abusive Language
Ada yg ilang ja RT Shitshitshit A nightmare Rumah gw kebobolan maling Anjing;Abusive Language
bangke nie orang lama bangetFuck;Abusive Language
Aku kembali dengan semangat baru dan cerita baru Karena yang tlah lalu biarlah berlalu Terimakasih banyak hal yang harus aku revisi lagi di tahun ini Semoga tetap menjadi pribadi yang terus lebih baik lagi Happy new year;Netral
semoga aku dapetin ini buat keberuntungan akhir tahun dan kaak diska semangat terus nulisnya tulisan kakak itu bagusss semuaaa aku suka semua au ka diska semangat trus ya kak happy new year ka disss luv u;Netral
babi shit;Abusive Language
bruh pulun babi malam ni gentle tak tipu fuck;Abusive Language
Fuck lah luRT Oh bukan buat gua kirain buat gua bro sorry sorry wkwkwk kontol lah lu Gua injek lu emang g;Hate Speech
FUCK POLRI FUCK TNI FUCK DPR FUCK THE PRESIDENT amp SELURUH JAJARANNYA GW JADI GABISA NGE HYPE JIRA MY BABY YG LAGI NGE PUNK INI DENGAN BEBAS ANYINGG;Hate Speech
orang tolol tinggal di korea bertahun gak bikin dia jd natives kali shut the fuck up;Abusive Language
ohhohh idiot ohpantes dibilang cebong sejak kapan manucfacture ngancingin mobil pake kunci T di prooduksi perakitan bongtolol ga pernah kerja di pabrik perakitan ya bong;Hate Speech
auror kelasnya oke banget kalau untuk peminatan sih menurutku kalau jurusan tetap lebih enak ministry;Netral
Yayoi ini menurutku kaya cerita tambahan aja sih utk sedikit mengungkap ending bahagia yg dimaksud org pulau utk Miyuki Jujur ya agak ngeri waktu tahu kenyataannya terungkap juga soal tumpukan salju yg ditumpuk Tatsuya sama Kazama di Ruang Salju mereka;Netral
These Mulvies were against Pakistan Called Quaid kafir Then started chaos in changed the ideology and doing the same shit in Sick to death of these socalled Mullahs;Hate Speech
ha senang la buyers semua collect kat cse je kitanya sedikit malas nak post or jumpa separately;Netral
Si amat baru bli sal kmaren RT Bitch please Masa ngga jadi anjingggg amat Amat aja kaga punya anjing;Abusive Language
Bulan Mac aku ke Melaka untuk melancarkan novel Natalia Novel yang aku letak effort gila babi selama tahun Asalnya novel tu bertajuk Diari Seorang Diktator tapi sebab aku dah fuck kiri aku tukar jalan cerita yang lebih mainstream;Abusive Language
jaemin happy new year by terimakasih sudah kasih kebahagiaan di tahun ini semoga di tahun depan kita jadi pribadi yg lebih baik lagi and ya semoga aku bisa dikasih kesempatan bertemu kamu secara langsung amiin i alwys love u kemarin sekarang dan seterusnya;Netral
To Happy New Year uri sebongie terimakasih sudah melewati dgn sangaaaatt baik walaupun ada waktu dimana kalian merasa berat susah dan sedih tapi kalian bisa bertahan dan tetep full of energy;Netral
Raperda zaman Ahok RZWPK Makanya tolol jangan dipelihara Baca berita miskin Buzzer miskin idiot iq rendahan;Hate Speech
BANG SADAD HEHEHEHE LU DEMEN BANGET NGELEDEKIN GUE ANJ tapi gue tau sebenernya lu tuh sayang sama gue tapi gengsi buat ngomong makasih buat jiwa toast n gopay yang u tf ke aku be happy ya jujur ku malu buat bilang ini tapi glad to know you n i love you;Netral
fuck aku nak nangis aku takleh log in windows kat laptop sebab lupa password babi babi babi babi babiiwqnaoaieheiwu;Abusive Language
biasa sih LinkedIn kak tapi wktu aku awal banget fg coba lamar di web nya mereka amp sih kak krena emg uda feeling stuck aja posisinya wktu itu dan iseng aja apply dan ga expect bakal diterima jga krena memang aku minim banget pengalaman wktu itu;Netral
aku aku nangisin ini semua i feel sorry karena banyak korban berjatuhan i feel sorry karena banyak yang anarkis i feel sorry karena harus ada kambing hitam demi pengalihan i feel sorry karena gabisa berpihak penuh aku merasa salah krna karena jiwaku ditengah;Netral
Happy New Year Selamat Tahun Baru Page of ku awali dengan Bismillah semoga tahun ini jauh lebih baik lagi dari tahun sebelumnya;Netral
the fuck polisi sekarang jadi pembunuh apa gimana dah;Hate Speech
happy new year buat followers mimin tercinta terimakasih untuk temen yang udah follow akun ini setia mantengin akun ini dan makasi banyak udah support akun ini luv u gez;Netral
what the fuck lah apa kata ANJING;Abusive Language
Goblok stupid;Abusive Language
Hehe goblok Mereka da nyerang di stadion Goblok tolol amat diliat profil lu udh gede tapi ga bisa mikir bego amat bro konteks nya WC U di WC didalam stadion ada yg nyerang suporter lawan Jgn tolol gan idiot banget bahkan suporter Argentina yg anarkis ga ada nyerang spa;Hate Speech
fuck new year gua mau kontol;Abusive Language
amerika kontol menang di omdo doang cuiihhh fuck;Hate Speech
Extremist Muslim are fucking joke Fuck underaged kids men having sex with men drink alcohol doing rasuah pergi bomoh but u still back home as Muslim preaching people on website But when Muslim said Merry Christmas terus kafir Woww looks like my ustazah;Hate Speech
WHAT THE FUCK IS WRONG ANJING;Abusive Language
Okefix BHAY Kampretlu jah wkwk Apaansii idiot jessy memang kok wkwk Baiknya kamu ya jahh baik bangetttt;Hate Speech
Selamat pagi Ibu Menjadi perhatian kami perihal laporan yang disampaikan Saat ini upaya maksimal sedang kami lakukan dalam percepatan penanganannya agar dapat segera normal kembali Mohon maaf atas pengalaman yang kurang menyenangkan ini Terima kasih TP;Netral
Fuck sial jantan tak guna babi Eh bodo la ekor setan ni;Hate Speech
shut up you dumb fuck I hate fucking red neck retsrds;Abusive Language
Balik kampung makan enak ngga ada wifi Stay di kos ada wifi keuangan kaya anjing Damn;Abusive Language
Stupid people padu ro yang e neng tempat umum oh shit tolol bet;Hate Speech
SELAMAT HAPPY NEW YEAR DARI AKU YANG TELAT NGUCAPIN HBD;Netral
leeseo you don t deserve any of this stupid shit sia bullying ive macam normalize gila yall never learn babi i just hope ive will become bigger biar semua menggelupur;Abusive Language
Losing someone we love is part of life we have to be prepared Kehilangan orang yg kita sayang memang bagian dr hidup kita harus siap;Netral
Kampret itu pas lagi lari hape ikut lari keluar kantong dan nyungsep hampir nyemplung ke kamar mandi Damn;Abusive Language
maklum cebong emang idiot;Hate Speech
aku nak cuti lagi Benci sekolah Fuck Bangsat;Abusive Language
Babi Alderwielder tak main Fuck;Abusive Language
Ye babi benci gila sial sakit hati im not trying to invalidate their feelings tapi boleh fuck off kot;Abusive Language
ya gatau si nder menurutku keputusan resigntdk itu ttp ditangan kamuuu;Netral
ANJING TOLOL IDIOT BANGSATTTT WOI SUMPAH KL KETEMU GUA MAKI MAKI LU;Hate Speech
two states solution menurutku bullshit bgt gimana caranya bisa share satu tempat sama negara yang ngebunuh beribu garis nama ya Allah;Netral
Its okay la anis maybe mistake kita makan banyak sgt ayam fm lately sampai tak perasan tu actually processed food Lepas ni makan ayam bakar bakers cottage;Netral
kaya yang sedih bgt anjing gangerti gue dia ngeprank kita apa emg sengaja terakhir ngucapin biar as fuck cute ala jancok Edgy gitu;Abusive Language
FUCK BABI ADA GAMBAR NGAN NA WOOCHAN KE SIAL;Abusive Language
dijadiin anak idiot sama ade ade gua tolol;Hate Speech
happy new year all semoga di bisa menjadi pribadi yang lebih baikk untuk terimakasih banyak pelajaran hidup yang terjadi di even though is not the best year thank you for teaching me to be a better person buat yang ulang tahun happy birthday yaaa;Netral
Eh GORILA LUTUNG RAKSASA IDIOT ITEM GOSONG KAYA PANTAT PENGGORENGAN trus ini apa BANGSAT;Hate Speech
aku gak akan lelah buat mengingatkan berkalikali tentang hukum tabur tuai ntah itu anak kamu istri keluarga sahabat atau bahkan kamu sendiri yang akan merasakan benih yang telah kamu tanam Gusti Allah mboten sare God bless Indonesia;Netral
Tidak bisa dihindarin KAMI BERTANGGUNG JAWAB APANYA ANJING MY ASS TANGGUNG JAWAB SUMPAH MATI AJA KALIAN SEMUA;Hate Speech
tau indrii idiot Apasih kak Indri RT ihhh anjing twitter gw di bajak;Abusive Language
Tw harshword BAJINGAN BANGSAT FUCK ANJING KONTOL ANJG NANGISSSSSS FAKK FAK HORI AJA NANGIS APALAGI GUE BANGSAT;Abusive Language
Nah kan idiot Suaminya jelek Muka kyk kumon Feminis itu emng tolol tolol ya Hahahahaha;Hate Speech
Fuck sial babi;Abusive Language
Total ada rasa yang menurutku beda sih dari donut lain Btw aku suka konsepnya kayak donat prasmanan gitu jadi ambil sendiri donatnyaa;Netral
Happy new year kak smga tahun ini kita di jauhkan dri orng yang suka salpakk jngn terlalu tanggepin orng kek gtu kak mrka mahh klo mkin ditanggepin SELAMAT TAHUN BARU JUGA SENDERNIM hahshah aamiin kadang nanggepin tuh;Netral
happy new year sist mba cantik bgt skjsksjsk saya suka editan mbak;Netral
Happy new year selamat datang semoga hal baik selalu datang bersykur and happyweekand di tahun baru;Netral
SETUJU KAK TIK bukubuku heartwarming menurutku juga memang tipe bacaan slowpaced yang sengaja hadir untuk memberikan kita kesempatan menjeda dan memahaminya perlahanlahan;Netral
najiss amit najissss padahal sama perempuan tolol goblok idiot;Hate Speech
ada ga sih yg bisa kasih tau react yg proper masa bikin kebijakan yg bakal menambah korban Deeskalasi segera;Hate Speech
Fuck tiktok aplikasi goblok;Abusive Language
maaf abi moal tiasa deui nga bls sms maksud nya dari semua itu apa anjing lah merda n fuck;Abusive Language
context blio bawa candace lv ke domain terus akhirnya mati terus si childe jg mati tp dia nyemangatin gitu trus si blio ini bilang shut up youre useless too bitch LOOK AT U BEBANNNNNFUCK YOU ANJING benci bgt ketemu org kaya gini di coop sorry lg dapet gue emosian;Hate Speech
Kampret bgt Komik naruto libur shit;Abusive Language
I sense this infiltrate org and gov But in Indonesia maybe in they always use these words dog pig kafir bastard stupid fool dumb etc and with death threats;Abusive Language
after months and u gave me this kinda shit anjing lo;Hate Speech
Fuck stress gila babi stress fuck u earphone fuck;Abusive Language
yang mungkin kakak belum sepenuhnya memahami btw apa cara komunikasi dengan bahasa seperti saya ini bisa dikatakan sopan atau menurut kakak masih kurang ya have a nice day semangat ya kak belajar hal mungkin baru buat kakak;Netral
to halo syaa ini gue makasi banget ya syaa lu udh nemenin saat gue mau brbagi critaa lu kapan mau crita gue jg siap ko dengerin crita lu syaa always be happy yaaa good night jgn kmn yaaa love u syaaa huwee sayang polll;Netral
Shit Pagi sdh nangis anjing;Abusive Language
Goblok bgt kamu dafi u and ur stupid mouth bener ya;Hate Speech
menurutku struktur mukanya sama semua beda warna sama wig aja Beda sama kishimoto yg beragam;Netral
cobain gunung sumbing experiencenya beda dr gunung yg lain menurutku;Netral
Happy new year sobat twitterku terimakasih ya kalian udab bertahan samle saat ini Semoga tahun ini menjadi tahun yang lebih baik dari sebelumnya;Netral
bnr anjing self esteem amp ego gue babak belur gini men ain t shit rot in fucking hell;Abusive Language
Why the fuck amateur shots are being inspected with professional settings Babi;Hate Speech
pengalaman aja nih nemenin cowo yg punya utang juta krna main slot gue langsung cabut nder just in case lo mengalami hal yang sama yaa;Netral
Listen here you little shit gumang cuma pengen batu nisan bernama buat pasukannya yg gugur Mereka gugur demi Chonghua Dia pengen pasukannya dapat pemakaman yg layak itu dang Lu kaisar anjing;Hate Speech
Eyyy lancau lucaspeebo fuck geli babi bapuk indon shit;Abusive Language
anjing promo mana kemaren gua baru beli fuck;Abusive Language
Kirain mimpi knp beneran ajg GOBLOK stupid;Abusive Language
IR WHAT DECEMBER EDITION Halo Hlers Pada bulan terakhir di tahun ini konflik seputar Israel dan Palestina masih menjadi salah satu topik yang menjadi perhatian dunia internasional yakni mengenai permasalahan kemanusiaan;Netral
pilihan nomor sebenarnya ok juga kok kakdi awal gaji di bawah UMK gapapa asal kesepakatan pihakdgn adanya karyawan skala usaha pasti naik krn kamu bisa mikirin marketingpelan naikin gaji karyawan sesuai kenaikan omsetits fair enough menurutku;Netral
Cantik dan Manis she is Kyla Last Love Sign to fans as member JKT Team T from on teater Selengkapnya full Video utk Zoom mode Pelepasan Kabesha Hasyakyla;Netral
menurutku sana dari Twice aura centilnya itu loh oikawa banget;Netral
orang tolol bego goblok idiot;Hate Speech
Udh goblokpekokmasih idiot lg;Abusive Language
Ya Jokowi memang punya latar belakang bisnis kayu dan furnitur sejak muda sebelum terjun ke politik Penunjukan di Bloomberg New Economy lebih fokus pada pengalaman kepemimpinannya sebagai presiden Kabar main kayu mungkin cuma rumor tapi bisnisnya nyata;Netral
Fuck this life the life in question hidup nyaman ditengah ketidakstabilan negara DIKAWAL otw kemana Main kerumah caca;Hate Speech
SIAPA YANG BAKAR amp JARAH BENERAN JANGAN SENGAJA TUNJUK PENDEMO SEBAGAI KAMBING HITAM Mereka yg demo mewakili suara kitakita juga warga yg marah Gak pernah saya persoalkan soal imbasnya tapi TOLONG LAH Jangan main framing seenak jidat;Netral
AAAAAA HAPPY NEW YEAR BUAT KITA SEMUAA TERIMAKASIH UDH MELEWATI DENGAN BAIK SEMOGA TAHUN JADI LEBIH BAIK LAGI DAN KITA SEMUA HAPPYYYYYY;Netral
babi cannibal Fuck lah susah doh study nii Pishang sial;Abusive Language
Halo aku selalu percaya kamu orang yang kuat dan terbukti tahun ini jadi tahun yang cukup gila buatmu dan kamu masih bertahan dengan baik Makasih sudah berjuang selalu btw doain aku ga ada halangan dan verif sts u tahun depan;Netral
anjing sender babi i GENUINELY hope you will get ZERO peace for the rest of your life i hope both sides of your pillow are hot as hell i hope you sprain your ankle i am wishing you all the bad things in this world bcs i DESPISE people who harm innocent animals fuck you sender;Hate Speech
sender lo sakit jiwa lo sakit da real tolol idiot goblog bego aduh anjir apalagi hina yang lebih hina dari sampah gua tunggu ya karma lo gimana;Hate Speech
Anjing mcm kawan jg Makin lama makin laju tgk watch dah pace damn;Abusive Language
Yg muslim tolong liat videonya scara utuh Apa yg mreka ucapkan Klau hnya mlihat meme ya kyak cebong Stinggi apapun pendidikannya ttap idiot;Hate Speech
Haloo caratdeul aku gak bisa bikin kata kata yang cantik dan menyentuh hati tapi intinya aku sayang banget sama kalian semua makasih udah mau mutualan dan berteman sama aku yang cegil ini selama ini aku seneng banget bisa ketemu kalian semua terima kasih amp i love u;Netral
gw baru tau digicam mayan juga yah harganya gw ga pernah ada pengalaman beli trs skrg digicamnya rusak mau service takut bgt tbtb nominalnya di luar budget lt;Netral
Aku baran babi tak boleh nak render ni fuck la;Abusive Language
OVT FUCK Tolol Ngopo ndadak kedelok Goblok;Abusive Language
awkoawko dikasih tau malah tambah GUOBLOOOOK ngga ada malunya najis v cebong IDIOT DONGO TOLOL PARASIT SAMPAAAAHHH;Hate Speech
happy new year semuanya selamat memasuki tahun yang baru;Netral
Org idiot dia lah yg kerja emg pacarnya ada kewajiban apaan beliin dia Itukan pacarnya bkn bapaknya yaampun tolol pen kujambak;Abusive Language
Really niga you treated Me like shit ever since after cbus and dont talk about my mother;Abusive Language
Feliz navidad y todas esas mierdas;Abusive Language
Spread the word ini udah parah banget Jangan lewat daerah ini no matter what Lokasi Kwitang Jakarta Pusat;Netral
bila kau ada lesen nanti kau akan kata babi payah sial takde kete fuck;Abusive Language
One fine day u will get what u want u deserve to be loved dear And sayang seseorg tu jgn melebihi Pencipta sakit nnti jadinya Aiman;Netral
thats the idiot yg kata POLIS ANJING;Abusive Language
kaga ye a for anjing asshole;Abusive Language
pendapat tolol ini karena wowo jd kayak gini tolol org dpr itu mostly koalisi bukan oposisi;Hate Speech
If I Know Where Your Are Now God Swear Will Fuck You With Mother Of Julhasbi A Hasim Your rd Husband Shayttan Prostitute Kafir Woman Shame On You Hell You Cheated Badly;Hate Speech
fuck Im already laughing in the first minutes Lol Babi lah kelakar;Abusive Language
happy new year terimakasih karena telah bertahan untuk melalui harihari sulit semoga lebih baik;Netral
Aku susah tau nak tunjuk fuck dgn orang Tapi lorry driver tong gas kau mmg babi Ak kena langgar tadi aku hempuk kau dgn tong gas;Abusive Language
Arek idiot Kok cek seneng e yo aku di seneni wong tuoku Dirasani tonggoku Sabar ae wes di maklumi wong idiot utek e gak jangkep Tolol;Abusive Language
Ada mungkin orang yang menurutku kagum cinta kayaknya kurang tepat Terimakasih menjadi warna di ini yang sangat tidak disengaja Niat hati ingin menutup ini ehh ya terjadi begitu saja Terimakasih telah menaruh rasa suka yng sepertinya tidak aku balas;Netral
Happy new year buat semua semoga bisa menjadi lebih baik lagi dan good bye welcome to terimakasih buat kenangan yg telah di berikan di taun ini semoga bakal jadi lebih seru lagi dari;Netral
Actually niat sebenar bukan nak samakan Tapi fobia takut kecewa lagi sebab tu jadi overthinking and was was bila nk sayang someone I think im not good enough to be someone special hehe its okey;Netral
Yeayyyy selamat untuk kita semua yang sangat hsjsdjaj banget udah terlewat haha Mas Kavin be happy ya happy new year;Netral
FUCK U KAUM KAUM SDM RENDAH KAYAK KALIAN INI BENERBENER GOBLOK RA NDUWE UTEK DIKASIH PASLON YANG MENDINGAN MALAH MILIH MODELAN BEGINIANNNNNNN;Hate Speech
Ga usah di ladenin cebong dungu capek ngeladenin org idiot;Hate Speech
wah bul dikatain ama anak idiot RT anjrit gua kangen juga ama lo manusia hina haha ngatain mbul babi;Hate Speech
Kamu terlalu memuji Fujiokasan Saya cuma lihat dari pengalaman orangorang aja Betul kan masih banyak juga citacita yang mau digapai selain menikah;Netral
Gatau kenapa secara visual dan karakter nih bedua cocok banget menurutku nah kalo dami sama sangcheol cocok juga dari segi visual dan karakter sama imup tapi terserah nanti mau sama siapa asal jangan saling menyakiti;Netral
happy new year everyone terimakasih kepada jajaran cowo dan cewe kpop ku yang sudah menemani dan alhamdulillah terlewati semoga tahun banyak duit dan punya pacar kaya jeon wonwoo aamiin;Netral
happy new year terimakasih atas pengalaman naik turun senyuman tangisan kerja keras dan semua kenangan berharga semoga di tahun kita semua dapat melangkah maju dengan semangat baru;Netral
Babi alam Maya;Abusive Language
kok waktu prabowo ngsh kebijakan ngawur bikin proker gajelas yg dampak nya hampir seluruh indonesia ngerasain ga komen apa sat skrg demo sok bijak lu stupid people only sees the problem from what it appears at the time but does not know where it all started;Hate Speech
ya ngomong dong bangsat lu juga gapeka ya idiot;Hate Speech
Terima kasih dari banyaknya cinta yg kau ajarkan keikhlasan kasih sayang dan kesabaran I love u I will never forget how you teach me about to be a strong woman with kindness U are the best part of a gift from God;Netral
Udah bang kita harus sepakat itu orang orang idiot harus ngerasain karma atas perbuatan dia yang biadab terlepas anda sekte pemakan daging anjing atau bukan;Hate Speech
Dua duanya ada anak aku dan aku ngerasa semuanya udah sesuai porsi Semua nya hebat dan deserve to be winner Aku sih selalu bangga sama mereka Nangis bgt aku tuh sayang sama dua duanya karena ada kakak dan adek tapi buat sekarang Im happy for kakak;Netral
Mamak ni kalau gua suwittt takda dipandang awek meja sebelah kalau suwitt macam anjing datang pada tuannyaDamn;Abusive Language
SHit New day new mentality shit risk Gentz Fuck My mentality in is a mess new year new mental issues new year new mental issues KONTOL;Abusive Language
Saya sangat menjujung emansipasi wanita Tapi nek Polwan Yo maaf saya tetep FUCK THE POLICE REGARDLESS THEIR GENDERS;Hate Speech
Kafir ataturk EU give it to u in the ass day and night will scumbag like u waiting for their acceptance what is really funny is atheists kemalist who reject their ancestors religion and tradition just to please the Christian is saying this shit such a deformed people;Hate Speech
OH MY FUCK The EYELINER FUCJJJ CUCKK FYCKF CUCKFN FUFJRBCUFKTNCURKCUIE RJFUDNE FUF FBCINE E SID E;Hate Speech
HEPI NIU YER HAPPY NEW YEAR N HAPPY SWEET SEVENTEEN ZAN SAYANGGG ASIK BANGET YA ULTAH PAS NEW YEAR WISH YOU ALL THE BEST I HOPE KAMUH HEPI HEPI TERUS PANJANG UMUR MAKIN CANTIK PINTER MAKIN JAMETI N SELAMAT HABEDE;Netral
WAH WAH WAH SLAMAT ULANG TAHUN SAYANG WISH U ALL THE BEST BANYAKIN BAHAGIANYA KURANGIN SEDIHNYA U DESERVE TO BE HAPPY SELALU BERSYUKUR APAPUN KEADAANNYA OKE I LOVE U SAYANGKU;Netral
Ih anjing geura di kutuk lah sia Fuck;Abusive Language
Another varian asin yg menurutku must try tuh sloppy joe Isinya daging cincang cream gurih trs diatasnya dipakein keju ENAKKK Kalau varian manis juaraku si matcha on cloud Enak BGT BGT BGTTT Rasa matchanya gak artificial samsek trs krim dalemnya tuh pake white choco;Netral
yang score dia jorginho babi itu masalah dia dia tak patut dalam game dah time tu fuck babi;Abusive Language
Aku dah la suka nyanyi we wish u a merry Christmas and a happy new year lagu sedap nyah;Netral
Happy new year prenn selamat tahun baru dengan cerita kehidupan yang mungkin akan lebih baik dari tahun sebelumnya;Netral
Shit I really been treated like anjing Sumpah stress;Abusive Language
junior babi junior babi junior babi babi babi babi babii SUARA KAU BUKAN SEDAP PUN BABIII DIAM LA BABI BABI SEKALIAN i hope karma did you good in your exam fuck u;Hate Speech
Happy New Year beb Terimakasih doa baiknya semoga berbalik untuk kamu juga yaa;Netral
terimakasih mutualku yg udh bikin aku happy dgn twit kaliann ara syg kaliann maafin kl ara ada salah happy new year;Netral
fucking shit dah days wifi takde babi now my data gb left fucking shit;Abusive Language
tahan tahan tahan Tidak boleh berkata kasar Tidak boleh mengumpat Tidak boleh emosi Shit goblok memang kau ya;Hate Speech
goblok kok dipelihara jtaan rekening Doesnt make a sense stupid;Hate Speech
Terimakasih kalimat manisnya Semoga keinginan lu juga secepatnya terwujud Inget banyak yang bangga sama lu Happy new year Bi mengaum Habis ini berubah jadi singa raja hutan be happy and healthy Sabiru;Netral
anjing sub dah bodo morata fuck man;Abusive Language
happy new year selamat mengahadapi ujian hidup yang baru;Netral
Selamat tahun baru AROHA Semoga tahun ini membawa kebahagiaan kesehatan dan memenuhi harapan kalian semua ya Semoga makin sayang juga sama ASTRO dan support mereka terus apapun bentuk supportnya Happy new year;Netral
Annoyed to D smh HTF I get a ticket in NC for going through a damn ez pass I never went through;Hate Speech
Kenapa ur voice different already Flu Demam oh ya mine pun sama IDC I DC I DIDNT ASK AKU TK KISAH LA BABI IDC IDC IDC FUCK OFF;Abusive Language
part bonus chapter sumpah plotwist nyaaa wadidaww bangettt aden cuma sama aretha doang bisa buka hatinyaa hahaha lucu bangetttt konfliknya ga terlalu rumitt menurutku happy ending luvv;Netral
Selamat tahun baru harapannya ditahun ini bisa lebih baik dari tahun sebelumnya Happy new year buat semuanya;Netral
You sure it was just space or you just said fuck it cause of how you can be;Abusive Language
aslinya soundtrack buat narasi jaden sama saige tuh bukan ini tapi di beberapa paragraf terakhirnya malah kebawa vibesnya ini waktu aku reread jaden emang gak sampe seyearningini atau belom cuman ya menurutku cocok aja waktu aku baca bagian akhir sambil dengerin lagu ini;Netral
Buat yang umur udah buat sw koda kode nikah fuck Masih muda bangsat;Abusive Language
The fuck isi fyp gue langsung tentang gamon semua bangsat;Abusive Language
is a bitch babi kimak insert swearing words here Nothing good happens in this year Tbh I learned a lot this year from the pain and from the happiness pls be good to me K;Hate Speech
Pacarku yang paling baik udah gitu talented banget lagi CANTIK BGT JUGA duh im forever be grateful to hv u as my friend;Netral
bangsat bener temen gua ngajak mabar suka ngejago tapi idiot;Abusive Language
HALO GUE KANGEN BANGET AMA LU BERTIGA BTW HAPPY NEW YEAR yaa Semoga tahun depan keinginan lo semua bisa tercapai love u ayang muah selamat tahun baru sekali lagi met;Netral
Dan anomali di akunku klo chara cr di atas malah lebih sering gak crit pengalaman sama Tatang dan Hu Tao;Netral
KORANG GELAK APA BABI FUCK U LA SIAL;Abusive Language
tahun gak pernah absen dapet surat manis dari mitaa cantiklt terimakasih yaa mita atas surat manis dan hangatnyaa semoga ini kamu selalu dikelilingi halhal yang baik happy new year yaa ceweknya sunwoo;Netral
gapapa sih kalo menurutku minus cdm soalnya atk kamu over bgt;Netral
tai anjing bangsat fuck;Abusive Language
aku tau dia ngedukasi but ga normal make me feel so oh shit i cant explain it did yall know seberapa susahnya dan hurtfullnya buat ngeredain jerawat apalagi bekas bekasnya ga gampang anjing ga gampang lo rasanya kek mo meninggal ngerti gak;Abusive Language
happy new year moots please be happy and healthy always semoga tahun ini bisa lebih baik lagi lt terimakasih sdh mnjadi moots ak walaupun jujur ak jarang jbjb tapi tweet kalian selalu menghibur thank you for being here and thanks for always making me happy when im sad;Netral
what a combo between daddy issues with diperlakuan seperti bayi sama penyokongnya fuck the government;Hate Speech
fuck babi sial butoh;Abusive Language
Borju anjing fuck u sama pemikiran lu itu;Hate Speech
to kim seokjin dia my first bias amp dia yg bikin w jdi menjelajah KPop termasuk sendiri walaupun baru jd army tp rasa sayang nya tuh udh bener dri lama be yourself jin aa mksh udh bikin lagu yg bagus i like it;Netral
Happy new year all terimakasih telah berpartisipasi dalam mewarnai lembaran ku;Netral
ya gapapa thats mean they dont want to be one of us maybe kayak ngga mau dilabeli sebagai atiny which is okay i guess tp ya sayang aja menurutku soalnya atiny baik baik DD;Netral
fuck FUCK YANG NABRAK TERUS GAK TANGGUNG JAWAB LO BANGSAT makasih nder udh rescue si sapi as hard as u can dia udah gak sakit and i believe they really feel grateful they can met u here before they go jangan sedih ya nder sapi udah bahagia disana;Hate Speech
My fckn job is some horse shit at times Im so pissed Im not gonna be able to take my Babi to see frozen on ice cuz I gotta be here smfh;Abusive Language
Nda adapi kurasa terenak di mks tp menurutku yg lumayan rasanya yg pernah kucoba mie ayamnya skage;Netral
Katakatanya indah banget terimakasih juga untuk sender atas kerja kerasnya selama satu tahun ini Semangat untuk lembaran baru satu tahun kedepan Happy new year;Netral
Fuck Best Friend Mmg sedih tahap babi;Abusive Language
I hate that stupid sceme where babi tries to dance hot to get hugos attention when she looks like a fucking dumbass on drugs;Abusive Language
Kak Ikaaa selamat tahun baru semoga kak ikaa selalu sehat dan diberi keberkahan kebahagiaan karna sering bikin kita seneng juga wkwkw Happy New Year Timakaciii buat hadiah pertamanya di tahun yaaa;Netral
alya juga mati aja kontol freak gendut item jerawatan nerd jelek bibir pucet baju ngepress jadi keliatan gendutnya anjing didnt u learn how to cover up a fat body bitch;Hate Speech
JahJah b punch n the shit outa Babi;Abusive Language
pandemi mana belum ada pengalaman even internpun susah kl sekarang seminggu pasti ada intvan lah pas pandemi bener bener tembus aja susah;Netral
im not saying that selama ini my life sll enak tapi setidaknya gaada hal yang bikin bener struggling kalo masalah capek ya pasti semua orang pernah ngerasa capek gak sih di ini but i always try to be more grateful cuz i know masih banyak orang lain yg lebih susah;Netral
happy new year terimakasih udah mengajarkan gue banyak hal dari kehilangan seseorang sampe ketemu banyak orang baiklt gue berharap lo jadi tahun yang baik untuk gue amp orang yang gue sayang;Netral
babi melayu yg ikut buat malu aku as kpopper lapan tahun shit;Hate Speech
bro belum tau kalau ada perusahaan yang mengkategorikan magangPKL bukan sebagai pengalaman kerja;Netral
Ummmmmmm No I dont Fucking care about you Little shit Babi Anjing Kodok Orang utan;Abusive Language
Fuck Desember Benci Desember Desember kek Kontol;Abusive Language
fuck u la babi sjfjsjs;Abusive Language
What the fuck lah sial Farid sangap anjing doh wawa;Hate Speech
Wish for Ibadah taat Badan dan pikiran sehat Rejeki lebat Jodoh mendekat Hidup bermanfaat Pengalaman hebat Beruntung setiap saat Dijauhkan dari orangorang laknat Happy New Year Selamat Tahun Baru;Netral
knetz ni memang the real definition macam kau cakap dengan dinding tak reti ambik iktibar ke baru berapa hari lepas orang mati sebab korang ni nak cyber bully orang lagi memang fuck nak mampus sia knetz ni semua perangai macam babi;Abusive Language
mom dad mau lu apa sih sister unnie gtlt bro oppaaa grandma nenek grandpa kakekcuu child anjing bestie noo wife husband idiot;Abusive Language
IHHHH ANJING FUCK NCTZEN;Abusive Language
Pea balmond itu tank Karrie dumbfuck Kalo jadi anjing mbok nya jangan terlalu total gini di setiap hero itu kan dijelasin role nya apa Please buat semua player ML jangan dumbfuck Emak nya keseringan ngemil micin jadinya anjing kek gini trigger random shit post;Abusive Language
sering baca baca kasus gini diluar negri kaget di indo di kota sendiri malah ada kasus yang mirip bener bener manusia kalo udah kemakan ama nafsu goblok nya gaada lawan Wake the fuck up samurai we got a rapist to burn;Hate Speech
pjw ternyata jeongwoo ril aslinya cakep bangeeeetttt itu selamat tahun baru katanya videonya cm seadanya takut ketauan btw happy new year;Netral
Program hack for tuuuud and gaAAY Tuuud and gaaaay only for program hack Stupid hacker plz use a head Babi U have a program hack but no have a head So stupid user;Abusive Language
and this is one of the reason why i HATE our walikota so damn much sumpah anjing dia tuh ya kalo lg gabut pasti minta org org buat nemenin dia keliling bogor gatau ngapain aND HE ASK MY MOM TO TEMENIN DIA JUGA GT HARI LIBUR NJING;Abusive Language
hanya idiot memfollow orang yg tidak disukainya ANDA IDIOT ketemu CEBONG wkwkwkwkwkw;Hate Speech
Happy new year terimakasih Selamat datang ayok kita berjuang lagi;Netral
FUCK I FOUND SHOTARO LD YG DIA HI TU FOR ZERO FUCKING POINT FIVE BABI BUT CIBAI AKU X SEMPAT SECURE;Abusive Language
Malaysian drivers oi babi signal la Also Malaysian drivers shit the fella signalling better drive faster so he can t cut me;Hate Speech
KEITH ANJIIIING LO IDIOT TOLOL BNGSAT ANJG BISA BISANYA LO CIUMAN PAS gue lupa siapa MASUK BANGSAT GABISA GUE KEITH GAHBISA LO YDA SERING KALI NMBEHINI NYAKITIN gue lupa;Hate Speech
MUNDUR GUYS MUNDUR INI UDAH BAHAYA UDAH ANARKIS DAN SUDAH ADA PERINTAH PENEMBAKAN MUNDURRRRRRRRRRRR PLEASE STAY SAFE;Netral
Sambil ngaca bilang idiot nya;Abusive Language
Coba lihatlah juwita burung gereja tertawa Cukup kata FUCK BEDEBAH ANJING kirim ku;Abusive Language
Bitch babi sial sialannnn;Abusive Language
ANJING PLASS FUCK;Abusive Language
Damn thats a nice ass;Abusive Language
sumpah dari kemaren timeline gw ngeributin CSR is shit terus aja yaudah si lu main biasa juga dapet PP anjing ngapain si diributin;Abusive Language
yu r babi mochiknot slepy bitchgoe an wash yur mouth oot;Abusive Language
Ada orang yg berbeda dan hidup di negara yg berbeda tp mereka lahir bersamaan Mereka bisa connect sama lain dan kerjasama utk melawan organisasi yg mau menangkap mereka Ini serian lama tapi apikkkkk menurutku Ep agak boring krn masih pengenalan char tp stlh itu seru;Netral
anjing daa lo nying tolol haha rt hahaha fckin ashole bitch;Abusive Language
Tapi mas umurmu wes kelong gegoro babi males olahraga dan males ke gereja Damn;Abusive Language
Maksud u kemarin aing kyk gini gt ca bucin bego tolol idiot goblo KNTL;Abusive Language
just want some Babi time but shit happened;Abusive Language
Napa eh cancang dulu doginya RT Fuck anjing;Abusive Language
hai yang lagi nyari lomba nasional akademik amp nonakademik kayak esai poster fotografi atau speech boleh bgt nih ikutan temanya tentang kesehatan benefitnya bisa dapet fee free webinar berskp dan pengalaman pastinya yuk ikutan;Netral
Nenek goblok juga tau banyak kawin kontrak di Puncak Kenapa warga diem aja Soalnya wisata lendir yg dibungkus syariah sih ya Pembunuhan dibalut syariah juga dibela sama kadrun idiot mah Kasian bgt dikasi otak tp ga bs dipake;Hate Speech
tah lah babi betul dia ni ha i didnt say anything bout her favs the fuck she really be calling skz busuk sial;Abusive Language
happy new year mika kenal mika tuh udah hal yang berharga bangetttt terimakasih yaaaa mika sudah bertahan sejauh ini bangga banget sama mikasemoga di tahun ini mika lebih bahagia dari tahun sebelumnyaaa aamiin;Netral
Selamat tinggal tahun Tahun yg penuh instropeksi dgn Lika likunya Semoga Tahun membawa keberkahan dan keberuntungan saatnya bangkit dari segala keterpurukan Happy New year;Netral
sebelum berakhir aku mau bilang thank u untuk uri RED VELVET terimakasih juga untuk mama bae mama kang mama son mama park mama kim karna sudah melahirkan wanita cantik yg datang di kehidupan ku dan sudah menyelamatkan hidupku yg gelap lop u mama mertua;Netral
Dear online friends I need internet power Share as you can This situation getting chaos Pray for peace Please Pulang Ada keluarga yang cemas nunggu kamu Kwitang stay safe mundur Surabaya Tembak darurat militer prabowo tiktok THEY SILENCED US;Netral
Kitsu mega golden sama mimic rb w sih kaa menurutku Kalo mimic ndutnya yg rb lebih w lagi hehe;Netral
hy saa mungkin kita baru baru ini mutualan tapii I think Im really lucky to get to know and be your friend jaga kesehatan gabole gampang nyerah dab yg plg pntng be happy trs ya saa inget gw dan yg lainnya sayang sama lo makasii bnyk ily;Netral
Mo kafir mo ngga cuk Lu masih manusja bisa mati Dont judge people only by ur side assholegtgt ltlt;Hate Speech
Happy new year Miss Gita terimakasih buat taun ini sudah menemani hari aku hehe semoga taun diberikan kebahagiaan selalu dan harapan terbaik cepat terkabul di tahun ini lovee ka gita banyak banyakk;Netral
Fuck Sialan Jimin gue ajgggggg cari duit gini amat sih orang tolol;Hate Speech
And I now I feel like Im really lucky to be my ummis child Because ummi dah turunkan banyak ilmu agama dan alquran kat aku Aku je tak sedar diri Allahu akbar Saya sayang ummi saya;Netral
Klu punya malu mundur sihkatanya salah satu crazy rich katanya jt perhari kecilkami maafkan tapi harus ada konsekuensi sebagai bentuk pertanggungjawaban biar ada efek jera untuk yg lain;Hate Speech
HAPPY NEW YEAR SELAMAT MENEMPUH PERJUANGAN DI TAHUN YANG BARU Semoga segala hal yang direncanakan diharapkan dan diusahakan akan terwujud di tahun ini Semoga seluruh keluarga khususnya bapak dan mamah mendapat kesehatan dan rezeki yang melimpah Aaamiin yaa rabbal alamin;Netral
babi nya takde penggiliran dah shit;Abusive Language
anjing aliran damn;Abusive Language
menurut aku bagus fight scenenya juga lumayan WKWKWK menurutku gak begitu ngegantung di setiap episodenya tapi aku tim baca manga juga jadi gak tau harusnya gak sebikin stress tshd kalo kamu mau nonton sekarang;Netral
What in the next level of insectophilia shit is going on here NDER CHARA HSR CANTIK GANTENG SEMUA LOH MOSOK YO SUKANYA SAMA KUMBANG FILM LARVA;Netral
Buat tim akasa yang renang kalian hebat aku tau ini ujian paling berat seh menurutku apalagi kita harus bonding secepat itu tapi kita tetep bisa solid dan bisa melaksanakan culter kitaa And big thanks to kakak kakak rc kita gacor sekalii;Netral
Will tell my dr la because whats the point of booking an appointment if that babi can just come early and sailang my slot i dont give a fuck if youre sakit bcs I sakit too And i have classes to attend;Abusive Language
SAYANG muka aku ga simetris kaya agak miring gitu tapi wow kaget kalo terlihat simetris di foto and yes omg id love to just be wholesome with you by giving each other genuine appraisals;Netral
Selamat datang tahun Semoga ditahun ini semua yang kita harapkan bisa tercapai semua masalah yang kita miliki ditahun bisa terhapuskan amp semoga kita bisa menjadi sosok yang lebih baik lagi kedepannya Aamiin Happy New Year;Netral
Kami segenap admin mengucapkan Happy New Year Army amp terimakasih atas dukungan kalian ke dan ke Army Malang di tahun ini semogaa di tahun ini kita menjadi Army yang lebih baik dan lebih baik lagi Once again happy new year Army;Netral
OMG SHUT THE FUCK UP Kalau parcok sialan itu punya MATA kirakira apa yang terjadi Kalau dia gak PANIC DRIVING Kalau dia gak lanjut tancap gas padahal udah tau THERE S SOMETHING UNDER IT WHEELS RIGHT NO CASUALITIES Mereka membunuh karena takut dibunuh LOSERS;Hate Speech
Lo yg idiot tukang hoax tukang fitnah adu domba Itu kan yg melekat di kadrun Goblok pecundang x kalah Pilpres Kalo Gw pro NKRI hidup bahagia Ngapain lagi hrs fitnah adu domba MIKIIR Emangnya idup Gw susaah Ampe ngelakuin hal tercela;Hate Speech
Babi a hoe ass bitch;Abusive Language
Happy new year admin TS semoga sehat selalu dan TS terus berjaya biar bisa memfasilitasi perbucinan ku terimakasih banyak dan Semangat terus TS;Netral
Orang ini yg disebut Kecebong Kampret di otakny hanya ada aura Negatif bin Idiot;Hate Speech
Gabut malem ini sharing pengalaman atau fantasi liar km gas ga nih;Netral
Dah ngoceh aje lu nyet otak lu tuh dah campur taik jadi lu ngoceh justru kliatan goblok lu super natural ngoh Hanya kentum goblok bin idiot yg nyerahin jabatan hanya hari PSI partainya Jokowi blok begitu Kaesang siap ya diserahkan mandat ke pewaris tolol;Hate Speech
Ah ni sorang lagi babi maddsion fuck;Abusive Language
Damn u hot wish u were mine;Abusive Language
Teman fuck Kyk anjing sja;Abusive Language
Saat Lo bener hanyut dalam cerita dan tidak ada manusia laknat yg ngspoiler this is the result gua juga pernah teriak pas ntn Avenger end game dan bapak sebelah gua g welcome Mungkin kata dia gua lebay tapi bodo amat anjing Pak kalo bapak baca ini fuck you;Abusive Language
DAMN lol;Abusive Language
Berak tolol Ngedukung ga mesti dana waktu Gw dukung Barcelona apa mesti gw bantu ngirim duit Emang harus idiot ya jadi buzzer Yohanies Aibon;Hate Speech
Si babi call me sial Fuck off;Abusive Language
heyh smangattss reyproud of u rey anj lu bisa naikin mud org xixixii klo capek ist dulu aja i want u to be happy rey anj do what makes u happyyy bcs u deserve that anjrit klo g nymbung mmf tapi yy pen nyampein itu sih wkekekeks;Netral
NOO BIG NOOO youre precious jgn mikirrr gitu lgi yaa banyakkk yg sayang kakak boleh ketuk dm aku klo kakak mau dont be sad semangat yaa you deserve to be loved i wanna hug youuu ueueueue;Netral
ANJING ANJING ANJING FUCK PEMERINTAH GA DI INDO DI KOREA KERJAANNYA NILEP DUIT jahat banget tuhan rill bangtan cuma punya army;Hate Speech
Anjing Gausah bingung lah nder cerai aja udah Tinggalin orang kaya gitu Fuck lo lo semua yg selingkuh sama suamiistri orang lain;Hate Speech
HAPPY NEW YEAR from KPOP UP Terimakasih udah barengan di KPOP UP Tiap Sabtu Jam sore di FM JEJE RADIO;Netral
dulu pernah gamau punya cowo yg lebih tua apalagi chindo karena menurutku bakalan ribet ples takut ga nyambung ngobrolnya;Netral
u said just be a good friend to everyone when u blocked me even aing ga tau apa salah dan dosaku sayang and playing victim with ga deh mereka toxic padahal kerjaanku cuma haha hihi;Netral
WE KILLING SHIT LMAO BUT YOU A LIL BABI;Abusive Language
Fuck MISKIN LU Kerja anjing mati saja kau;Hate Speech
Haha dating fosil Pasti seru banget Bisa cerita pengalaman langsung dari era dinosaurus tapi jangan lupa bawa charger buat batuannya biar gak mati kehabisan energi purba;Netral
FUCK AAAAA YURI PERGI AJA LAH NYANTAI BANG RT chysechys ANJING FUCK FUCK DAFUQ MINYUL KAMPRET LAH;Abusive Language
Fuck Aku tertekan hadiah xmas rah coc Babi eh Hahaaha;Abusive Language
the latest issue was when of them joined an event with international students n didnt even ajak ijadi like helpers la mc time keeper and so on Babi la i felt so shit tau that time cakap la tak mature semua tapi yall didnt even try to invite me at all;Abusive Language
Terimakasih sudah mengingatkan akan hal itu Kamu memang setan yang baik Maafkan manusia yang selalu mengkambinghitamkan kamu Teruslah menggoda dengan tipu dayamu Happy New Year;Netral
ini goblok sih fuck u;Abusive Language
Kadangkadang kita baik dengan orang tapi kadangkadang ini Semenanjung macam babi Hidup malaya memang dari dulu racist as fuck;Hate Speech
semuanya cantik cantikk tapi ini liz ive menurutku;Netral
Edisi Happy New Year Mamas Hay Dek Selamat Tahun Baru abang mau merayakan dengan Wine Jacobs Creek Classic Vintage coba lah kalian mix dengan Green Sans pasti enak kalinya Jangan lupaa happy selalu ya Dek;Netral
kalo di daerahku jd operator tuh gampang masuknya gapunya pengalaman jg bisa dateng aja ke pabriknya malah langsung interview biasanya;Netral
Selamat happy new tahun baru year satsat jangan lupa kembali;Netral
anjay yearsish and still counting semoga masa nakalmu udah abis karna udh lu dicobain semua semoga kamu lebih sayang sama aku dibanding aku sayang kamu semoga km makin bersyukur pny pacar cantik sabar baik hati tidak sombong kyk aku wakwkakwkakwkakwkak love u jawirku;Netral
happy new year temanteman privkuuu maaf yaa aku suka berisik kalo disini kedepannya aku bakal makin berisik lagi HEHEHE makasih banyak udah mau jadi temen aku sampe sekaraaangggg kayaknya ini tahun kedua aku ngerayain tahun baru sama kalian omggg love u all;Netral
Mulai stress gila ngomong kata kasar ngelakuin hal negatif Why shit bgt anjing Umur makin bertambah tp kok makin down Ah asssssshole;Abusive Language
Ndg ad bangsat nntipi sudah gajian kalo mauko ta pigi makan shit;Abusive Language
Selamat datang di kata pengantar dalam hidup Happy New year;Netral
asli u stupid dude bisa bisanya masi nanya jadi apa salah YA SALAH LAH TOLOL KATA YANG LO PAKE ITU SAMA AJA NYALAHIN JW;Hate Speech
Can we stop using zodiac sign to justify bad behavior Dalam sebuah hubungan tuh harusnya kita be honest tentang perasaan kita Kalau misalnya dibiasain bohong sama perasaan sendiri kasian kamu dan pasangan kamu pasti capek kalo dikasih tekateki gini terus;Netral
babi lah hidup ni fuck off;Abusive Language
Gw punya piring yg nmr Beli daia dapat piring cantik Buy get u;Netral
Yes revenge is not a good thing but mnurut gw masuk akal sih buat Earth yg capek jd org baik n he trying to be a bad guy Ibaratnya lu mendeeeeemmm terus n at some point it s just blow up gt loh lagian boring jg kali doi punya image anak polos pdhl ya ga polos bgt;Netral
fi hehehe ini common tp aku kira kamu nyeremin from the way you type walaupun aku suka juga karena enak diliat now I LOVE YOUUUU aku seneng banget liat kamu bawel di tl amp mentab aku kamu super friendly and fun to be with flo cantik semangat terus yaaa;Netral
Aduhhh tersentuh nice to meet and know u too cantik kuuuuu SEMOGA YAA SEMOGA KITA BISA KETEMU DI RLLL Pokoknya luv banyak banyak buat kmuuuu temen tercintah si cantik si pinter si keren abiessss Aamiin aamiin aamiin aamiin see u on top pokoknya mah;Netral
Shit Siapa yang menanam Siapa yang menuai Goblok;Abusive Language
Kelakuan u yg STUPID ini yg bikin Dy makin makin dihujat ege Makin u bela makin netijen gasuka karena emang bias u posisinya SALAH admit it Males bgt gw hari udah unengage MASIH AJA LEWAT YG TOLOL BEGINI;Hate Speech
Mau pake twibon fuck sm tapi gue gak rela ava cantik gue ketimpa tulisan sm anjing;Abusive Language
FUCK SHIT FUCK BABI DH KT SKOLA KIMAK;Abusive Language
Menurutku hubungan yang balance antara loveydovey and lovehate bisa bikin dinamika hubungan lebih menyenangkan Jadi nanti aku buat sayangsayang kamu terus nya lagi aku ributin si Ryu gimana sayang Deal kan Nanti kita cuddle seharian gausah ajak Ryu;Netral
Happy new year Terimakasih tahun ini udah bikin hidupku lebih berwarna setelah kenal kamu;Netral
FUCK YOU CEWE IBLIS LU TUH TOLOL CUMAN GUE BOHONGIN DOANG ayciluk;Hate Speech
i stan u girl sbb aku pon rse mnde yg sma if sayang fix it bukannye mintak break hm sbb kita as pompuan bole paham smua tu but it suppose to be give and take la;Netral
Fuck babi fon jatuh ats muka luka bibir aku belaga gigi pedih lancau sedih cerita abang;Abusive Language
fuck all kasta senioritas kedudukan atau apalah itu yang ada di keluarga batak like omg yall anjing banget;Abusive Language
I showed your photo to my mum and she be like She bakal menantu momma ke ni Ya allah lagi cantik dari hang rysh Bila dia slide sebelah punah harapan dia Me well i know right AHAHAHAHAHAHAHAHAHAHAHAHAHA;Netral
mutual di ig gue jg banyak yg repost ini bahkan ada yg bilang peak segala like fuck yall the police are literally part of them MARAH AJA MARAH SAMA SEMUANYA PERASAAN MARAH KITA SEMUA ITU VALID;Hate Speech
strategi para oengecut yang menjadikan wanita di garda depan dengan harapan musuh bakal kasian oh tidak mau cewe apa cowo polisi tetab ALL CORP ARE BASTARD;Hate Speech
Pada defend gmm pake cherry magic pdhl cherry magic menurutku ga serumit desire desire ini perlu property fancy glamorous dan editan apik biar gak cringe sedangkan gmm kemaren eksekusi my golden blood aja cemen bgt;Netral
kak itu drama sageuk sekaligus zombie paling ciamik menurutku aku ga begitu suka drama latar kerajaan tp kingdom pengecualian dan aku udah nonton beberapa series zombie kingdom ttp juaranya;Netral
siapa siapaaa hacker kampret klo emang dugaan gua bener liat sj abis ini shit;Abusive Language
fuck it penat lah anjing;Abusive Language
APRILL EPRILL DHEAAAA SAYANGKUUU TYSM makasi banyak buat doanya itu balik ke epril juga makasii banyak buat smuanya prilll TRIMAKASI SUDA HADIR im glad to know you be happy epril sayang ILYYYYY MOREEEEE;Netral
Tolong dong validasi perasaan mereka mereka protes juga ada sebabnya yang dimana udah beli membership weverse dan ikut presale yg dimana itu hari pertama buat war tiket dan dapatnya dipinggir banget jadi menurutku wajar buat protes;Netral
manusia tolol dongo idiot akun bodong sokan share foto org playing victim bgt awokawok;Hate Speech
ICEL AKU SAYANG BGT SM ICEL TT maaf ya kalo aku suka rese ato kalo pernah salah sama kamu ur a very lovely person and im glad to be your friend i hope will be a great year for you dan icel bisa bahagia teruss semangat juga sekolahnyaa;Netral
Di mention anjing Fck Gatau seneng bat anjir Senorak itu gw shit;Abusive Language
Fuck lah kenapa letak rojo Babi;Abusive Language
Gak akan bosen bosen ngingetin kalian buat STAY SAFE dan BE CAREFUL disaat kalian lagi diluar sana tolong hari ini lebih berhati hati lagi daripada kemarin kalo memang kondisinya udah gak kondusif tolong MUNDUR dan PULANG;Netral
waaah kurang tau klo daerah pasming soalnya ak masih baru di jkt cobaa tanya yg asli jabodetabek dehh klo kosan survey di mamikos aja klo rata udh sekitar bs dibilang itu mahal sih yaaa menurutku area jaksel yg murah tuh klo kosan lt jt;Netral
happy new year temen temen sepertinya kalian sudah lupa aku siapa tapi tetep aja terimakasih ya sudah jadi mutual aku aku seneng banget kenal dan temenan sama kalian semoga suatu saat kita bisa ketemu ya i love you guys so much;Netral
gue sempet record live wartawan tvOne yang katanya di tangkap dan di pukulin menit seblm di end live nya sm isilop;Netral
well damn i never would ve known unless you said something;Abusive Language
CV Seger Jaya Motor membuka kesempatan kerja bagi pencari kerja yang berminat bergabung pada posisi Marketing Sales Counter Jangan lewatkan kesempatan ini untuk menambah pengalaman dan mengembangkan karier di bidang pemasaran;Netral
happy chinese new year karena banyak yang dm ketinggalan klaim pdf aku masih buka linknya tapi cuma sampai jam WIB pagi ini yaah luv u selamat liburan;Netral
tim kontol goblok idiot;Hate Speech
Shit aku mana ada duit beli barang paywin haha farm old school la shit susah Babi kumpul spens;Abusive Language
Kampret gara temen gw update idola gw masa lalu ternyata gay Shit David archuleta are you serious please i can t;Abusive Language
Yg idiot kelompokmu langgar kesehatan hukumannya didenda bkn ditahan orang tolol akut memang nekat mubazir hidupnya;Hate Speech
GUYS PLEASE JANGAN PERCAYA RUMAH EKO UYA DAN SRI MULYANI INI BUKAN DIJARAH DEMONSTRAN JARAK NGEJARAH RUMAH EKO KE UYA AJA MEPET BANGET DITAMBAH NGEJARAH RUMAH MULYANI DINI HARI THATS NOT MAKE SENSE KETIGA RUMAH ITU GAADA VIDEO LUCU KAYA SAHRONI TADI PLEASE BE AWARE;Hate Speech
Winon cenapa Masih ada tp tai babi lah shit;Abusive Language
Selamat tahun baru walau tidak begitu berjalan mulus dan nawacita masih belum tercapai se tidaknya aku telah bertahan melewati berbagai momen momen semoga di tahun semua akan lebih ter arah jelas dan konsisten dalam mencapai tujuan Happy new year;Netral
anjing may be a lifetime curse but can we all please stop using it as a relation to someone being an asshole i mean these dogs deserve better to be compared to those humans;Abusive Language
And why the fuck jorginho is not given a nd yellow for the foul against guendouzi Ref pon babi mak dia main dgn penyu keluar dia sial tol ahhh;Abusive Language
line mcm anjing bayar smpai RM sbulan nk hadap line mcmni ke haram jadah Mkn duit haram laa smua semoga gelap perut msuk neraka smua shit;Abusive Language
terngiang suara rahman syg sini sain kjup syg tolong sayatolong sain hati i banyak sakit tgok you kna marah tak bole blah lagi saya betul sayang ain tau FUCK YOU kenal pon taktetiba sayang lancau laa kerat laa anu hang babi aku sakit mental otak terngiang suara;Abusive Language
Goblok kamu Yurie bacot diskriminasi giliran disuruh kasih contohnya malah jawab kaya orang idiot dasar tolol si Yurie ini;Hate Speech
bener presiden tergoblok dalam sejarah lo pak bahkan lebih goblok drpd orang idiot aja gak akan bikin statement kayak gitu bener dah di tangan kalian semua penentu kebijakan jd gila semua pas PDIP berkuasa menterinya gak gini amat;Hate Speech
Happy new yeaarr Im out of energy So just happy new year dan selamat berbahagiaa semuanya Kalau yang masi sedih semoga besoknya dateng kebahagiaan yang tiada henti Fighting for;Netral
Hahaha My weapons for students right now Arms not just couldnt tell them to do babi fuck pergi ketuk pintu tandas malam Aku;Abusive Language
Jiahaaha pantes tolol semua persib fans sekolah sono lu cari tahu yg bikin glba siapa idiot Emang punya persib bego wkwk;Hate Speech
babi jangan main main bitch;Abusive Language
Jangan samain aku dengan mahkluk itu Shut the fuck up;Hate Speech
Aaa ada aku disituu Happy new year teh via Terimakasih untuk karya karya hebat nya ily;Netral
Kakakakakababi salah mensifuck;Abusive Language
terimakasih untuk kerja kerasnya di tahun ini semangat untuk tahun depan semoga jauh lebih baik dari tahun ini ya niel selamat istirahat juga dan happy new year love you u too niel;Netral
Alhamdulillah jamaah umrah PT TASBIH AMANAH BERSAMA menikmati city tour di Madinah Menelusuri setiap sudut kota penuh sejarah dan keberkahan menambah pengalaman spiritual yang tak terlupakan Silahkan konsultasi umroh Admin Admin;Netral
what the fuck presiden sengaja naikin duit gaji dpr biar yg ngegulingin dpr tuh rakyat;Hate Speech
menurutku lebih baik dihandle sekolah lgsg soalnya kalau sppg kan ada yang amanah sm gak amanah;Netral
Terimakasih juga kamu congrats untuk segala pencapaian yang kamu dapatkan di tahun ini dan di tahun yang baru ini juga mari berjuang bersamasama terus sekali lagi Happy New Year;Netral
Kalau presiden d hina keturunan Cina d maafin ya pekokpekokudah rasis tolol pekok goblok idiot;Hate Speech
mas yanggun pantek xiaomigalaxytab tobey Intinya abel babi idiot pantek babi abel kesal aku anjing Gas la cs yok;Abusive Language
punya sodarah ko kaya anjing bnget sifat nya dasar fuck;Abusive Language
I always thought that tatars are very rusophobic people who suffered very much under year rusosoviet occupationgenocide What is this piece of motherfucking murtad kafir shit is on picture then;Hate Speech
Ball stupid Ball stupid Ball stupid ok ok;Abusive Language
Masaiyaa sih abang Udah boleh aku salting Kalo aku biasanya minum susu ya abang Karena menurutku itu cocok banget tapi susunya yg plain yaa HAA BELUM CHALLENGE YA ngantri dulu yaa banyak yg ngajak ini;Netral
Ini nder tp ini supernatural fantasi Ceritanya angst menurutku trus si flnya keguguran jg;Netral
CS TERTOLOL DI DUNIA DIMENANGKAN OLEH TELKOMSELLL INDIHOME TOLOL IDIOT;Hate Speech
TOO HIGH ANJING CANNOT LA DO ALONE DKFLELDLD DAMN MA IM STRESSED WATCHING AND READING;Abusive Language
Pemilu kemarin berpotensi menjadi pemilu paling sehat dan kompetitif andaikan calon fix nya cuma AniesImin dan GanjarMahfud Pragib is a huge sneak dan dengan program sampah mereka ga pantes lolos jadi kandidat;Netral
Fuck me la fml babi badluck;Abusive Language
stop talking and start reading books for real you look absolutely like a dumb fuck diam babi diam;Abusive Language
Untuk fans Liverpool legowo aja salah peringkat itu udh layak banget Bahkan menurutku cocok nya di Jadi jangan bilang Dembel nyuri balon dor Salah Yang ada yamal yang nyuri tempat Raphina tapi mau apa dikata by vote bos;Netral
menurutku keren sih terdengar puitis dan sopan sukaaa banget jangan berhenti menggunakannya ya evan aku nomor satu pendukungmu;Netral
Happy New Year Selamat Tahun Baru Semoga kalian membuka lembaran baru dengan perasaan bahagia dan kondisi fisik serta psikis yang sehat Aku harap kita semua bisa menjalani tahun dengan penuh kebahagiaan;Netral
after opening teknisiade cofas gw ngeyapping kalo keadaan jogja ga seburuk itu dan informasi yang berkeliaran perlu dipilihpilih lagi and now banyak mahasiswa ugm yang dikejarkejar sama aparat;Netral
Selamat Tahun Baru ya Sahabat Kujang Semoga di tahun kita semua bisa menjadi Insan Pupuk Kujang yang lebih baik lagi sebagai pendukung ketahanan pangan negeri Happy New Year Pupuk Kujang Juara;Netral
menurutku bagus diambil setelah lari km;Netral
LIIIAAA KENAPA AKU TERHARU BACANYA sayang liaa banget makasih udah mau jadi temen ratuu adik ratuu youre one of the best thing i have this year lets continuing to be happy for a long time;Netral
Stupid amp Idiot people Emang pada goblok pantas untuk diinjak batang lehernya;Abusive Language
Garda terdepan Last but not least his power Ada hal yang membuat satisfying mendengarkan bagaimana suara aliran listrik di senjatanya Belum lagi gerakan kilatnya itu menurutku keren;Netral
Reply Welcome to Waikiki Hospital Playlist The Trauma Code Taxi Driver Masih banyak tapi ini teratas menurutku;Netral
gue nangisss bgt pls fuck the cops;Hate Speech
Fuck lah masak orang tua pilih kasih anjing lah;Abusive Language
Nderr hape kita sama dan juga hrs nabung thn buat beli hape impian kita Awalnya aku digituin juga tp bodoamat krn aku tim android krn menurutku lebih awet hihi krn sebelumnya aku pake vivo y yg udah thn;Netral
happy new year kak mawar terimakasih udah hadir dan nyiptain mahika ngenalin kita sama tokoh tokoh yang keren keren huhu ku nggak jelek jelek amat karena ada bujang bujang puri Sehat selalu ya kak;Netral
ngga kak masih normal kok kalo diisi air penuh es batu juga ga terlalu berat soalnya aku punya tyeso yg ml itu menurutku lumayan berat;Netral
selamat tahun baru happy new year gakerasa ya tahun lagi kita ketemu bangtan ot jangan lupa nabung buat konser ya myy menuju ames lebih hemat kurangkurangin jajan jajan merch dan jajan ga penting;Netral
egk ah menurutku harus setara rasa cintanya;Netral
gegara cowo tolol semua cowo kena framing yang gabener i literally aint done no shit man;Hate Speech
Meskipun jujurly menurutku eksekusinya kurang kurang ada sp segment atau mc talk gitu isinya sistematis banget nyanyibaca narasinyanyitalk pr baca suratfotonyanyipesan kesan dah gitu doang;Netral
Happy new year mamih aku Smoga tahun ini wish nya terkabul semua gada yg bolong Btw aku suka semua art mamih apalagi kl bikin mas hajime uhh gak kuadd pokoknya Mungkin krna pesona macho sm kerennya hajime ccok bgt sm art style mamih Semangat sllu mamih wuff u banya;Netral
And baby I m not waiting cause bitch I know ya in a budget wearing in wigs;Abusive Language
halo kim sihun aku kangen banget youve to know ya hun ill always be here for you seneng banget akhirnya setelah tahun aku tau kamu kamu bisa debut kamu bisa perform di panggung that you owned pokoknya you deserve all the happiness in this world i love you;Netral
Selamat Tahun Baru semoga tahun ini membawa kebahagiaan kesehatan dan kedamaian yang semakin melimpah dan setiap langkahlangkah yang di lakukan semakin di berkahi Semoga harapan dan cita cita di tahun ini tercapai Happy New Year;Netral
Hoki Itu city yg di final shoot on goal cmn dpt doang bilang celsi juara hoki Idiot sm goblok balapan ya gini;Hate Speech
bahagia selalu aku selalu berdoa yang terbaik buat kalian Terimakasih sudah menjadi teman selama ini dan seterusnya hingga tahun yang akan datang happy new year mots miss u;Netral
Kalo ternak binatang cebong Di akun bang Tofa Binatang cebong nya galak berani mati dipijak Karena idiot kali yaa Binatang Hehe;Hate Speech
happy new year Buat Bangtan dan TuBaTu terima kasih udah nemenin dari tahun sampai detik ini semoga tahun tahun berikutnya bisa tetep sama sama kalian lagi Selamat Tahun baru juga MOA dan ARMY;Netral
happy new year moots telat sejam hh terimakasih sudah moots denganku maaf yaa jika aku kurang jbjb ama kalian dan kurang aktif mari kita lebih bahagia bersama di ini luv yu moots;Netral
Fuck off padahal lo lebih ngeselin anjing;Hate Speech
Taehyungssi aku sayang padamu youre too good to be true so ethereal till im afraid youll vanished into thin air Jadi aku selalu berdoa agar Tuhan melindungi mu Kau tahu Senyum mu adalah semesta ku Aku berharap kau selalu bahagia semesta ku;Netral
om aku malah ada akun kosongan dri tahun ada yg fungsinya buat keep username cantik doang apalagi anak rp dan ca pasti relate sih ini;Netral
Menurutku dalam suatu hubungan itu ada norma atau batasan yang bisa didiskusikan dan harus fair misal kalau ngga boleh saling komen itu harus dipatuhi kedua belah pihak tidak boleh hanya salah satu meskipun dalam hts begitu pula terhadap norma yang lain;Netral
sekarang bolee kau ngine aku tapi kau liat nanti yeeeee anjing emang kau tuuuu fuck;Abusive Language
Jadi sekarang pun kalo aku liat diskusi di medsos pake BAHASA SING NDAKIK NDAKIK TO BE HONEST JADI IKUTAN MALES POL BACANYA HAHAHAHAHA Kek apaan sih Udah capek w pengen dipandang orang lain wow;Netral
ANJING FUCK TERLALU MANIS;Abusive Language
Wkwkwkk flop ya twitter lu jadi harus bawa idol orang lain biar pansos Tolong otak dan hati di sinktron biar kgk stroke lihat fave kami jauh di atas fave gua tapi fave loh aja kgk bisa langkahin TXT sok sok an langkahin BTS tolol min Idiot lu pada;Hate Speech
Orang stupid gk usah diladenidia buzzerps dimahmilkan aja Ndaktau dikit kayak udah cerdascebong akut;Hate Speech
hello Ifaaa be happy yaa terimakasih untuk segala usaha di tahun ini you did your best semangat Happy New Year;Netral
Damn i swear marriage is so scary Anjing;Abusive Language
WHAT THE FUCK IGNORANT Goblok dipiara anjing tuh dipiara;Abusive Language
haloapakah kamu suka snsdaku seneng bgt masa kalo liat ada snsd siapapun muncul di tweetsau kamu HAHA s halo juga sebenernya i used to be a sone from until pas mereka comeback holiday dan bisa dibilan;Netral
menuju eps terakhir tp menurutku drama ini masih ada bbrp yg janggal atau aku yg kelewat konsep ceritanya bagus tp eksekusi ceritanya kek blm all out buatku tp mari kita habiskan terlebih dahulu;Netral
Youre special youre loved every people at around you lek kesel ya leren dadi lemah iku gak dosa Manusiawi Semangat ya akeh sing sayang dan peduli awakmu Semangat meraih citamu im proud to be part of you;Netral
pasti temen temen nya melani anjing RT siang siang gini ngidupin mercon your genius is damn to high;Abusive Language
Who is the craziest person you know Danial the idiot gila Babi;Abusive Language
fuck the police fuck dpr fuck lu semua yang masih tone deaf;Hate Speech
Morning cantik semangat banget hari ini mau ngapain aja;Netral
m itu tinggi anjing Fuck;Abusive Language
arghh babi asal berat aku naik hari ni shit kena start workout balik;Abusive Language
Males bgt ya maunya tuh enak sendiri anjingtemen aja udh dikira stronggg apasama lu ini kaya tai bgt gangertiin ego anjfuck;Hate Speech
I WANT TO BE YOUR DECALCOMANIA I WANT TOOOO jungkook nuna rindu sekali Pgn nangis aja tu loh rasanya Tp gpp juga Km lg sibuk kan ya Mau rilis mixtape pertamamu Smg demo decalcomania masuk setlist lagu mixtape mu ya u;Netral
BITCH I FOUND ITTT YANG PUNYA ITU BOKEM SD KELAS DI DAERAH RUMAHKU ANJING;Hate Speech
I d take you on a date then fuck you till the bed collapses;Abusive Language
dadah anjing fuck u babi;Abusive Language
happy new year bestie terimakasih atas perjuanganmu di tahun terimakasih tetap kuat semangat menghadapi hal dan tantangan baru love you all my bestie;Netral
Sebab gerhana berlaku time kerja jadi walaupun excited gila babi tak boleh nak observe betulbetul Ni jela yang terbaik aku dapat observe Cool shit I tell you;Abusive Language
The fuck Udah gila ini negara;Hate Speech
gbsa non pengalaman ya ka;Netral
terimakasih telah mempertemukan dengan sekian banyak umat manuisa terimakasih untuk perjalanan sedihnya terimakasih untuk cerita bahagianya happy new year;Netral
anjing keren bet gua misuhnya wtf shit men;Abusive Language
tolol idiot lengob mbakk;Abusive Language
FUCK TAKE MY MONEY MOMMY;Abusive Language
Not jealous at first cuz i dont have money and time but shit Babi la cube;Abusive Language
selain patung di legian jatoh katanya highlight taun baruan adalah bule mabok ngomong selamat tahun baru pas dibales happy new year dia kaget;Netral
tapi itu kan memang lagi academic purposes juga safe space bukannya akan lebih baik kalau orang lain bisa memahami ya gimana cara memahaminya itu menurutku ya disampaikan;Netral
Hallo sayang happy mensive Makasih udah bertahan selama ini maaf kalau aku ada kurang dan akhir akhir ini sibuk sampai lupa kamu Im happy to be yours and im glad to meet you You are everything i need Please stay with me I love you most;Netral
Iya anjing fuck mana susah;Abusive Language
Fuck penjual AKUN NETFLIX BODONG DISHOPEE kali beli kali juga ditinggal kabur babi;Hate Speech
Anjing lah semua dosbing gue ngasih kejutan yg ga banget di ini Fuck this year bngst I really hate you;Abusive Language
Happy new year Terimakasih akun ini dan terlebih lagi terimakasih kepada para author yang udah nyiptain karya yang bisa menghibur kita semua di tahun ini;Netral
Shit its been more than years Kampret Kapan Ilangnya Anjer;Hate Speech
i know this is my decision to stay at home until this pandemic end tapi capek banget dari awal pandemi sampe sekarang selalu nangis gara kesepian dan kangen semua suasana sebelum pandemi Guys please tell me how to be grateful;Netral
Iya cewe nya ngga ngomong bjir tapi langsung bangsat anjing fck shit damn sialan Emang mau lo;Abusive Language
Eh geram nya like the fuck doh it was supposed to be your job kot aku pulak yg kene babi;Abusive Language
Baca komenan di thread ini ngeri pengalaman kkkk yg komen Mereka pernah berdealing dg cwok yg kelakuannya UwOwUwOw Nauzubillaah Itulah knp berdoa Yaa Allah perbaikilah aku amp siapapun dia yg kelak jd jodohku Meyakini jodoh itu sefrekuensi Klo gak pasti pisah;Netral
HAPPY NEW YEAR MOOTS Terimakasih telah mewarnai tl ku melewati tahun yang penuh air mata dan berbagai sambatan Semoga ditahun ini semuanya bahagia sehat selalu lancar rezekinya semoga semua planning yang belum terwujud dith bisa terwujud dith Ily more n more;Netral
BOBBY shit babi is killing me these days;Abusive Language
Happy new year ARmy Terimakasih udah menjadi keluarga kedua Btw tebak lagu ini my;Netral
Suaranya anjing fuck mleyot bgt astaga ini sebuatannya apa sih suaranya Deep husky voice Callable bgt suaranyaaaaaaaaa wouyuuy;Abusive Language
Nate bas trans babi Fuck;Abusive Language
Itu ditawarin solusi sama banyak orang lu ga ngasi solusi apa cuma bisa ngatain tolol doang Laki idiot dasar Kill yourself biar ga usah nyusahin anak orang Sorry youve exceeded the limit of kegoblokan I can take in a day I will no longer reply to this thread;Hate Speech
mgentot ni ubisoft anjing babi jahanam bangkrut lu setan LAGING TRUS ASU ANJING FUCK YOU UBISOFT BITCH COMPANY;Hate Speech
Halo kak izin ikutan yak Pengin bgt bisa punya album layover Thank u kak Borahe Lastfm;Netral
target musim ini ngga muluk deh jangan sampe degradasi apa mending degradasi aja ya biar pada ketampar itu pemain goblok garnacho bocah idiot ilang bola caranya kok gitu aja ya Allah;Hate Speech
teel seketika langsung anjing fuck taekook SJSJSJSJ KAGET MELEYOT AND ETC;Abusive Language
ini hari minggunya gabisa extend kah jdi jam misal masa tiba senin lgi;Netral
Fuck customer fakoff babi buto fakyu;Abusive Language
sayangku cintakuu terimakasih juga kalian mau jd teman virtualku hopefully someday kita bisa berteman di real life ya HAPPY NEW YEAR HAPPY BTS YEAR;Netral
Mula la trend sampah cant cant ni Fuck la babi;Abusive Language
bitch I didnt go to Mcd for a few months and now mcflurry costs like a plate of my bajet lunch tf mahal babi;Hate Speech
Wtf in all the fucks;Abusive Language
But u are stupid Harusnya lo gk usah balik lg dan tau kebenaran tai anjing atau apapun itu lah Fuck you bitch Permintaan gue jg harusnya diskip aja sm tuhan Biarin lo lcsp gausah sok balik ke sini lg;Hate Speech
IDIOT IQ RENDAHAN NILAI ASSET KOK PAKAI NJKB GOBLOK LO PIKIR MAU BAYAR PAJAK KENDARAAN DASARNYA NJKB ANJING NAMANYA ASSET YA PAKAI MARKET VALUE ANJING PINTER DIKIT SEKOLAH YG TINGGI TAI;Hate Speech
Awalnya karena aku sayang sayang cara papa bear ngetreat bts tapi makin sini beuh anak txt bikin sayang banget MY YOUTH IS TXT PROUD TO BE MOA TXT HEALING IDOL TXT TH GEN LEADER;Netral
agak meleset tp scr pribadi menurutku gaada bedanya sih mau dihapus atau engga ini tentang self control aja kalau km udh hapus tp masih gabisa kontrol keinginan diri buat kurangin main ya bakal end up install lagi mau segede apa size genshin berlaku jg buat gamesosmed lain;Netral
what the fuck this country literally gives us holiday not even during ramadan or eid in babi;Abusive Language
happy birthday amp happy new year brannn mau bilang makasii buanyak banget udah jadi salah satu ma favv moots selamat melanjutkan hidup di bahagia teruzzz lopyuu;Netral
thats hot fuck;Abusive Language
sayangg kak cath banyak banyak kakak even haters tuh ada aja ulahnya inget disini masi banyak orang yang sayang kak cath kak cath deserve to be loved;Netral
WHAT THE FUCK KENAPA AKU TAK PERNAH TAU PASAL LAGU DEREDIA GEMPAK BABI LAGU DIA;Abusive Language
nama kau ada dalam kamus aku baru tengok duduk sebelah perkataan babi dan atas perkataan fuck you;Abusive Language
selamat tahun baru utk semuanya semoga semua cita cepat tergapai dipertemukan dg hal yang baik semoga selalu mempunyai kekuatan utk melanjutkan satu hari lebih panjang setiap harinya dan tidak tersesat saat pulang setelah lelah happy new year to you too;Netral
He replied with a gif his stupid ass;Abusive Language
dan mereka sesantai itu dengan bilang kl daerah senen udah rawan ya kalo rawan lu basmi lah tempik once again FUCK THE POLICE U GUYS FUCKED UP;Hate Speech
buat tementemen gue di kampus fuck you lo semua aniing lo semua baik cuma ada maunya dan semenjak itu gue ga pernah tulus ngelakuin semua hal di depan lo pada lo bilang gue baik lol gatau aja kalo lo semua gue anjinganjingin di belakang;Hate Speech
the worst part nyawa melayang pas lg cari nafkah krn DILINDES fuck the police fuck the government;Hate Speech
Happy new year rarakuu zeyeng terimakasih untuk nya senang berkenalan dgnmu;Netral
fuck cute babi kauu;Abusive Language
ngurusin hari raya agama lain ngrecoki ajaran agama lain nanti ada kafir kutip surat langsung kelojotan menuduh penistaan Memang mau menang sendiri persis bocah idiot;Hate Speech
Anjing semua i just happy on yesterday but today everybody being a jerk Fuck you everyone;Abusive Language
babi sot tu mu shit boss para musafirve qu shko qitna qaj nderkoh un;Abusive Language
wht the actual fuck spicles gue bangsat;Abusive Language
I MEAN YEA SOME OF THEM ARE FUNNY AS FUCK BUT MY MAIN PROBLEM IS THE NON FUNNY ONE emang gue tolol banget gara shitposting bisa bikin ilfeel tapi ya begitu emang;Abusive Language
HAPPY NEW YEAR GUUYS terimakasih untuk tahun nya semoga rezeki kita lancar semua yaaa;Netral
Untuk aku ucapkan terimakasih untuk pengalaman baik dan buruk nya dan untuk semoga bisa memberikan pengalaman baru lagi yang bisa jadi pelajaran baik untuk diri dan untuk kedepannya Happy New Year;Netral
Ini nih doa nya Udah Kerasa MBC Gayo Daejejeon Gempa Tidur Sumedang Bakar Tel Aviv Resolusi Anies Bubble Selamat Tahun Baru Rozi Dirumah Happy New Year;Netral
WIN GA COCOK JADI FUCK BOY ANJING KEEP JADI BABY BOY GEMES AJA;Abusive Language
Halo Semoga kamu kuatin aku ya supaya sedih nya tidak berkepanjangan Dan semoga air matanya air mata bahagia yaa Semoga segala acara yang dilaksanakan bulan ini lancar terus Pliss i hope to much Be happy Putri;Netral
Happy new year too sayang I love you many many more sayang Sayang banget sama pacarku Terimakasih juga sayangku;Netral
Wish nya makin ganteng sayang army selalu sukses sama karirnya jadi kebanggaannya seluruh army pokonya Youre the best and be an iron man hero to the army Love u Dom depok;Netral
Halo Jennie noona gimana kabarnya Semoga selalu baik ya Maaf kemarin gue ga datang ke nikahan noona Oh iya anak noona gemes boleh gue culik ga Wkwkwk bercanda noona I hope you have a great day dont forget to be happy today noona;Netral
Happy New Year Selamat Tahun Baru semoga kita semua senantiasa diberikan kebahagiaan dan kesejahteraan baik lahir dan batin;Netral
Happy New Year Aku mau bilang terimakasih banyak kepada NCT ALL UNIT yg udh bekerja keras selama ini terimakasih banyak karena udh menjadi rumah kedua ku makasih udh nyembuhin aku aku sayang kalian aku akan selalu mendukung kalian sampai kapanpun;Netral
Noted Capek ajg ketemu nya sama orang orang yg gitu mulu to be honest pengen dapet pasangan yg bisa ngerubah lebih baik tapi nyatanya gada yg kek gitu Jadi gasuka sama cowo udah capek bgt alurnya sama aja;Netral
Kau pulak tak sembang pun dah nampak bodoh dengan casual firm shit budaya anjing Jangan tunjuk sangat makan tulang tu;Abusive Language
st day of good morning twitterians yg cantik manis kacak bergaya semoga dipermudahkan segala urusan kita setiap hari ayuh semangat bertambah lagi usia kita;Netral
BAYANGIN DIA UDAH BERUSAHA DARI MODERNDANCE KE HIP HOP UDAH SUSAH DIA UDAH KALI HAMPIR GAGAL DEBUT PAS DEBUT DIKATAIN GENDUT KAYAK BABI DIKATAIN TERLALU CEWEK SAMPE DIA DIET EXTREAM CUMAN MAKAN HARI SEKALI DAN SEKARANG APA LAGI BITCH;Abusive Language
TIDAK MEMBUNGKAM MEDIA SHUT THE FUCK UP GO TO HELL;Hate Speech
Siapa sangka idea kecil yang tercetus daripada pengalaman peribadi akhirnya membuka jalan kepada lahirnya satu jenama produk pelilinan waxing yang dikenali sebagai Wawawax Baca selanjutnyagt;Netral
Asem aku pindah lagi kampret Ke DO mulu sih RT hari lagi bakalan masuk sekolah baru lagi shit;Abusive Language
WHAT THE ACTUAL FUCK takut kah kalau tindakan represif kalian itu disaksikan rakyat dan berujung rakyat memerangi kalian bajingan;Hate Speech
anjing fuck bangsat;Abusive Language
BABI FUCK APEHAL TIBE TAKDE LINE BABI;Abusive Language
mereka nggak pernah nyenggol trainee lain dan cuma ngomongin pengalaman gak enak mereka tanpa harus jatuhin idol lain;Netral
Fuck babi aku nak mati sial Kenapa kenapa kenapa jenapaasvsjsjbans;Abusive Language
haters tiktok idiot bgt awas aja lu nelen ludah sendiri ya kontol;Hate Speech
selamat tahun baru semua semoga ditahun ini kita jadi lebih bahagia dan jadi pribadi yang lebih baik lagi HAPPY NEW YEAR;Netral
ya Allah that eunhye girl ya Allah annoying dia fuhhhhhh fuhhh fuck you omg annoying babi bapak sial;Abusive Language
Makin siang jaringan makin goblok makin malem makin idiot;Hate Speech
I dont give a fuck lah anjing;Abusive Language
Annoying babi quick reaction story ig Aku slalu tetekan shit;Abusive Language
I dont want to have a kid This is my statement Karna mikir overpopulasi animal extinction climate change and again this world is not save for woman and kids Then somebody told me ya gpp tapi jgn jadi bitch kalo di masa depan yg rule negeri ini orang tolol semua;Hate Speech
Lebih idiot lagi kaum penyembah WihDongo Bolak balik di tipu tetap dipuja sebutkan program dia mana yang berhasil Nawa cita taik anjing Murid sekolah sekarang byk yg longor Penjumlahan aja syulit;Hate Speech
Babi ini anAk satueee RT haa Kau sdh ndk prawan mi Muhammak;Hate Speech
aaa dean kamu jgn gitu dong jadi sedih kan emg juna brengsek bgt bajingan goblok idiot asdfgjkl;Hate Speech
What the fuck Anjing;Abusive Language
Happy new year meeenggg Terimakasih atas kerja kerasnya di tahun semoga ditahun semakin bersinar dan selalu disertai hal baik meeengg;Netral
gabisa milih both of them udah sayang yang ya Allah i want them to be happy;Netral
URGENTLY NEEDED Dibutuhkan HSE Officer Project PT Indobara Bahana untuk project Fire System UBP Gresik lokasi Kualifikasi memilki sertifikat ahli k umum KEMENAKER ada SKP BNSP yang masih berlaku pengalaman tahun fresh graduate welcome;Netral
Page of Selamat datang segala perjuangan kepahitan rasa sakit dan jalan yang terjal siap tidak siap semoga mentalku kuat aja si Welcome Happy new year;Netral
Pengalaman selama ini hsl kerja tim internal spt PROPAM KOMPOLNAS di kasus Km Sambo Kanjuruhan dll kita bisa perkirakan hasil kerja tim reformasi akan berkesimpulan polri sdh bekerja sesua UU amp peraturan yg berlaku penyimpangan yg terjadi hanya dilakukan oleh oknum;Netral
I added a video to a playlist Wanita Cantik Asal Jepang Nyanyi di Indonesia Showw Keren Habis;Netral
orang gue benerin notbuk tolol hagi nya ntar malem zzz kalo gak tau diem gausah marah cerewet idiot begooooo;Hate Speech
Muak banget dengan orang yang ngerasa dirinya paling cantik paling pinter paling sempurna dengan merendahkan orang lain Bukan mendewakan oppa korea but using namjoon as my face claim bacause i can see myself in him He knows hes not that handsome to be comparing to the;Netral
adalah tahun terburuk fuck you banyak bgt kejadian tolol;Abusive Language
Diri kita ni dinilai dari segi skills pengalaman dan attitude Elaklah syarikat yang cerewet and pentingkan bendabenda remeh macam ni daripada skills korang sendiri Jom apply kerja kat website ni sebab ada lebih dari ribu jawatan kosong;Netral
Pelajaran be serious pas pemilu Jangan mikir gak ngaruh gak ngirih Pilihan kita tuh bakal menetukan pemimpin at least hidup damai deh kebijakan gak mencekik mayoritas rakyat Jangan golput fomo ngaco bener be smart and serious;Netral
Fuck the police tapi ya masa lo pada berharap seorang GRAB nulis di statement nya Polisi anjing kayak bro pake otak lo lah;Hate Speech
jd gua memberanikan diri untuk melihat tiktok rewind karna ingin tahu secringe apa fuck nyesel anjing udh mah upload di youtube kaga hd PAKE ADS SENSE LAGI gila apa ya aduh pusing;Abusive Language
babi lek ah Im not gonna live you forever bitch;Abusive Language
Fuck co susah nak mati anjing;Abusive Language
ns headphoneku akhirnya kepake untuk ngeredam suara dangdutan tetangga goblok yg kedengeran satu RT no shit kasur gw sampe geter asu;Abusive Language
soalnya kebetulan aku penggemar brand mitsubishi menurutku itu brand produknya gaada yg jelek;Netral
Oh god gue sampe WFH hari ini Stay safe all Yang turun demo hari ini hatihati dan yang ga ada kepentingan hari ini di rumah aja ya Kita makimaki pemerintah lewat sosmed;Hate Speech
Tahu dah orang kulit cerah ni perfect sial babi anjing cb fuck sentap bhai sentap TAHU AH PERFECT;Abusive Language
Ini tuh bangsat udah nyiapin rencana dari jauhjauh hari tp berantakan gegara kaya gini fvckinasshole;Abusive Language
Fuck you kerja tak sampai dua bulan lagi dah fikir nak menipu mc Berubah lah anjing;Abusive Language
Yg bajak twitterx alfi Fuck ANJING itw orang Tdk pnya perasaan setan By ABDI;Hate Speech
babi pagi lagi dah buat aku emosi damn you ufo;Abusive Language
Sebab tu aku suruh report sorry aku lupa sekalikan ayat anak babi ni buat jumpscare Shit;Abusive Language
Cowok idiot kayaklu les apaan Pada dasarnya orang goblok memang menarik;Hate Speech
Anjing fuck;Abusive Language
Lama anjing fuck kaya banci saja KDKC;Abusive Language
Satu hal yg bkin aku gak suka klu pergi melayat dmana org berfoto tpi senyum sambil berpose Kek ngapain sih njir Ini org lgi berduka bsa nya selfie foto sambil pose kek gitu Menurutku itu gak menghormati keluarga yg berduka Kecuali klu yg meninggal emang org jahat sih;Netral
Remind me to my husband laaa Tibe tibe rindu laki i hehehehe Bless gile to be granted a happy go lucky shube yg mcm tade masalah dunia lansung sgt sgt bersyukur I love you bb;Netral
to be honest capek bgt asli krn ak pernah ngadepin cowo yg kyk gt bingung bgt ngadepinnya kl tbtb ga mood;Netral
why suddenly so gloomy mentally tired from the past few weeks at work had to bear ppls stupidity that you always had to be polite with smiley voice while all you want to do is tell them how stupid they are and that they had to use their brain more often kasian goblok;Abusive Language
Happy new year Saya menulis ini di awal tahun semoga apapun yang selalu saya aamiin kan tercapai terimakasih sudah mengisi semua hari ku dengan warna mulai gelap terang buram terimakasih terimakasih Selamat datang;Netral
shit aku harus gimana skrg anjir la pagi dah mikir keras babi;Abusive Language
Babi desperate bitch sial haha Dm mcm bontot;Abusive Language
Whenever someone dies be it a celebrity or what these bitter ass meleis just got to say rakyat palestine mati bejuta juta tak kesah ke look little shit theyre STILL manusia bukan tikus la babi;Hate Speech
eh kimak ada manusia la bodoh bawah kereta tu digilisnya what the fuck;Hate Speech
anjing gw juga yatim dan baca ini gw pengen nangis bangsat the fuck is wrong with you;Abusive Language
WHAT THE ACTUAL FUCK IS THIS AHAHAHAHAHAH BABI SIAPA RT TADI AKU SUMPAH JADI BIAWAK;Abusive Language
fuck anjing anjing anjing anjing anjing;Abusive Language
Semuanya hanya bisa sya sesali krna selama ini yg menghancurkn hidupku dan menghambat masa depanku itu kamu BANGSAT fuck for you G;Hate Speech
sayang icha bgt makasih juga chacha mau jadi temen nana selama ini nana bisa bertahan sampe sini juga karna ada chcha I am very lucky to know you ILYSM CHAAA BE HAPPY PLEASE;Netral
Gampang sih kalo pemilik klub sadar kan yang pilih mereka itu para pemilik klub ini pemilik klub idiot pilih orang orang tolol buat urus sepakbola padahal kalo mereka pilih orang profesional benefit dari sisi bisnis klub pas ningkat;Hate Speech
sohai laaa idiot you fuck cykaa blyat goblok stupid whees your brain la;Abusive Language
dah nak kahwin pon buat perangai babi fuck you;Abusive Language
Bego dungu tolol itu emang gratistapi jangan diambil semua bangkasihan kan kaum onta keledai n kamprets ga kebagianmasa harus dibilang idiotsngar kali bang;Hate Speech
BANGSAT GW KELEWATANNN FUCK U TV;Abusive Language
to be honest tgk cara bf dia ni text aku mmg tak sukaaaaa sbb pernah dpt mcm ni tapi lama lama rasa annoyed and eh entah la maybe bukan org yang gua sayang kut uhuks lain org lain taste kan;Netral
iyaaa aku juga into design let s say soal branding looks logonya baru reveal ini dan belum mencakup konsep identitas comeback secara keseluruhan menurutku kita tunggu aja sih soalnya kalau ngomentarin soal logo dari aku juga ada banyak aspek yang bisa dikritik;Netral
Gabener TOLOLJgn cari kambing hitam terus Kalau ente mau bayar TGUPP pake dana operasional ente bukan dari APBD JKTGelar tinggi tapi idiot;Hate Speech
Selamat tahun baru temen Gila Film semuanya Pasang resolusi sebanyaknya di tahun Kalo gak kecapai satupun di akhir tahun nanti berarti kita termasuk orang yang konsisten Happy new year;Netral
its okay to be a solo stan tbh kita ga bisa maksa tiap orang untuk sayang sama semua member sama rata karena balik lagi kita suka sama dia kan ga cuma dari faktor music as a group mungkin suka personality visual how he treats fans yang tiap membernya beda;Netral
beauty vlogger yang paling gue sayang dan adore bgt bgt bgt goes to adhelia fa aka blackxugar hiks lihatlah betapa gemesinnya dia di sini;Netral
Happy new year terimakasih udah nemenin ngelewatin pergantian tahun ini aku kenal Junghyun kenal kalian seneng bareng ketawa bareng sedih bareng nangis juga bareng Tetep bareng untuk tahun berikutnya yaa;Netral
Fuck gue udah muak banget sama nih komplotan babi musnah aja lu semuaaa;Hate Speech
cant even have breakfast peacefully cuz why the fuck am i suddenly tearing up gr kepikiran utbk anjing;Abusive Language
Intv kek biasa nya kak perkenalan diri skill apa yg kita kuasai trs background pendidikan kebetulan waktu itu baru lulus SMA tp skrng nyambi kuliah jg pengalaman krja sblmnya apa kek intv pada umumnya aj kak untuk pabrik nya itu produksi buat pembasmi hama;Netral
The softest man ever Full of love gemesin bisa jadi bayi banget pokoknya bikin mau unyelin pipi dia but can be so when it comes to another matter Dorky jamet alay diborong semua sama dia tapi tetep bikin sayang Ganteng juga;Netral
Alias fuck it anjing gw ga peduli kalo lu pada ga peduli Gw cuma peduli sama nilai gw sorry banget Iya Iya gw individualis Iya Iya gw no mercy;Abusive Language
ISTG DAMN KESEL BANGET STOP STANNING THEN TBH aku kesel banget apaan bilang was their era totally no fuck Jimin struggling and there are also a lot of problem for god sake was a tragedy era anjing lu pada ngomen gini;Abusive Language
FUCK GET YOUR SHIT TOGETHER VIS SKSKSKSKSKSK GUA TH PLACE YANG BENER AJA ANJING;Abusive Language
Ibu mengandung anak sulung lebih lemah dari segi emosi pengalaman dan fizikal jadi mudah terpengaruh dengan gangguan Perubahan hormon amp aura badan ada yang percaya bau badan hormon dan aura wanita hamil menarik perhatian makhluk halus;Netral
Shit Ngentot sambil ngocok memek sendiri Becek pagi hmm;Abusive Language
Ngepost sesuatu tentang demo tuh wajar anjing negara lagu kacau balau begini juga tai dibilang mlu maluin karena sok Sokan tau tentang politik DIH malu tuh kalo Lo TONE DEAF ANJING Thats why kita harus tmenan sama orang yang punya simpati dan empati Be kind;Hate Speech
gue nginep juga kaga anjing tp gaboleh fuck lah;Abusive Language
yapppss setuju keknya menurutku utk dunia mrk dapet cinta sejati masii jauh deh;Netral
Fuck Kontol Anjing;Abusive Language
Mana ada bakat Adanya persoalan kelas fasilitas dan akses Ketiga hal tadi ada dalam sistem yang akan mendukung keahlian seseorang muncul Munculnya keahlian juga seringkali percuma Sorry to say kalian yang punya akses pun emang anjinganjing kelas menengahatas idiot;Hate Speech
disituasi kayak gini masih ada aja yang ngebela the government what the fuck is wrong with u guys;Hate Speech
Orang yang dulu disayang sekarang menjadi bangsat fuck;Abusive Language
Happy Selamat New Year Tahun Baru Persetan dengan tahun baru harus diet Aku sambut tahun baru sambil makan nasi goreng gila di atas genteng;Netral
Nasib si introvert yang lain pada keluar gw mah diem bae di kostan Sambil memandangi jam dingding Terimakasih and Happy new year;Netral
bapak geli weyhh RT Shit sd card aku yg penuh gamba seksi aku tercicir Babi malu a aku gini;Abusive Language
Im going to be alright I promise sayang banget gue sama orang yang rela dengerin kisah gue dan bantu gue ya emang seru si kalo dibikin trit juga yakan wkwk maap;Netral
ANJING DIA BILANG JANGAN KEBANYAKAN NGURUSIN HIDUP ORANG SAY THAT SHIT TO YOURSELF BITCH INGET APA YANG LU LAKUIN KE GUE;Hate Speech
Ingatkn family boleh support dari belakang rupanya lebih anjing dari rakyat jelata fuck you all;Hate Speech
fuck bbc foto heejin hyeju bawa tongkat kontol pukul gw;Abusive Language
babi la i wanna settle all shit petang ni then ppl suddenly come;Abusive Language
Fuck sial aku ni aku mmg fuck babi erghhhh;Abusive Language
gue dah pernah cerita belum sih yg gue kambuh lagi depressed as shit terus sama beberapa orang disitu mereka bilang gue tuh depressed because i didnt try to be happy or to stay positive intinya kek mereka nggak suka lihat gue pagipagi udah ih anjir gw capek mw mati aj;Netral
tuh is a bitch banget deh anjing kayak gue kira kan gue udah ancurnya ya ternyata lebih tai lagi buat kita semua sih apalagi banyak yang harus dikerjain kan tapi kondisinya kayak gini ya gimana dah anjir gimana ga tiap sore nangis di jemuran;Abusive Language
ga pernah berenti menyuarakan kl gue bkn bagian mereka fuck off all you get is the nation being torn apart;Hate Speech
fakboi and stupid sok imut goblok girl;Abusive Language
TERIMAKASIH BANYAK YAA HAPPY NEW YEAR;Netral
Lay udh sabar tapi lo pada fans yg ngatain dia stupid jauh lebih sampah Lay adalah org tersabar yg pernah gue kenal Dia marah Wah lo pad audh kerterlaluan bangsat;Hate Speech
Makasihh IDN Live nyaaa ketawa mulu ngedit ditemenin dedek happy poll seketika mata melekkk gausah bikin kopi item kali yaa wkwk Sekali lagi happy new year terimakasih kerja keras nya selama ini lop banyak banyakk met turuuu jaga kesehatan yaaw;Netral
Cuma gara satu tweet malah di replay Goblok emang koreaboo Fool media As jurnalist its so much damn fool to do smtg like this Ur opinion can replay with other account not damn this stupid account;Hate Speech
Fuck you bro jijik anjing;Hate Speech
LU YAKIN ITU PAJAK DIGUNAIN UTK RAKYAT YG PENTING NOH JALAN RUSAK SUBSIDI PENDIDIKAN KENA EFISIENSI SEMUA APA MAKIN MAHAL WHERE TF IS THIS PAJAK FOR MASYARAKAT UR TALKING ABT BITCH PEJABAT TAI ANJING NOH YG NIKMATIN PAJAK;Hate Speech
gue males bgt anjing i don t even want to listen to it anymore fuck this shit;Abusive Language
happy new year broo terimakasih sudah berjuang selama ini dan berusaha semaksimal mungkin semoga ditahun ini kalian bisa menjadi yang lebih baik lagii jangan dengerin omongan orang yang mungkin kurang pantas untuk didengar;Netral
babi kutipan lu ga mgkn gw bales wkwkwkwkk fuck;Abusive Language
harusnya gua jangan bilang wfh ya ke nyokap harusnya bilang aja kerja terus ikut demo anaknya oversharing dan ga bisa boong;Netral
Baru tidur jam kau dah kejut macam rumah terbakar semata nak hotspot Ehhh fuck babi anjing shibal shikyia;Abusive Language
list yg akan gua benci selamanya prabowo gibran pemerintah polisi brimob dan jajarannya damkar tolong ambil alih in damkar we trust;Hate Speech
sayang gilaaa siaaa by naim daniel tak dapat masuk final like he being robbed by by hael husaini which is supposed to be sang by nabila razali tonight yihhhh emo pulak aku;Netral
lah anjing lo ngurusin mereka aja nggak pls yg keurus cuma member yg lain dilantarin aja fuck corporates;Hate Speech
Selamat tinggal tahun yg menakjubkan tq utk bahagia rejeki semangat luka dan kecewa tq utk diriku yg udh bertahan dgn baik Thanks it s amazing year for me Selamat dtg semoga semua mimpi dan cita terwujud Happy new year New Life New Adventure;Netral
Fuck kat cheras lg eee babi sial;Abusive Language
Karna daripada marahminta penjelasanminta tolong yg paling mudah memang menyalahkan diri sendiri sih klo menurutku Entah karena udh berat bgt punya ego tggi atau rendah diri berlebih Makanya ada yg lebih milih spt itu;Netral
you damn idiots dont represent a culture put in stand ins if you dont know what youre doing AOT S E mark MUSLIMS DO NOT DRINK ALCOHOL YOU KAFIR I wish the Mongols just wiped out japan and this atrocity never happened;Hate Speech
aku tap out babi fuck aranara quest;Abusive Language
Girls no need to be hipokrit Just be yourself babe And tak perlu nak rasa insecure or whatever Most important is bila in relay on in marriage jangan ada perasaan perempuan tu lagi cantik dari aku Aku takut lakibf aku suka dia;Netral
Fuck you la hahaha Dah la brawl pun kalah babi noob shit;Abusive Language
Happy New Year Selamat datang ditahun Semoga menjadi tahun yg bersahabat Perbaiki yg harus diperbaiki di capai yg belum tercapai Bismillah pasti bisa;Netral
Senang skali lihat mukanya anjing dibanding muka orng yg sering bkin emosi Fuck and shit you;Abusive Language
Akun sekecil apapun harus bersuara FUCK THE POLICE FUCK THE GOVERNMENT;Hate Speech
What the fuck Mereka ngelindes lagi Memangkan anjeng babi pantek;Hate Speech
Sok Inggris sok pinter omong kosong semua opini lu anjing Bloods in your hands bitch;Hate Speech
fuck babi kau ni huh;Abusive Language
so far taktiknya keren akhir ini sering unggul dalam permainan tinggal pemainnya aja sih menurutku;Netral
Halo kak tha Happy new year Semoga diberkahi selalu oleh Tuhan semoga selalu bahagia dan semoga selalu sehat We barely talk and i think that should change bcs i want to be close to you too but idk how Hehehe;Netral
happy new year teman temanku cintaku kasihku selamat berbahagia di chapter berikutnya;Netral
Tolol RT Sampe umur segini aja gua belum hafal banget nama warna Damn;Abusive Language
Pengen ngeluh ini capek bgt Beberapa minggu terakhir overthinking otak rasanya udah keprogram buat supaya ga kaget tau dapet kabar buruk i just want to be happy;Netral
go fuck ur self lah babi;Abusive Language
Thats my own style RT Idiot RT Manusia plg bangsat sejagad raya mandi sambil bawa mini sound;Abusive Language
FUCK ERIC ANJING ISJSIENOWIDJDJRJDND;Hate Speech
sementra itu petinggi iof mngkritik tentaranya sendiri yg bersikap tolol dungu konyol bodoh idiot bebal dongok goblok di medan perang;Hate Speech
Selamat pagi dan happy new year temanteman Dari aku yang baru bangun;Netral
Happy New Year everyone Tidak perlu ditag ya Semoga lebih bahagia Untuk karir amp rejeki semoga dilancarkan ditambahkan Sehat amp selamat Tolong banget tolong semoga lebih bisa bersikap amp berfikir dewasa Dan bisa mengurangi over thinking Less stress Untuk saya;Netral
Fuck you Persetan dengan cinta lu itu anjing;Hate Speech
Masih ada waktu tahun Cukup rasanya untuk mendirikan partai perubahan Apalagi Anies sudah punya pengalaman di Nasdem;Netral
Haritu anakku buat sale sayang la dia nda tpigi Pasal bus pula i think sbb bus kan relatively large Jadi impak bila kena langgar or melanggar is lesser than smaller cars Plus bila dia besar it is heavier so it is supposed to be slow Penumpang lebih selamat hehe;Netral
oh belum tentu yg ngeremehin k trainee kok bul yg bikin twit lagi ragebaiting ajani akun emg sering gitu sih wkwkwk cuma hanwen sndiri bilang dilive kalo ada yg ngediss entah ke mereka atau lebih ke lagunya cuma ya menurutku mau alesannya itu lagu atau membernya ga;Netral
halooo moots ku yang cantik dan baik hati yang seruuuww selamat tahun baru ya sayangsayangku semoga di banyak bucket list kalian yang ke checklist dan lebih banyak bahagianyaa selalu kompak sayang sama sebong yaa loveee u sayangku;Netral
adakah yg jadi guru les paudanak dibawah tahun mau tips cara ngajar mereka dan cara interaksi atau ice breaking selama ngajar dong sender mau micro teaching nge les mereka tp klo suruh ngajar yg sambil nyanyi gitu ga pede amp juga blm ada pengalaman ngajar;Netral
terimakasih banyak bang ber happy new year;Netral
Fokus jdi menpora aja pak biar di pegang sama orang lain yg punya waktu dan pengalaman lebih jangan maruk;Netral
Kapoyi lawas ko lamie eh fuck kuman babi where are you hahahahaha pampawara kakapoy;Abusive Language
fuck u all orang orang bangsat;Hate Speech
I love so much holy shit same;Abusive Language
hari libur seminggu dn lo gak punya pengalaman gaji segitu tuh lumayan gede loh;Netral
Happy New Year mootsssss gw emg jrg nge twit dn agak jrg interact jg but still i love u guys sm Wanna saya thank youu so so much for everything Gue jd g ngrasa kesepian ada klian dsni kkkkk Gue emg lbih suka nyimak dan klian semua beneran ngehibur gue bgt Love pokoknyaaa;Netral
Menurutku disini km yg too much sih masih blm siap rumtang Tapi coba obrolin aja sama calonnya siapa tau dia biasa aja Soalnya gw kpopers jg tapi masih tahap biasa misal punya suami yg dari bangun sampe tidurnya nontonin video cewek kpop mulu jg kesel;Netral
This is my personal opinion la eh tak kisah la lelaki ke perempuan jangan lah terlampau selekeh sangat Its okay to be simple tapi biar nampak kemas amp cantik Jangan la belum sampai usia dah nampak macam pakcik amp makcik especially girls Belajar la sikit berhias;Netral
Semua lah salah aku apa je takeverything nak playvictim sumpah macam babi fuck;Abusive Language
Hai Kak maaf sekali jika penyesuaian harga paketnya membuat tidak nyaman Penyesuaian harga dilakukan untuk pengalaman internet yang lebih baik Kami pastikan kualitas tetap prioritas Ada banyak pilihan paket internet dari IM aku sarankan bisa cek berkala melalui aplikasi;Netral
GUE KANGEN EXO ANJING FUCK LAH;Abusive Language
Mungkin dia jadi idiot krn minyak BABI;Hate Speech
FUCK BUAT ORANG YANG NGAKUNYA OT TAPI MENORMALISASIKAN MISTREATMENT AGENSI KE GISELLE ALIAS LO SEMUA ANJING;Hate Speech
Capek gt loh dideketin cowo bukannya apa tp standar bawah aja banyak yg ga masuk I d be glad to have a chat w u tp kalo emang lo orang yg enak diajak omong DAN PLIS GAUSAH MAKSA GUE RESPON sadar diri aja kalo lo emang bikin risih kalo chat kalo kemudian gue ghosting;Netral
Fuck la babi game crash time main Aku dahla unlock banyak item bodo tak sempat nak save;Abusive Language
no nanti ke rumahlah ada babi tah Ngape kau kayak babi kek Fuck you too no dan selamat natal Mer;Abusive Language
Pergi lah jauh mana sekali pon The end of the day mesti rindu katil rumah Feel good to be back at my room;Netral
stupid for all of you who are offended just because of a joke Alias bangsat ini joke Kalo nggak faham jangan ngeqrt Ngentot;Hate Speech
junjungan lo yang tolol idiot cebong idiot;Hate Speech
mjb kak menurutku itu ttp resiko cewenya jg sih apalagi sender blg Mereka bener berfoto enggak pake busana tanpa rasa malu dan senyum cerah tandanya mereka sama mau dan itu kesalahan mereka berdua jd menurutku gaperlu mengasihani salah satu pihak;Netral
So Jesus was an asshole in the Old Testament;Hate Speech
Fuck la how my day went south today is like babi sial how bad it will be for me today fkfkfkfkfkfkfkk im so maddddd;Abusive Language
mentokin kontol di memek cepet nggghh fuck isep lehernya;Abusive Language
Ngakunya sayang cinta trus tingkah kamu kayak anak anjing baru lahir zimemang pecundang kamu ye Fuck;Hate Speech
Fuck what she on unless u tryin to end up in a old folks home you go watch this babi;Abusive Language
Mussus in minority We are suppressed we are secular and all inclusive We need more rights Mussus in majority Those who dont believe in Ola is a kafir kill them and destroy their culture Ola hu uber Fuck you;Hate Speech
happy new year leo selamat datang selamat tinggal semoga tahun bisa lebih baik lagi bisa lebih bahagia lagi semoga hal baik selalu menghampiri dikurangin ngeluhnya syukuri apa yang ada dan bahagia terus di tahun baru ini aamiin;Netral
happy new year guys semoga tahun ini bisa jadi tahun yang baik untuk aku dan kita semua buat semua mutual aku disini dan semua temen temen yang follow aku makasih yaaaa udah mau temenan sama aku HAPPY NEW YEAR selamat menikmati malam tahun baru;Netral
Most of these racist idiot Boers dont even know what the word kaffir means Its an arabic kafir derivative meaning infidel;Hate Speech
Cannot eat until something Damn babi;Abusive Language
ULANG FUCK GUE LUPA CROP BANGSAT IKUTAN makasih koh gila keren banget salah satu org yg sabar ngandelin monyet iblis neraka kek gue yg paling mature dri kita semua PLISSS THANKS A LOTTT HARUS KETEMUUU;Abusive Language
otsuu solce selamat istirahat thankyou buat jam nya dan thankyou juga uda kerja keras di tahun HAPPY NEW YEAR SOLCE love u so muchh;Netral
Mereka anjing fuck emosi gw bacanya;Abusive Language
Anjing tolol idiot gagitu bar kontol gua blgin nyokap lu nih;Abusive Language
Selamat tinggal terimakasih untuk suka duka yang pernah ada Welcome mulai dengan semangat baru lagi Happy new year guyssss;Netral
ah anjing kenapa sih fuck;Abusive Language
SHIT Babi nokharom betul Okay dua okay;Abusive Language
WKWK IYA ANJIRR W SUKA NYANYIIN we wish u a merry christmas and happy new year GITU AHAHAH;Netral
Cermin Antik Minta Tumbal The Conjuring Last Rites dibuka dengan latar Ed dan Lorraine mengalami pengalaman supranatural di sebuah toko barang antik yang melibatkan sebuah cermin kuno dilanjutkan dengan kelahiran yang traumatis dan sebuah;Netral
riil krn diskursus qawwam selain masokis bdsm kink hode misoginis performative female pick me anjing memek kontol bitch lonte saya itu ternyata penyepong kontol patriarki dan mereka pikir saya deserve semua label itu alhamdulillah Allah kasih transferan pahala tp nanti;Hate Speech
si gendut monokotil itu pikir ini masih era kali ya yg gada internet jdnya hal kek gini tuh ga kesebar shut the fuck up ya ndut;Hate Speech
Fuck Jgn serabutkan keadaan Kau chill je boleh kan Bukan kau yg kerja on tht time Babi;Hate Speech
WAH KAMPRET damn itu tendangan ntabtul;Abusive Language
happy new year guys dapet updatean dari pacar dimenit pergantian tahun yeahh i started with the person I met in terimakasih Mark Lee terimakasih atas semuanya aku bisa sekuat ini juga karena kamu aku bisa sekeren ini gara gara kamu kamu akan selalu jadi;Netral
You fool Are you saying that to be a good Christian you dont have to follow the Bible The book that Christians believe God revealed to guide them I really cant believe you can be that stupid Please tell me youre joking;Hate Speech
Idiot hoga tera baap lanati insan Kafir nayak k chele;Abusive Language
ga nyangka doing stupid things tolol;Abusive Language
We need to give energy to get energy Keluarin energi capekcapek olahraga biar badan dapet energi tubuh yang lebih banyak Demikian juga kata Benjamin Franklin If you would be loved love and be loveable;Netral
U Untuk itu tak lupa ak pun dandan yg cantik utk menyambut NCT Saat membayangkannya aj sdh membuat aku sngt senang N Nah selain itu ak jg tentu akan merasakan euforia yg asik dgn bernyanyi brsma dgn sijeuni Bkn hanya itu akupun tentu akan berkenalan menambah tmn bru Nctzen;Netral
Damn it Hahahah Tu dgn anjing Ni dgn aq Lain eye contact dy Hahah;Abusive Language
What the Fuck Inikah yang kayanya melindungi dan mengayomi rakyat Dimana letak mengayomi dan melindungi nya kalo masih ada korban kaya begini Fuck you Police;Hate Speech
Sexy as fuck Baby;Abusive Language
WHAT THE FUCK hari tu gak berasa bangsat thats so unfair;Hate Speech
Pengalaman Ikut BIMTEK Kepenulisan Berbasis Konten Budaya Lokal di Perpusda Kendal Belajar Menulis Konten Budaya Lokal Khas Kabupaten Kendal;Netral
pale hotak dia suka hati aku la nak gelak banyak ke tido banyak ke diam ke babi fuck this speculation BUTOH;Abusive Language
Sarinah hadir sebagai Official Experience Partner untuk LaLaLa Festival dengan tujuan memberikan pengalaman budaya yang relevan dan memberikan warna baru bagi generasi muda;Netral
KARINA KATA GUE KALAU LU GAK AJAK YUJIN CHALLENGEFOTBAR SIH PARAH DIA LAGI CANTIK CANTIKNYA U BAKAL MELEWATKAN KESEMPTAN;Netral
FUCK BABI ANJING TIDAK REPSPON BABI KONTOL ANJING;Abusive Language
Kak Lues happy new year Also thank u for having Cenora in ur Semoga suka cita dan kebahagiaan menyertai ya Salam buat pacarnya i hope someday kita bisa saling menyapa hihi;Netral
yanileksono Happy New Year Selamat Tahun Baru Dengan pergantian tahun ini semoga ceritacerita kita semua akan lebih indah ke depannya dan jangan lupa ambil pelajaran dari tahun;Netral
kawan geng terikat dengan memory Anjing fuck kucing Hahahaha;Abusive Language
jangan jadi anjing yang menggongong di tengah keheningan malam Damn;Abusive Language
Ngelakuin hal yg bikin kamu seneng nder kumpul sama orang biar ga keinget terusdan sekali kali coba hal baru yang belum pernah kamu lakuin pokonya apa aja yg bikin kamu tambah sayang sama diri kamu sendiriga perlu terlalu lama bersedih nder you deserve to be happy love;Netral
Masih WNI kan Belagu bgt bangsat selagi lo masih WNI lo belum merdeka Lucky enough to not experience it my ass;Hate Speech
butoh reff pala anjing Southampton fuck main kotor babi kemak;Abusive Language
Happy birthday to my beloved bassist in the world Im speechles intinya Aku sayang kamu mas bri Semoga jadi tahun keberuntunganmu ya semoga kita juga bisa ketemu amin Stay healthy and be happy as always;Netral
babi macam mana mintak rt pun boleh dapat barang free shit aku nak semangat hidup pun susah;Abusive Language
gw ad voice note nya billy wkakakak ccd sial dsr lu sipit bodoh idiot tolol wkakakaa;Hate Speech
sayangku selamat taon baru makasi dah menghibur gw pls lu jg harus bahagia karena lu adalah sumber bahagia gw demi Allah cringe bgt tp yaudahlah emg di subab cinta kita kg mengenal cringe jadi gw akan mencintai lu dgn gini aja happy new year anak pertama gemini;Netral
Saya bigung buat hari ini ko orang orang rame banget yaa padahal hari ini engga begitu memewah kan pengan keluar jalan pada di tutup kan bangsat dan aneh nya hari ini semua pasti pada updet tentang ke senangan mereka dan mereka DAY;Hate Speech
bukanya doa malah nyinyirin bangsat kau ga punya adab fuck jari tengah ini buat lo;Hate Speech
Jijik banget sumpah anjing shameless bitch;Hate Speech
Halo semuanya Saya hengpon iphone black benda kesayangan yang merupakan kebanggan choi yeonjun jangan iri bos saya suka dipamerin MY YOUTH IS TXT PROUD TO BE MOA TXT HEALING IDOL TXT TH GEN LEADER;Netral
bogor tolol jam segini macet sama aje ky jakarta bekasi idiot babi;Abusive Language
gw toxic jg sih kl ngmg people who meant for me will stay ketika i know damn well im not making an effort for them to stay goblok;Abusive Language
why im to be army cause bts made me to love myself aku bersyukur bisa kenal kalian karena begitu banyak cinta dan sayang yg tulus yg kalian berikan luv u;Netral
Cewek anjing fuck untuk kau nam;Abusive Language
Lucia Happy New Year dan selamat ulang tahun juga Peluk Hadiahnya menyusul setelah kita pulang ya;Netral
ANJING PADAHAL RESOLUSI STOP BERKATA KASAR TAPI BARU BRP MENIT UDAH SIRNA GARA GARA KALIAN FUCK;Hate Speech
DESERVE SEBENERNYAAAAA soalnya kak sarah cantik banget but i wanna be ur only one is it too much to ask;Netral
Udah lelah bgt berusaha nyenengin ortu berusaha belain matimatian sampai menghiraukan diriku sendiri menurutku cukup sampai disini saja baktiku;Netral
KAFIR Kaum Berfikir Di luar itu IDIOT;Hate Speech
yaAllah sakit hati gue liat kondisi Affan yang SENGAJA dilindes fuck you cops fuck THE GOVERNMENT;Hate Speech
salsaaa sayangku happy new year ya cantik makasi ya terimakasih juga salsa yang super keren udah struggle di semoga banyak hal baik yang datang di ini yaaa beb;Netral
done selamat karena udah bawa sukuna pulaangg btw happy new year kakk thanks udah ngadain GA nyaaa aku izin ikut yaaa;Netral
esok kerja last day but aku tak tido lagi and esok kene datang awal and aku tk thu boleh bangun ke tak and esok nk ambik payment and fuck gile hidup and babi doh and af;Abusive Language
Kampret emg kabaret RT Taiknya itu tanggal harus latian kabaret Gak bsa liburan Fuck Taitaitaitai;Abusive Language
Menurutku orang sastra n filsuf sering salah memahami omongan aku sih jadi aku nyaranin mereka buat ga interaksi dengan aku soalnya gemes gitu loh hehehe Tapi ya kalo mereka paham aku ga masalah mereka interaksi;Netral
kalo di baca baca tuntutan rakyat tuh berasa apa yaa bare minimum bgt sebenernya lohhh kita ngga muluk kyk transparansi hartatunjangan DPR membuka ruang dialog publik dengan mahasiswa umumkan keberpihakan kepada rakyat WHAT S SO HARD;Netral
lemme teach yall smtg in malay whenever you see an ant saying dumb shit or spreading misinfo just say wat i always say bodoh peh babi kambing susu;Abusive Language
Happy new year dan terimakasih juga untuk tahun nya Bucil;Netral
Happy New Year Selamat datang Semoga di tahun apapun yang kita harapkan dan semua doa terkabulkan amin;Netral
Happy New Year selamat tambah TUA wkwk;Netral
Damn control your kontol guys;Abusive Language
good morning happy new year terimakasih uda bertahan sampai sejauh inii padahal ga mudah kan banyak yg datang dan pergi juga dlm hal apapun semoga ini makin banyak hal baik yg datang aamiin;Netral
Tp capek ya capek bgtttt sebenarnya merasa bersalah kemarin ke sana pas badan ga fit tp gmn i hv to be there nemenin my granny;Netral
Aahh i see tapi kerjaan mereka memang capek kan Kayanya have to be happy kurang tepat deh Gimana pun juga mereka keluar bandara itu bukan official schedule yang melibatkan fans;Netral
TERUS YA INI PALING KAMPRET gaada angin gaada bakso tbtb di grup dm GNZB gue ngomong Kayaknya gue naksir dumb deh and guess what nobody was surprised bitch katanya mereka udh nyangka krn udah keliatan;Abusive Language
Yang ketawa itu beneran tolol karena setuju atau ketawa karir atau ketawa tapi dalme hati shit we are doomed Choose your fighter cause Im definitely the rd one cause what the fuck is this Sudah saatnya Indo ada huru hara tembk mti;Hate Speech
eh anjing jgn cuma nyalahin satu shipper dong knp minwonist trs yg dipojokin ship lo suci bgt emangnya jgn buta lah coba liat dari POV minwonist jg kita gakan nyenggol kalo gak ada oknum shipper yg mulai duluan stop acting all high and mighty bitch;Hate Speech
kalau menurutku ditengahtengah soalnya bisa boros bisa nggak kenawhy karena kadang ada harga makanan yang sedikit nggak ngotak;Netral
Menurutku sih agak telat ya ambil KPRnya soalnya rata temenku pada ambil KPR itu di tahun ke atau mereka kerja;Netral
menurutku coba konsultasi ke psikologpsikiater itu worth it sih at least biar dapet panduan profesional sementara mungkin bisa coba sleep hygiene dulu matiin gadget sejam sebelum tidur journaling atau meditasi ringan you re not alone banyak yg ngalamin hal yg sama;Netral
boleh membeli bahanbahannya dulu Mengukir senyuman di kalimat terakhir sepertinya ini akan menjadi pengalaman seru lainnya selama aku masih berada di kota Bertemu dengan orangorang memang selalu menyenangkan dan memberikan kesan tersendiri;Netral
Happy New Year Semoga ditahun yang baru ini semuanya menjadi lebih baik lagi dari tahun sebelumnya dan semua keinginan yang belum sempat tercapai bisa terlaksana ditahun ini aamiin Terimakasih sudah mau menjadi keluarga sahabat dan temanku I love you all;Netral
Anjing goblok jancuksetan koplok belis maneh aing mereka yang tak terlihat dan yang terlihatfuckfuckfuck;Abusive Language
hi swetie HAPPY NEW YEAR gmn kamu berhasil melewati semua masamasa sulit tahun kemarin kamu sangat hebat kak jangan suka terlarut dalam kesedihan karena kakak berhak bahagia stay healthy and always be happy dont forget to love yourselfFares I wuf u kak vendo;Netral
Lagi rame tagar Jogja Darurat Klitih eh iki mah suporter blayermania malah konvoi selebrasi Juara ng wayah jam balek kerjo Meh diomong goblok yo piye meh diomong sangar yo ora Nek tak omong idiot wae piye;Hate Speech
TW Harsh words Damn my precious account Twitter bangsat;Abusive Language
babi sial fml why am i so stupid;Abusive Language
oke gw fahamlo yg idiot babi;Abusive Language
INI LG NYAMBUNG KYK TIANG LISTRIK RT klopo awwakwakawkawk RT goblok idiot tolol;Abusive Language
Amelia masih kecil kok jd kadrun dan berubah bodoh tolol sih sadar woiii;Hate Speech
search ya sndiri bnyak yg qrt maybe skrg udh peningkatan buat vocal tpi sp menurutku msih kurang dibanding gg lain;Netral
Kualitas fer sama dengan anjing idiot wkwkwk;Hate Speech
Inget ya hubungan paling upnormal didunia ini tuh friendzone alias lo tolol banget kalo sampe terjerat hubungan kaya gitu dengan alasan gue bahagia kalo dia bahagia DAN IYA DAMN ITU GUE ANJER;Hate Speech
Malingsia tolol Pemerintahnya Idiot RAKYATNYA GAK PUNYA OTAK NEGARANYA Miskin abis dijarah duitnya sama mantan PM Najib Yang istrinya Kaya bencong taman lawang Mamposs kau negara miskin bangkrut gara mantap PM nya korupsi abiss duit rakyat Rakyatnya luntang lantung;Hate Speech
Suatu hari pas kuliah Aku sekarang mendukung emansipasi wanita Setelah tau banyak cewek matre nan tolol jg FUCK GENDER DIE ROTTEN WOMAAAAN;Abusive Language
to all my moots pokoknya i love you all deh ya gue terlalu capek sama sampe ga berekspektasi apa apa sama se yaudah itu but im glad that i found you guys in be happy and stay healthy all;Netral
Fuck la CIDB Website asyik buat hal Aku nak buat green card pun payah la babi kalau asyik ada problem je Serius menyirap;Hate Speech
HALO HALOO DOMII seneng jugaa bisaa temenan sama kamuu makasih jugaa udah mau mutualan sama akuu tahun ini menurutku lumayan baik dan banyak hal baru yang berkesan take care of urself yaa semoga ditahun depan kita bisa jadi makin dekett loveee u domii;Netral
Kwkwkwk Damn its true Akhh babam mu la dith D kampret p Banyakan dosa ya gt;Abusive Language
Hahahahahahhaahhaha what the fuck caps lock babi lah kosabajap ey mari repeat Hahahaha tahun baru esok bukan rini;Abusive Language
Pandemi lulus S dengan pengalaman magang bener ga ada yang manggil interview selama bulan Ini gw lulus S baru bulan udah berkali kali interview;Netral
Happy New Year guyss Terimakasih banyak kebersamaanny serta momen dan dukungannya ditahun ini Ditunggu momen kebersamaan kita lgi ditahun ini Si tukiyem nungguin tahu baru Nyalain petasan pake korek kayu Selamat datang Im nothing without u Eakk;Netral
Tapi imo bisnis thrift di Indo itu apalagi online menurutku overprice kalau liat thrift di LN harganya bisa beneran miring dari harga asli karena rata tuh barang yg emg pengen dibuanggadipake lg sama yg punya bukan diimpordicari sama org buat dijual lg;Netral
WOW RT HANYA ORANG TOLOL YG MENILAI ORANG LAIN CUMA DR TWITNYA IDIOT;Abusive Language
fuck u liburan sekolah di krl jadi banyak bocil main latto latto bangsat;Abusive Language
Sudara tolol fuck;Abusive Language
Holy fuck those back muscles look amazinggg;Abusive Language
Taii lah poko nya taii fuck kena lagi gue di perasaan kaya gini bikin gua rusak bangsat;Abusive Language
maaf ya oneit belum bisa kasih kalian roty malam ini oneit bakal kerja keras lagi someday you guys will be able to walk on a flowery path again aku sayang kalian once again I m so sorry;Netral
balik ke kamu mau nabung buat oshi atau mau pull ini klo menurutku ga ada yg salah buat pull myth;Netral
Its even stupid sef block unblock and you dont send a message Shame;Abusive Language
fuck air sejuk aku benci mandi air sejuk babi air sejuk bodo air sejuk;Abusive Language
Ya Allah sender save yourself Kamu ke HR aja langsung minta Surat Resignnya Menurutku kamu juga ga perlu basabasi langsung cabut aja;Netral
HAPPY NEW YEAR SELAMAT TAHUN BARU Terimakasih Sudah Menjadi teman ku Selama Setahun ini Semoga di Tahun kita semua Sehat dan Selalu Bersama;Netral
Fuck Stress babi lahai;Abusive Language
bang leo aku tau ini gabakal kamu liat tapi kamu ada di urutan kedua selamat tahun baru buat bang leo semoga resolusinya ditahun tercapaii ya bang semoga juga tahun ini menjadi tahun yang lebih baik lagiii happy new year;Netral
Happy new year Selamat bagi pemenang ga dari bg Garr Semoga bermanfaat yaa optimis next bisa ngerasain mng ga dari bg Garr;Netral
BENER BANGET SAYANG you too be happy okayy iyaa meski ga mungkin karna semua siklus kehidupan juga bakal pelan pelan balik lagi sedih kalau dipikirin Cay always be happy gue ga maksa lo buat stay karna itu pilihan lo juga but ill try to stay even if its hard;Netral
Sending hate camna tengok la follower dia berapa my follower berapa and my tweet views masa dia sc tu berapa I mencarut sebab ada orang mencarut kat I dulu fuck this fuck that a few tweets I tak tau pun si botak tu sc at first and that invited all the harassment;Hate Speech
Sebetulnya pertanyaan model apapun selama itu bukan masuk ranah mesum dan pelecehan masih bisa aja diterima cewek asalkan dari awal dia tertarik sama kamu atau tertarik buat coba jalani hubungan sama kamu Jadi menurutku dia nggak keduanya makanya ilfeel;Netral
Ada yg bilang ini beda kejadian sm yg semalam But still fuck the police;Hate Speech
Terimakasih untuk diriku sendiri yang sudah bertahan dan mampu melewati segala hal di tahun yg sungguh hadeh dan heleh Bismillah for the next days ahead Happy new year;Netral
I want to fuck and suck your jucey pussy my babi;Abusive Language
fuck LA FUCK SIAL FUCK BABI i m so fucked;Abusive Language
Lu tolol kontol anjing bangsat idiot sumpah babi;Hate Speech
gabisa deal with it sampai skrg ditambah makin sedih cz ngekos pas kerja beda banget sama kuliah yagasi pas rindu eh gada temen curhat gapunya temen cz my partner in d work pemikirannya kuno konyol no generalisir but real dis is how to be remuk so fast jancuk;Netral
New Year Message Selamat tahun baru EXOL Aku merindukanmu Aku berharap yang terbaik untuk mu di tahun WE ARE ONE Mari kita saling mencintai Jika menunggu itu menyenangkan itulah cinta u too Junmyeonnie and happy new year;Netral
Selamat mengulang hari yang akan datang Happy New Year;Netral
urgent need tukang AC tukang Plumbing tukang MEP untuk wilayah Ubud berminat bisa langsung DM untuk yg pengalaman tukang terimakasih;Netral
Tak rugi pegi walaupun kalah tapi main cantik tapi sayang last minutes kena lak Im proud to be;Netral
Book with babi bitch;Abusive Language
WOI WOI WOI WOIII HHHNNNGGG luv u too banget khai walaupun kita baru tememan pas starlympic amp KADANG LO BKN GUE EMOSI BANGSATTT SIALANN LU tapi tetap ber khop Khun na kha karna udh mau temenan sama akuhh yang cantik pacar pawat ini ahhhaayyy;Netral
Kok bentuk babi gini fuck;Abusive Language
gw yg udh bnyk pengalaman kerja pas nganggur lama terus kerja lagi aja ngerasa kaya gitu;Netral
happy new year sayang terimakasih sudah menemani aku di tahun;Netral
cicin mage anjing banget btw kaysk apaan sih stop making these lewd noises berisik banget lagi the more the merrier Blink like fuck u cicin mage;Abusive Language
Happy new year from Anyi and Haechan Moots thank u udah mau jd mutualku dan sering jbjb aku maaf kalau kdg aku ga responsif kalo d jbjbin kdg emg aku ga buka bar notif semoga tahun ini membawa kebahagiaan untuk kita semua Selamat tahun baru semangat baru;Netral
dgn X dah settle download dah dah download dah dengar dah layan google ticket Live in KL Mac ni tgk tgk SOLD OUT Babi Fuck;Abusive Language
Minimal kalo masyarajat ngasih aspirasi di dengerin pak jangan balik di nyinyirin Giliran rakyat teriak aspirasinya lu nyuruh polisi ngelemparin gas air mata The fuck kata gw Omingan lu ngga ada yg bisa dipercaya pak All bullshit;Hate Speech
najis tolol ga punya otak goblok dongo bego kntl anj babik gila biadab idiot monyet;Hate Speech
fuck man Kau tak malu ke tengok perut Babi Babi betul;Abusive Language
eh tolol lo gak punya rahim ga ngerasain hamil menyusui jg not even menstruation so I suggest you to shut the fuck up bantu gimana lagian emg tete lo bs ngeluarin asi kocak;Hate Speech
Happy new year dan terimakasih untuk tahun nya;Netral
Dimana permintaan maaf atas ketidakbecusan kinerja pemerintah yg mengakibatkan negara carut marut Harusnya lu evaluasi bawahan lu noh Kerja nya cuma buang tai nyusahin rakyat Kinerja lu juga tai What the fuck are u talking about pak Omongan tai;Hate Speech
Rasa nak carut je ini gila babi tuan Good shit goodjob weh;Abusive Language
Begitu lah ustadz klo sdh jd cebong yg pintar jd goblok yg jenius jd idiot Dijanjikan dpt duit dan bakal hidup mewah syariat Islam pun gak peduli lg dia lupa segalanya Begitulah pejabat yg tdk amanah Kacung cukong babi;Hate Speech
Postingan tmn w dia anak dpr dan dia polisi fuck the demo;Hate Speech
Ima wiiiiiin Babi lol I ll go first so u can learn some shit;Abusive Language
babi bosan sial kat rumah fuck lah;Abusive Language
gaheran si akmal kalo ga tolol ya idiot;Hate Speech
kenapa sih aku selalu dibully direndahkan capek tau pretending to be okay and i love myself with segala kekurangan aku but actually aku capek aku juga pengen dipandang kaya cowok biasa lainnya yang terlihat manly atau maskulin;Netral
someone said to me fall in love when ur ready not when ur lonely DAMN ANJING MEMEK KONTOL JEMBUT;Abusive Language
bismillah mau ikutan harapan ku semoga makin banyak yang sayang sama orang baik ini makin banyak yang cinta sama mereka because they deserve it all The name CRAVITY is increasingly being recognized and soon be able to do offline concerts and meet luvitylt;Netral
happy new year also my babies terimakasih untuk banyak energi positifnya di akhir tahun ketemu yukk;Netral
Terimakasih sudah membuat ku tersenyum dengan segala tingkah lucu kamu terimakasih atas segalanya gak nyangka nanti kamu memasuki umur thn Tetap sehat selalu dan jangan lupa bahagia terus Happy new year;Netral
Happy New Year Selamat Tinggal Selamat Datang Masa lalu perlu di iklaskan karena ada masa depan yang ingin diperjuangkan;Netral
goblok lu idiot bgt dah;Hate Speech
gue sama lo tuh kak Please stop jadi cowok rese Gue tau lo udah menemukan tambatan hati yang tepat I hope she s the best person for you to be your coziest home Jangan bandel lagi ya capek tau ngadepin kelakuan lo But I love you so freaking much oppa Be happy always;Netral
I saw some people saying Negara A plis jajah Indonesia lagi mungkin keadaan bakal lebih baik dari sekarang and I swear to god guys you better shut the fuck up Lu waktu sekolah baca gak sih keadaan rakyat Indonesia waktu masa penjajahan tuh kayak gimana;Hate Speech
lo yg mati Dasar anjing Fuck Babi;Abusive Language
Aah fuck Tangan baru lepas isap rokok Pastu pegang roti Eh babi betul;Abusive Language
Yaa gx apa loli biasa ajalooh Cm mu bilang selamat aja yah RT kampret Apaan Shit;Abusive Language
di ako knetz pero Im damn happy;Abusive Language
Happy birthday to our prince Kim Taehyung Baek ya sayang dijaga kesehatannya jgn lupa makannya dibanyakin hehe And remain a pride for all of us Please be happy no matter what;Netral
Gua ngirap jhe dgn manusia jenis harem babi pker diri sendiri Kalau rasa hang mute group tu silent bodoh buta it Fuck;Abusive Language
Tenang nder Nanti pas anak mulai masuk PAUD TK dst jg akan ada circle baru Dan di pengalaman gw malah circle mak emak qali murid tu lebih solid Jd skrg mundur pelan aja dr circle kuliah Btw selamat atas kelahiran dedek bayinya yaa Semoga kalian sehat selalu;Netral
halo aku mampir sebentar ya kalo ada jiwa yang sama lelahnya kayak aku let me say something to you terimakasih karena masih bertahan disaat kamu punya hak untuk menyerah Im really proud of you masih kuat nunggu ga Ill be back soon;Netral
GOBLOK MBC FUCK;Abusive Language
Wait babi and I have always shit talked each other But our friendship has never changed Wait what;Abusive Language
damn boi selama ni aku ingat tony m takpun suri babi impostor;Abusive Language
happy mother s day to the best mom ever i love you to the moon and back buna acheel hope you always be happy sukses rlnya zizel sayang banget sama buna hshsh zizel sedih buka acc yeri terus ternyata buna lrp bahagia terus loves you bun;Netral
BABI ADA HUI SIAL FUCK MNET;Abusive Language
Fuck UPM Kimak punya jantan Jangan kacau junior aku la babi;Abusive Language
Yang lama tetaplah menjadi pengalaman karena kejamnya mereka membiarkan pasangannya sedih dan kecewa berat lalu harus menghadapi semuanya sendirian padahal janjinya ingin menghadapi dunia bersama Katanya juga jika ada masalah dikomunikasikan tetapi nyatanya putus adalah solusi;Netral
TRAFFIC IS GOING TO BE STUPID;Abusive Language
Sama seseorang tapi orang itu malah bilang I dont deserve to be loved itu tuh kayak Gue sedih banget sebagai orang yang menyayangi Kadang sebelum sayang sama seseorang kita harus sayang sama diri sendiri dulu;Netral
ANJING GUE YG GAK STREAMING LIATIN ORANG ORANG SHARE VIDEO AJA EMOSI FUCK Hello dia cuman tampil menit pls gak lamaaaa Masih perlu di cut;Hate Speech
Dulurku baik yang mengucapkan selamat tahun baru maupun yang tidak mengucapkan selamat tahun baru samasama memasuki tahun baru Happy New Year;Netral
Iya sih tapi menurutku masih diatas Salah harusnya;Netral
Hahahahahah u fuck boislah Hahahahahahahaha babi lah aku tk kejam bodo;Abusive Language
wtf ga jelas bgt buka presale early bird tapi pake instastory doang terus ga ada tulisan dari awal early bird itu buka dr tanggal brp emg gua seharian nungguin instastory lo bangsat kan skrg gue ga bisa ntn paramore krn i cant afford this shit;Abusive Language
BITCH SOY UN RED FLAG Leirosee amp Babi Slatt amp Pai Gago amp LY AaroN FUCK YOU MEAN XMAS TALES THE MIXTAPE EST A LA VUELTA DE LA ESQUINA;Abusive Language
Star by cold Vibes ceritanya sedih jadi cocok menurutku;Netral
gue itu orangnya malesan goblok idiot kadang maksud rajin rajin bangun siang maunya gratisan haha rada tulul agak tijel dare ernisa;Abusive Language
iya gbisa bjirr beberapa rodnya juga klo masi ecek banyak shakenya yg dipencet ituu tpi dri segala segi menurutku fisch masih gtgt fish it SO SORRY;Netral
Terimakasih nya yah Happy new year ci;Netral
Happy New Year Selamat Tahun Baru ARMY Semoga tahun ini akan lebih baik dari tahun sebelumnya;Netral
Babi orang yg tegur aku semua tak nk balas msg aku dah Fuck;Abusive Language
Shit lah Tertinggal seluar satu hal dah beli skirt baru takleh pakai jugak Babi;Abusive Language
Profesor doctot ngabalin cocok amat jadi panutan kalian bong karena beliau banyak bicara sedikit mikir atau mungkin gakmikir sama sekali seperti cebong dungu idiot;Hate Speech
Break the pattern and live in the moment tenang bersama pd utamakan rakyat sejukan hati Sahroni Ya Allah Eko Patrio MundurIntel tetap guyub bahaya terpancing Adil Kapolri Malaysia Indonesia Independence Day;Hate Speech
Fuck this shitit hurts like mothafuckadang babi;Abusive Language
A fuck up day Satu dua mistake tetap dipanggil mistake Down gila babi Terlalu ligan kesempurnaan kaa canna;Abusive Language
Selamat Tahun Baru sobat Citranet Semoga di tahun ini kita semakin produktif dan bahagia ya Mimin mau ucapin terimakasih atas kebersamaan sobat Citranet yang telah setia dan mempercayai Citranet sebagai temen internetan kamu semua Once more Happy New Year;Netral
then cut this shit off karna lo cuma bisa bacot oke terus mulu terima kasih sudah membuang buang waktu saya untuk ngeladenin orang tolol kaya lo at least saya tau sekarang orang tolol ada jenis tolol yang ngaku tolol terus ya udah dan tolol yang kekeuh appreciate you;Hate Speech
Happy new year or Selamat Tahun Baru semoga menjadi tahun yg lebih baik lagi aamiin and this is my first twitt in;Netral
Halo moots sebelum berakhir ak cuma mau minta maaf buat semua perbuatan ku selama ini makasih udah mau jadi moots ku Love yall maaf ga panjang kayak yg lain Dont forget to always be happy;Netral
bila aku fight kata let me write the script kau lagi babi tell me im not being cooperative BITCH its my idea MY FUCKING WORK Kau nk talk about team work tapi bodo semacam i dont jeopardise the group you are;Hate Speech
yang di Malang besok jangan turun ke jalan terutama buat mahasiswa anak sekolah dan pekerja Beberapa kampus udah menghimbau buat gak turun ke jalan dan tolong hatihati dengan posterakun yang mengatasnamakan ALIANSI RAKYAT TERTINDAS it s such a trap amp scam please do be;Netral
Selamat Pagi Happy New Year Semoga tahun ini menjadi tahun yang baik untuk aku dan untuk kalian semua SEMANGAT SEMUANYA;Netral
Yang begini maksudnya apa ya Ga ada yg ngomongin Anies Lo yg bawa narasi begini duluan Bang Sama gue yakin yg begini bukan massa bayaran WOULD YOU PLEASE EXPLAIN;Netral
hai moots happy new year selamat tahun baruu semoga di tahun ini jadi tahun yang lebih baik dari tahun sebelumnya;Netral
BABI BABI LAHH FUCK NASEB BAIK INGAT ABANG RAFIK CALL TADI SERIOUS NASIB BAIK;Abusive Language
lawak kan mcm babi sial lawak dia geram aku mohon RT ini lawak t fuck;Abusive Language
Anjing kamu pendusta hahahahaahha ahhh shit do benci kau sial ahhhh;Abusive Language
Ups D RT Bahasa wey bahasaa RT Si adik fuck anjing belagu So banget anjing aing;Abusive Language
Shit kontol masih up aja Gila;Abusive Language
Selamat tahun baru Happy new year Salam peluk untuk semua anak bulu yang takut kembang api Hugs to all furbabies scared of fireworks;Netral
Fuck you la daniel I wanna go back tomorrow la babi Fuck you;Hate Speech
anjing anjir babi sama fuck;Abusive Language
Kak tata selamat pagi diawal tahun happy new year Terimakasih untuk karya yg indah yg telah km tulis dengan penuh makna yg menemani dihari ku ditahun ini semoga km selalu sehat ya itu yg paling utama bahagia selalu harus;Netral
bangun tidur mata sembab dan ternyata gara mimpiin si risky bangsat itu anjirrr gue setahun ga chatt sama cowo manapun pas mau coba buka hati i mean Ill look for any boy around me tapi malah mimpiin dia the fuck;Abusive Language
babi selfish sarcastic and definitely a bitch;Abusive Language
Fisik doang anjing pria mulut betina FUCK;Abusive Language
I think Itll be great to hang out randomly and do some stuff with you Kayak tipe org kuy gaksi trs suka makeup juga kan Anddd cantik bgt sampe mau ship sm haje beneran trs kayanya tipe soft stan yg bakal nangis sm hal hal berbay skz Sayang bgt kita gak sedom huhuhu;Netral
Mereka terdesak mereka ketakutan mereka kena mental Terus lawan saling gotong royong Fuck you all dpr cops military in this country and especially the antek asing president Keadilan bagi seluruh rakyat Indonesia;Hate Speech
dulu ngethrift tuh harganya rb rb aja tuh udah berasa mahal banget sekarang ngethrift berasa beli baju baru jirrr ga worthit menurutku;Netral
LOWKEY FUCK ANJING KWKXKAKXKQKXMWKXNSKXK ANJING ENAK NWKXKWKXKS YAALLAH NANGIS;Abusive Language
goblok bocah idiot kntl;Hate Speech
Tanggal dan libur Tanggal berangkat lagi yay Me oh shit pintar kali perusahaan ini hari kerja sama aja libur hari lah anjing;Hate Speech
then u are asshole singapore anjing;Hate Speech
bayangin aja gwh sebagai sesama ojol marah bgt liat temen gwh nganter orderan ditabrak stranger di jalan aja marahnya bukan maen apalagi ini sampe dilindes polisi biadab fuck the police;Hate Speech
HANYA ORANG TOLOL YANG MENILAI ORANG LAIN DARI STATUS NYA IDIOT;Abusive Language
Ga mimpi Kak Ini ada bukti screencapnya Kakak speaker pertama di spacenya Tackey Selamat ya What a new year present Happy New Year;Netral
okay la tu bkn anjing Drpd bitch haa;Abusive Language
CNN juga bangsat gw emosi tengah malem Fuck you for proudly airing assumptionbased false news about our Moonbin;Hate Speech
Gak lucu lo idiot anak mana sih lo Jgn rame di sosmed ah Ayo jadiin di perbatesan bangsat lo;Abusive Language
Aku paling benci orang tu hutang pastu tak nak bayar Aku rase nak cakap go fuck youself and meludah depan muka kau Bangsat;Abusive Language
yall boleh ngucapin happy nye tp fuck u kontol yg bilang selamat datang tahun politik mati aja anjing;Hate Speech
sebuah kalimat pertanyaan yang keplek kemplo goblog bodoh dungu tolol idiot lha partai yang saat ini melahirkan banyak koruptor aja masih dipercaya mungkin kamu salah satunya yang percaya gendeng akut koen iku;Hate Speech
kalo ditanya harapan untuk apa gue cuma pengen diberikan kesehatan karena ini badan gue seringkih itu bolakbalik masuk rumah sakit dan berobat terus capek sebenernya i just want to be healthy;Netral
mau ga mau harus menjalankan tugas BITCH THEY RAN OVER CIVILIAN Tolol anjing;Hate Speech
Happy new year Di tahun ini mari kita bersamasama bekerja keras dan berusaha yang lebih baik ya jangan menyerah seperti yang sudah kamu lakukan di tahun kemarin Kamu hebat dan keren diriku Sekali lagi terimakasih dan mohon kerjasamanya di tahun ini;Netral
Hai anak mami yang katanya paling polos selamat tahun baru widya sayang makasih kamu selalu dukung aku dan selalu semangatin aku pas aku lagi jatoh widya lets meet someday cause i want to hug u and tell u how much i love u my dear always be happy and healthy;Netral
I REALLY NEED TO STOP DRINKING I BE DOING DUMB SHIT;Abusive Language
Btw cong td gw sdh ksh link wwr nya anggun msuk chart billboard breakouts dance jg lo Lg longsor damn you anjing chart di mne cong;Hate Speech
Prabowo Masyarkat tetap tenang untuk percaya ke pemerintah yang saya pimpin Puan DPR berkomitmen membenahi diri Hendropriyono Ada keterlibatan antek asing Shut the fuck up Mas Affan deserved justice not your recycled bullshit statements;Hate Speech
Terimakasih banyak atas kerja keras nya sehingga aku bisa kenal si centil Keirel ya Kak Happy new year semoga kebahagiaan selalu menyertai Kakak sepanjang tahun nanti;Netral
Menurutku di kasus Tempest ini pihak produksi seharusnya juga segera mengeluarkan klarifikasi atau permintaan maaf supaya tidak makin blunder Kasihan juga Jun Jihyun yang ikut terseret padahal bukan salah dia;Netral
Bangsat gtO Fuck to you;Abusive Language
Down to earth by Justin Bieber menceritakan pengalaman pribadinya tentang perceraian orang tuanya dan bagaimana ia membantu keluarganya melewatinya serta pesan agar anakanak memahami bahwa perceraian bukanlah salah mereka;Netral
Najis goblok tolol idiot dua duanya sampah anjiiiiinnnkkk kesel bacanya masa harus ijin sama lu dulu anjiiinggh emang lu siapa bangsaaattt;Hate Speech
kakak sunghooo thank you so much yaa terimakasih juga udah jadi temen aku happy new year kakak semoga tahun menjadi tahun milik kakak aka semua lancar no drama;Netral
ji padahal kita baru bgt mutualan hari ini bahkan baru beberapa jam lalu but i know that youre such a kind personlt gak nyangka bgt aku bakal dimention hiks tysm ya u deserve to be happier next year cantik;Netral
If you love me babi youll let me fuck ya buddies;Abusive Language
Halo Bah I know it might not be the right time to promote Tapi bismillah aku mau nawarin babah jasa curhat bareng konselor atau analisis tulisan tangan di buat babah gratis Buat yg lain biasanya bayar seikhlasnya aja hehe;Netral
ia mendengus mendengar balasan iblis kecil itu merasa terlalu lelah untuk mengeluarkan kata kata sarkastik ia hanya lelah please for the love of god please be nice to me for this once i ve gotten fond of you would be a shame to drag you back to hell;Netral
Aku udah ngantuk jbjbnya nanti lagi yaaa Selamat malam semuanyaaaa happy new year anywayyy;Netral
Happy new year cepet bngt Januari ya huhuu selamat datang bulan kelahiran;Netral
menurutku koleksi barunya gui ini yg women collection yg menarik klo yg co ya begitulah tapi semoga ada yg pas buat dipake sj;Netral
kalo sia tau temen nya sia suka sama si julpan kuduna sia ga nikung ahh aing benci sia fuck bangsat;Abusive Language
Pada malam tahun baru masehi tepat pada jam disaat semua orang pada lalaighoflah maka orang yg membaca kalimat tauhid tersebut mereka akan mendapatkan juta pahala amp juta derajat serta dihapus juta dosa kecil Happy New Year Menutup Terimakasih;Netral
Menurutku sih intinya saling respect aja WV bisa secure lebih cepat itu oke tapi ya wajar juga kalau mereka expect yg bagus kan soalnya mereka bayar juga bersyukur bisa nonton pasti Drpd cacimaki mnding kasih semangat dan yakin klo SN dia worth it dan bisa enjoy the concert;Netral
pas ditanya satpamnya jawab gini iya tadi saya dapet laporan dr org masjid disuruh matiin anjing ini SHIT ANJING GA SALAH APAPA MAU DIBUNUH TUH OTAKNYA DIMANA YA;Abusive Language
happy new year olineee terimakasih jugaa atas kerja kerasnya selama setahun ini kamu keren kamu hebat bersyukur banget bisa mengenal kamu dan jadi salah satu sumber kebahagianku ditahun ini semangatt terusss ya ada banyak hal hal baik yang menunggu kamu didepan sana;Netral
Terimakasih banyak Mas Din happy new year too;Netral
Happy New Year semua orang baik di akun ini Terimakasih menemani user kilavyall di yaaaa semoga diberi banyak hal baik untuk kalian aamiin And then tolong momen jenle nya semakin banyak;Netral
Seberat itu untuk sekadar memohon maaf Tidak merasa bersalah Tidak merasa bertanggung jawab Kamu kabinetmu kepemimpinanmu sendiri yg memercik api tapi selalu selalu selalu menuding pihak imajiner sebagai dalang You are a human rights violator You cant be trusted;Hate Speech
selamat datang kamu Benihbenih yang aku tanam siap ku tuai Realisasi dari pengharapan yang sekadar dalam angan Lekas membaik dan optimis Happy new year;Netral
Apakah cangtip ini bentuk comparison more dari cantik Aku terima ucapannya dengan akupun bangga kenal Frey You must be good at heart too for you to genuinely say something like this;Netral
sekali lagi di gaslight opini tolol lakilaki;Hate Speech
eh babi twitter aku tekan add another tweet tak payah la nak mention satu kampung macibai macam mana aku nak buat thread tak mention semua fuck;Abusive Language
mereka ngeluh dan playing victim bilang dijadiin kambing hitam semua sama sama berjuang tp cara posisi dan persoalan yg kita usahakan beda elu pada mungkin balik demi masih bisa makan enak yg demo belum tentu bisa makan sampe minggu depan fuck government fuck those cops;Hate Speech
stupid sis BABI;Abusive Language
Anjing fuck fuck fuck;Abusive Language
angkanya cantik hahaha thak u;Netral
Jan Indihome Tolol gaguna amjink Fuck off Gak pernah seharipun ngerasain internet lancar GAKK PERNAH;Hate Speech
Gak malu hoakx kau menambah idiot para cebong anak anjeng;Hate Speech
happy new year selamat menjalani harihari baru di semoga tahun ini penuh berkah kebahagiaan rezeki dan penuh plot twist yang baik jadikan tahun sebagai langkah awal untuk terus berkembang dan menjadi lebih baik semangaaat;Netral
Happy new year mil terimakasih banyak atas kerja kerasnya di doa terbaik buat ya JAYA JAYA JAYA;Netral
YAS BABI YASSSSSS IMMA DO IT BITCH SAY THE NAME SAY THE FUCKIN NAMEEE;Abusive Language
IYA ANJING LIKE GUE CUMA MAU MAIN KE PANTAI BITCH;Hate Speech
Happy new year temanteman semoga kita semua selalu sehat dan bahagia ke depannya Terimakasih sudah berjuang di tahun kemarin dan selamat menjalani harihari di tahun Segala sesuatu yang belum tercapai di tahun kemarin semoga bisa tercapai di tahun ini;Netral
Tp kak just pengalaman aku cowo suka cwe yapping kok seneng malah;Netral
As a BIG fan of beefleaf myself menurutku tunangan HX gausah dikaitkaitkan terus sama Shi Qingxuan sih Of course as a shipper we tend to do some cocoklogi bullshit but in this case its lwky disrespectful for both of the fiancee amp SQX imo;Netral
Kaleidoskop Kasus Pembunuhan di Kuningan yang Menggemparkan selengkapnya Happy New Year Selamat Tahun Baru Welcome Semoga Hepi Bismillah Udah Hello Mengawali Jam Page of Ahok;Netral
Selamat Tahun Baru Terimakasih sudah hadir terimakasih sudah mengisi keseharian saya semoga tahun ini lebih lebih dari tahun kemarin aku sayang kalian Happy New Year;Netral
fuck tahun baru gue sedih bngt babi;Abusive Language
soalnya ini si menurutku apa yg diliat lebih mudah daripada yg dirasakan;Netral
Lieur anjing jelema teh haha fuck;Abusive Language
Happy New year Selamat datang tahun tahun yang penuh kebahagiaan kesehatan kesuksesan dan kedamaian untuk kita semua;Netral
Pagi teman timun Maaf ya mau ngeshare hal gak enak Plis jangan normalisasi bercandaan kayak gini yaa Ini op udah diingatkan dan ditegur di komen tapi tetep ngeyel dia ngejoke aja Sangatsangat gak pantes menurutku berasa kayak nyumpahin babeh Bantu rnb ya guys Makasih;Netral
TARAAAAAA Dapet apalagi aku hari iniii LUSYYUU BANGEETT CANDLE NYAA JADI NGERASA SAYANG KALO DIBAKAR HUHUUUU Kakak temen my dearest Sugar Mommy terimakasiihhh buanyaakkkk poll im very honored to be given this cute bday gift love ya;Netral
fr gausa nggadeng pak anies lah malah karena i respect him pergerakan kita sebagai warga sipil biar organik aja;Netral
Ih kmrn aku mau co yg bawah warna item tauuu yg mirip gini Tapi ga jadi soalnya agak ga bisa dipake kmn lg menurutku selain konser;Netral
fuck off la babi cuti beku replacement cuti takleh ambik same week butoh butoh butoh cina babi;Hate Speech
Fuck you laa babi;Abusive Language
Pink babi tai asu bangsat fuck u SM ent what the hell with that Anjimm Sorry Kazarr;Abusive Language
Anjing Kuluk Asu Bitch kee Kecewa cg;Abusive Language
JUJUR GUE UDAH MUAK BGT ANJING POLISI NAJIS FUCK THE COPS FUCK THE GOVERNMENT;Hate Speech
happy new year terimakasih untuk orangorang yang menemani ku di semoga kalian bisa menemaniku hingga tahuntahun berikutnya;Netral
Dapet rezeki lagi dari teh olaaa terimakasih banyak teh always be happy and happy new year;Netral
Menurutku kamu bener kak bahkan kalo lagi pergi aku sering solat pakai gamis yang aku pake tanpa mukena Biasalah manusia Indonesia kan sukanya ikut campur hehehe;Netral
menurutku ini hal yang bisa dihindari sama LeoPresent kalo lu SADAR disekitar lu ga aman tapi yaudah lah setidaknya lu lanjutin dan ga cancel tour terakhir di USA artisnya pasti pusing jg karena dia perfeksionis bgt semoga konsernya berjalan lancar masih bisa have fun;Netral
happy new year gais selamat melanjutkan resolusi tahun kemarin dan tahun kemarinnya lagi wkwk;Netral
Wahh happy new year jgaa maafin yah klo tl kmuh berisik krna aku suka spam ga jls terimakasih jga krna udh jdi tmn ku yahh;Netral
fuck manguni muka kontol;Hate Speech
SHIT KENA OT SAMPAI PM UNTIL ND JANUARY L FUCK OFF STAFF LAMA BUAT AKAUN SALAH AKU YANG KENA HADAP BABI LAAAA END YEAR KOT;Abusive Language
bukan aneh lagi om emang cebong itu idiot lebih dmen jdi jongos kasihan;Hate Speech
I tahu ramai nak melawa ramai nak cantik tapi takut salah makan product salah pilih product Takut sakit tu sakit ni Tapi trust me ya Sugardoll products mendapat kelulusan KKM Yes we safe to be consumed;Netral
Famous hona ha to nai baat karo TikTok per nai video dalo Lakho view mily ge Yeah is dor k fitna ha Adeem javed Gamdi yeah Mirza lanti Baki wo baby bhi lanati ho ge jo galat Bata gye na Lakin sary aik jesy nahi So shut the fuck up and niklo bask;Hate Speech
Siapa yg mau jadi sodara lu wo I ain t reading all that but what the fuck was that merdeka shit;Hate Speech
betul presale itu kan menurutku jg include best seat kalo taunya acak mending gensale aja semua aku juga ga bayar wv aku make dyandra tp ttp ikut kesel gimana yg bayar ya kayak rugi banyak ga si;Netral
Happy birthday om coks semoga sehat dan sukses selalu Yaoloh padahal awal tahun ini niat seniatnya mau nonton NTRL secara live eh ternyata pandemi menyerang Semoga covid bisa cepet selesai deh bangsat emang nih covid Fuck Covid Om Coks k;Hate Speech
happy new year cowok cowok kpopku terimakasih sudah menjadi penyemangat di tengah air mataampkeringat yang terjatuh tahun ini park jihoon hwang yunseong mark lee yoon dowoon kim mingyu;Netral
gak stop berasumsi kaya gt deh kak aku sempet klarifikasi juga itu foto yg take temenku dan menurutku bagus juga jadi aku upload aku sendiri suka upload foto juga;Netral
Okay jammed damn it Kan babi dah diseru;Abusive Language
OLIVV happy new year yaa makasih banyak udah mau temenan sama akuuu agak ganyangka bisa kenal lebih deket sama oliv kaya sekarang soalnya biasanya liat interact sama org org ajaa WKWKWK terimakasih sudah membuat PRINCESS yaa lipp syg bgtt;Netral
Happy New Year guys Bai bai dan selamat datang telat dikit ngucapinnya tapi gapapah hehe;Netral
anjing gua gapernah ikutan speak up tentang politik beginian tp ngeliat kejadian kemaren bnr bnr gila bgt bngst sumpah i hope god will make your life like a living hell;Hate Speech
FUCK ANJING GUA DENGER APA TADI;Abusive Language
baru memasuki udah ada yang bikin gue emosi memang mereka ini kayak kontol semua balik balik war ntar bilangnya kitanya kelewatan but girls look at this shit oh well hope karma finds you cause this is so wrong;Hate Speech
Selamat tahun baru Happy new year Maafkn jika selama ini ada salah;Netral
Happy new year kakak author Terimakasih sudah menulis story singkat ini untuk menjadi alasan aku menangis MLM inii;Netral
Babi sial Aku baca baris je warkah kekanda kepada adinda dari Cordova ke Madrid Nyarisnyaris aku tak hempas telefon Shit;Abusive Language
Dan tidak terlarut larut dalam kesedihan aku tau tidak mudah bangun cantik everything is going to be fine in no time;Netral
emg ciri khas Tim Burton nder cuma menurutku yg ini vibenya lebih ceria daripada buatan dia yg lain ga yg terlalu disturbing for me as a kid dulu yaa;Netral
Nikah itu sebenernya masih tanggung jawab orang tua menurutku kalaupun nanggung biaya sendiri itu kesepakatan internal masingmasing Tapi gini sih kalau yang nanggung kita sumbangan buat kita kalau yang nanggung ortu sumbangan buat ortu kadang ortu ngasih buat kita;Netral
Happy new year semoga tahun ini sehat fiisk sehat mental dan finansial tercukupi Terimakasih ada sedih ada seneng juga walaupun banyak sedih nya;Netral
happy new yearterimakasih atas perjuangannya melewati yang sangat luar biasa seperti roller coaster dan welcome semoga tahun ini bisa lebih baik aamiin;Netral
tbh to be honest Baik Cantik lah Gaul Temen Socmed hehe idk;Netral
hlo dils happy new year sayang semoga di tahun ini bisa jadi lebih baik lagi ya bisa lebih better lagi kedepannya dan dilancarin semuanya tetep semangat trus ya love u u deserve to be happy sayang;Netral
Terima apa Dia bilang anak orang tolol;Abusive Language
ak beli headset aja jarang dan eman bgt meskipun harganya terhitung murah tapi menurutku gaada murahnya yh;Netral
astagfurullah bacot kok kayak tai kucing anjing what the fuck;Abusive Language
Aku tidak meragukan aktingnya ya Takumi bagus cuma physical dia jauh bgt dri nagu yg tinggi semampai Dia cm doang dan menurutku kurang beloo di mata;Netral
Hahah fuck gak ah tetiba keluar gambar tu tu ws punya group hantar apatah babi betul;Abusive Language
anjing fuck u bangsat;Hate Speech
Happy new year kiti sayangku terimakasih kerja kerasnya tahun ini;Netral
Happy New Year Om Santo terimakasih karena Om selalu ajarin halhal yang baik dan positif Semoga di tahun ini Om sehat selalu dan semakin sukses lagi;Netral
SHIT LA ADA LIPAS BABI BABI;Abusive Language
LUCUUU BANGETT terimakasih banyakkk ya kaaa huhuuu TT happy new yearr i love u sm;Netral
Happy new year Rionn lt Selamat istirahat yyaa Terima kasih buat hari inii kmu sdh bekerja keras proud of you guyss love u love u;Netral
Happy new year dan selamat ulangtahun Bapak terimakasih telah mengajarkan dalam segala hal dan telah mengenalkan tentang sebuah kebanggaan Love you;Netral
work ada yang pernah jadi admin inbound kalo belum ada pengalaman bisa ga ya dan apa aja yg harus dipelajarin;Netral
tunggu aja besar ISL kalo digelar di solo MAMPUS LU VIKING ANJENK babi anjink tai fuck;Hate Speech
menurutku ketebak bgt soalnya;Netral
Lmaooo damn babi i gots yu;Abusive Language
wkwkkw kontol masih bisa bisanya bawa bawa nama orang what a bitch you are;Hate Speech
Happy new year everybody Yuk starting dengan harapan yg nyata Terimakasih;Netral
feelin like shit todayughhh babi;Abusive Language
fuck new year new shit all i want is u anjing peka;Hate Speech
ga sih menurutku mereka stalk aku deh kemaren ak bilang kalo kak nyanyo sama kak esan jangan dibuat sampingan LAH INI AP kemaren juga pas cover lagu day makin dibuat buat;Netral
VCS KUY KONTOL DAH TEGANG FUCK;Abusive Language
Bangsat emang KBS Lo udah bikin leader kami menangis Fuck;Abusive Language
Si abu janda emang goblok tapi lebih goblok lagi pengikut nya tolol bin idiot;Hate Speech
k buat satu slice ciskek dengan rasa seperti itu menurutku enggak Mungkin kalo ada rezeki lebih boleh lah dicoba beli lagi hihihi dan after taste nya gak kerasa habis makan ciskek Gaada rasa yg tertinggal di mulut Itu yg buat aku sedih;Netral
Selamat Tahun Baru Off dulu ya joki tugasnya sampai tgl Buka lagi tanggal ya Happy new year;Netral
BuzerRp GK kenal ternyata si pengkhianat nya kaum Bani Cebongan got Saking dengki tu hati comberan salah propaganda saking idiot tu otak sekolam btw emang kayak gtu semua sikap cebongpengkhianat Nyata;Hate Speech
damn aku click profile pastu banyak video babi;Abusive Language
fuck anjing eiti kok lu kuat makan makanan basi berkali kali;Abusive Language
Damn awt lagu Kill Bill ni best babi Soo fucking relatable;Abusive Language
Buzzer kadrun cuma punya kalimat rampok goblok apalagi Pdhal yg dibahas ttg ekonomi bisnis Terbukti ksekian kali ternak kadrun menghasilkan hewan idiot;Hate Speech
Tp di sisi lain gue jg gasuka diperbudak Gue mau jd org berguna bukan budak Gue mau gue tetep dihargai Fuck my way of thinking Pusing anjing;Abusive Language
lucu bangettttt omonakkk terimakasih banyak sayangkuu happy new year n iloyo;Netral
aku disini cuma sedih dan menangisi beberapa alasan yg menurutku make sense dan akupun ngerasain aku nggak pengen ngirimin truk apalagi kembang dan menentang opsi itu;Netral
bisa nder pokoknya jangan diem km punya banyak waktu buat eksplore dan cari pengalaman nnti update cv amp portonya;Netral
tolol dah goblok bego dongo idiot anjing bangsat brengsek;Abusive Language
Twttr rb followers dijual juta Mati ae lo goblok tolol idiot;Hate Speech
halo hasa gue mau ucappin terimakasih ke lo karena udah berjuang barengbareng buat sunoo dari iland sampai sekarang gue lupa awal dm lo gimana tapi im really thankful to found you hasa lets be friends for a long time yaa;Netral
to everyone who read this happy new year ya telat bbrp menit sih ngucapinnya hehe semoga bisa lebih baik ke kamu nantinyaa lt terimakasih udah mau survive sampe sini terusin ya jangan berhenti sebelum saatnya berbahagia selalu semua;Netral
jelek anjing jelek bangetttt tapi ya spesial juga tapi tetep aja endingnya jelek fuck;Abusive Language
Saya Millenial Sependek pengalaman kerja tahun dengan shift bidang karier kali hanya dari sempitnya sampling dunia saya ini macam kolega yg pernah kerja bareng Gen Z itu work ethic bagus kreatif ada aja gebrakannya komunikasi ekspektasi jelas;Netral
Jiyo kembaran joyi I love you You did well You deserve to be happy and a ton of love Kamu hebat udah laluin semua yg udah terjadi kebahagiaan menantimu Joyi sayang jiyo;Netral
Heh apaan lagunya chebok tuh yg ngikutin snsd goblok admin ga becus BOCAH IDIOT RT Qita Gasuka KOREA Liat ajHa SNSD gaya;Hate Speech
sayang banget lah sama dior ma homme thank you juga udah jadi rumah buat gue im so lucky to be part of dior soooo lucky;Netral
Menurutku sih dr awal udh seru soalnya selalu keselip humor absurd;Netral
Baru nak on track balik kononnya lah inshaAllah wallahualam tak janji;Netral
fuck you you no eyes is it so big space say what I cannot wait cb ppl pushing me right babi;Abusive Language
Loe aja pemakan kotoran babijunjungan sama penjilat pantatnya sama idiot;Abusive Language
Dah tau orang tolollah mlh di komenin berarti yg komen orang dungu yg menjurus ke idiot;Abusive Language
Twitter app is being a bitch Babi eh babi Paksa bukak laptop hm sik best;Abusive Language
iyaa aku abis liat qrtnya ternyata bundle bukan pcs but still overprice menurutku;Netral
Worth kak menurutku soalnya bisa liat semua apalagi center Sekaliam kak kalau berminat hehehe;Netral
Kita semua harus berisik buat pemerintahan yg kek tai anjing ini biar mereka ternotice Fuck the Government;Hate Speech
to be you even just for a day ini bagus juga ges sayang mentok sampe ch gatau kenapa di rawnya ada announcement tapi gue kaga ngarti;Netral
hi swetie HAPPY NEW YEAR gmn kamu berhasil melewati semua masamasa sulit tahun kemarin kamu sangat hebat kak jangan suka terlarut dalam kesedihan karena kakak berhak bahagia stay healthy and always be happy dont forget to love yourselfFares I wuf u kak jeje;Netral
This is what I need terima kasih banyak anak cantik;Netral
ok terus esensinya blatantly shared your relationship tuh apa soalnya kalo memang mbaknya pacaran sama si mas yaudah omedatou tapi menurut saya ya walaupun sedang in relationship tetep harus respecting each others privacy lho mbak;Netral
Im trying figure some shit out Babi before I go above an beyond;Abusive Language
Fuck off buat semua anak kontol yang buat status nyindir wanita kalo abis mlm tahun baruan pasti me nya lobok lau tau ga anjing RAKartini mati matian naikin derajat cewe lah lo karna iri gada gandengan jdi nyindir orang dan buat lo cewe cewe yang buat stts gtu LO SEMUA KONTOL;Hate Speech
Menurutku warna ke roknya;Netral
exsport udah paling top tahan banting segala medan dan cuaca tapi rata rata di atas coba beli merk oxigen ca itu menurutku bagus juga harganya rata rata tapi yang under juga banyak ak punya satu merk itu dari kelas smp sampe sekarang masih bagus;Netral
fuck kontol indonesia bangsattt;Hate Speech
lah lah lah si arie kribo kan salah satu komika cerdas kaporit anengapa tiba jadi TOLOL bin IDIOT plus BAJINGAN TOLOL dahaduuuhh penyakit menular apa lagi ini sih di tanah indonesiabentar lagi ada SALES VAKSIN IDIOT BUZZER dahanyiiinggg anyiiiinngg penyakit apa lagi sih;Hate Speech
Kali ini pergantian tahun dilewati sama ini orang lewat vidcall Tak bisa bertemu karena beliau sedang sakit gigi Terimakasih atas segala memori suka dan duka sampai dipertemukan sama ini orang Alhamdulillah Semoga banyak hal baik datang di Happy new year;Netral
HAPPY NEW YEAR Semoga di tahun ini bs menjadi yg lebih baik amin terimakasih solce amp teman TNF udh stream hari ini sangaddd gokss btw aku kehujanan basah kuyup dikit ga masalahh hshsh;Netral
org yg ngevote prabski dampaknya ke satu negara Buat oomf gue yg waktu pemilu ngevote prabs better unfollow me now Jijik bgt gue sumpah;Hate Speech
RT Fuck a miina babi kau sumpah;Hate Speech
what the fuck jgn godain gw anjing gw punya pacar;Hate Speech
Mestikah you comment on my pic oh kaya eh omg kaya like srsly shut the fuck up im not that kaya babi;Abusive Language
iya galaksiku adalah kamu rumahku adalah kamu semestaku adalah kamu u did great all kill i proud to be an army so much aku ga tau mau ungkapin seperti apa aku sayang sama kalian tolong untuk tetap berikan karya dan musik terbaik kalian;Netral
pake otak aja sih itu yang live bukan cuma yang live report demo loh tapi banyak UMKM lagi jualan Masa demi alasan pembungkaman TikTok suka rela nutup live mereka yang dimana itu user aktif penghasil revenue buat mereka dongo banget bikin statement;Hate Speech
Sorry tp aku ngakak XD aku g pernah kepikiran soal aku kalah cantik tp kepikiran dia d korea dan berbahasa korea aja udah halangan Blm lg agama XD that s thing make the relationship is impossible Don t be insecure about ur look That s not a right thing to think;Netral
Eh bodoh jangan memekak boleh Bodoh badak gemok babi pemalas macam sial acah terpaling rajin padahal rajin setahun sekali fuck off gemok babi;Abusive Language
Ngeliat oomf gue yang oranh malay lebih bisa menyuarakan apa yang terjadi di Indonesia saat ini daripada tementemen real life gue yang tone deaf like WAKE THE FUCK UP OH MY GOD negara yang lu sendiri tempati loh ini Or i think they just feel ashamed karena kemarin milih;Hate Speech
Fuck off lah dicktator Ada lagi ke yg percayakan bangsat ni handle our negara tak capai nak delay lagi tahun Hilarious;Hate Speech
gibran idiot tolol makanya dia bantah krn dia tdk paham apa yg dia bantah tak ada otake kebanyakkan makan uang haram dan asam sulfat;Hate Speech
Ga mau dan gaakan pernah mau pake chance ini buat ngedoain crush Menurutku rada rugi mengusahakan buat ngedapetin orang krn kita gatau ke depannya orang itu bakal kaya gmn Mending ngedoain kebahagiaan buat diri sendiri sm keluarga;Netral
can you please put TW before posting something that include any blood pictures or videos in it im shaking as hell right now fuck sial babi fikir lah bodoh;Hate Speech
Sayang mane pun kau kat kawan tu paling berat bila dia buat sesuatu yg kau rasa tak akan pernah kau buat dekat dia tak cukup lagi sayang ni that is why i really prefer to be a loner but u know u can t survive that u really can t;Netral
Terimakasih banyak Terimakasih banyak orang baik yg telah membersamai disetiap sudut waktu selama Aku sayang kalian semuanyaaa Gapeduli kalian pernah berbuat buruk ataupun malah baik sama aku i love u guys Im so proud to be part of u guys Terimakasih;Netral
ni orang ngechat halo morning anjeng anjeng lu yg btulan kl pc lah;Netral
some ppl want u n they start actin like u actually like them in the first place based on some weird ass act then act like a victim as if u actually ever give a fuck in the first juancok asu kontol ra onok utekke;Abusive Language
Selamat tahun baru kakak sayang;Netral
Personally I really like how SPOILER JANGAN BACA KALO GAMAU there s no resolution for the father kaya dia jd baik dan dimaafkan dia bener yaudah ilang aja habis absen muka sm anaknya trus minta maaf dan cabut Yang menurutku it shows sesampah apa dia yg;Netral
ya kalau bisa sih balik ke instansi lama tanpa bayar kak karena kalau bayar sekian puluh juta menurutku gak worth karena statusnya masih PK lain dengan PNS yang statusnya sudah kukuh bukan lagi kontrak;Netral
HAHAHAHAH ANJING IKUT Fuck sia takot Boboi;Abusive Language
DAMN YOU BISA BISA E FIVE AING JD PUNYA TANGAN ANJIRRRRRRR GUE MARAH SAMA SI ALIEN BANGSAT REGINALD;Abusive Language
happy new year too kembaranku mau bilang makasiiiieee amp maaf sebesar besarnya mau bilang jga makasii buanyakk banget udah jadi salah satu ma favv moots anw selamat melanjutkan hidup di semoga kita masih bisa kya gini terozzz bahagia teruzzz lopyuu;Netral
Gk suka gue sama tmn smp gue mendinf sd dah anjrit tuh gila tolol bego goblok tuh tmn smp buat elo fuck you;Abusive Language
please fuck off gae kon wong wong seng ngeroso paling down gara gara akeh seng nyacati lek kon gak ngekei mereka wadah gae nyacati yo gak mungkin ono tempat gae nyacati kon bangsat utekk utekkk;Abusive Language
Ini msh mau difollowup besok sama kawanku karena kalau skrg situasi masih ga memungkinkan ke sana ga aman Intinya jagajaga aja ya teman saling jaga perempuan terdekat kalian Also this;Netral
Cuma ngomong CINA dibilang RASIS kann anjing banget ITU FAKTA CINA di indonesia bukan legal tp ilegal karena org CINA ga pernah mendukung SUMPAH PEMUDA apalagi menganggap org INDONESIA kelas babu dan org CINA mempunyai dwi warga negaraan SO fuck you jongos cina GTH;Hate Speech
sebab hang pun babi hahaha ok bye lancau lu ayie fuck asshole;Abusive Language
Kalau disalip orang di jalan Bule Fuck u Jakartans Eh anjing lu ya Bobotoh ARI SIA SESELEKED WAE KEHED;Abusive Language
Kalo udah status pacaran menurutku wajar sih ada rasa begitu Tinggal kamunya aja kuat enggak ngejalanin Jgn dipaksa dong;Netral
esok lah sial what the fuck babi;Abusive Language
happy new year cepio makasih ya papnya dan makasih juga telah berbagi kisah kamu ke fans termasuk aku ku doakan mimpiwishlist kamu di tahun terwujud ya sekali lagi selamat tahun baru cici;Netral
Yang lebih gila lagi nanti bakal ada orang yang experience hal begini terus pemilu depan mereka Ok mari kita lanjutkan Fuck that shit man u and me are the same people experience this shit and tetep bakal milih bansos dan rb;Hate Speech
APAAN ANJING SEMUA TULISANNYA LONTE FUCK;Abusive Language
Happy new year dan happy birthday to me selamat menjadi orang sukses dan bahagia di;Netral
BITCH LAGU NCT BANYAK KENAPA MALAH BAWAIN LAGU TOUCH BABI;Abusive Language
peraturan penggunaan kami serahkan kepada naluri petugas masing masing WHAT THE ACTUAL FUCK w udah gatau mau ngomong apa lagi;Hate Speech
Tim transisi Jokowi tdk akan hapus kementrian agama gt goblok dongok idiot stupid tolol dibaca cah eh can;Hate Speech
Media kok bahasnya musuh Islam GOBLOK Islam itu tidak punya musuh Yang punya musuh itu Hatimu yang tak punya nurani SHIT;Hate Speech
Fuck you that my expression RT kalo idup sekedar idup babi di hutan jg idup kalo;Abusive Language
hi hi hi happy new year terimakasih sudah hadir terimakasih atas semuanya and thank you for surviving this year diawal tahun dan seterusnya semoga kita bisa lebih baik lagi ya sekali lagi terimakasih and love u;Netral
Goblok wahyu idiot tolol bego dongo kontol;Hate Speech
Kl dari paslon kmrn jujur anies paling better to me beef dia x ahok aja kemarin yang bikin agak sangsi Ganjar I didnt know him that well tapi liat partai pengusung udah males duluan PSI Used to be a breath of fresh air tapi liat sekarang kaya gini ud diapus btw;Hate Speech
Elu juga cuma survei tukang pentol temen lo doang nyet dih tolol teriak tolol bakwan emak lo kebanyakan mecin jadi punya anak idiot kaya lo Sekolah dulu yg bener de biar penghasilan di atas rb n wkwkwk;Hate Speech
Thankyou banyak cerita yang telah kita ukir bersama senang sedih kita jalani dgn apa adanya Dan selamat datang kuharap engkau baik kepadaku minimal si bisa hahahihi sama dapet full waro dari ayangku hehe Happy New Year ges;Netral
NO Not mampus itu polisi yg meninggal apakah berbuat salah Sesalah apa sampai deserve to die No im not talking about that satan yg ngelindes But this man is not the one that ran over the ojol What the fuck is wrong with this country Goddamn;Hate Speech
Setau ga tau pun tetep aja goblok ngeloop di jalur protokol jam rame pula Mau belagak atlet TDF Iya sih Tour de Fuck;Hate Speech
div aku ga mau berbagi pengalaman kkn karena sangat awikwok hehe tp boleh ga aku minta kepastian kirakira akan upload smstr dengan cerita kkn itu kap ASTATANK trnyt ada syaratny jujur aku gatau uploadnya kapan krn;Netral
fuck mata gue sakit banget merah lagi babi;Abusive Language
Legit me I don t know you but who the fuck cares If you need anything PM me;Abusive Language
Dulu pas FG ditolak sekarang ada pengalaman pun masih ditolak Ini mah emg g mau aku aja deh kayanya Sedih tapi gpp Pasti diganti yg jauh lebih baik Semangat semangat;Netral
WEH FUCK YEONJUN HOT BABI;Abusive Language
sep jangan insecure mulu lu cantik lu lucu lu did well lu deserves to be happy okayyi lofe u;Netral
Sahroni Uya Kuya Eko Patrio Sri Mulyani and Puans houses are all a trap set by TNI Polri isnt it;Hate Speech
Damn Tinggal menit malah kebobolan gol bule kampret;Hate Speech
Kalau kau sanggup jadi anjing kau jadi lah aku mmg tak nak jd anjing org tu Plain stupid bloody fool;Abusive Language
macam ni ke kau cakap kau sayang macam ni ke nak kawin nak ada family dengan aku for what supaya you ada perempuan yang boleh sayang kau no matter how many times kau curang supaya kau ada tempat lepas baran everytime kau mabuk;Netral
Goblok nya terlalu berharap Oh shit Ada yg ngerasain begitu;Abusive Language
Pengalaman ngasuh tuyul gondrong;Netral
Aku gak pernah stan idol kpop se sayang ini dulu aku gak pernah melirik dunia kpop tpi berkat song day u were beautiful aku masuk dunia kpopIll always be in front if Day needs supportThank u so much day and Im proud to be myday;Netral
Orang gamau pake dipaksa Bego Tolol Stupid;Hate Speech
yang terakhir dan paling penting di tahun gua ketemu seseorang paling sempurna dan selalu ada buat gua my dearest ziconia thank you for always guiding me to be a better version of me Im sorry I cant be a perfect boyfriend for you yet sayang dek pacar;Netral
menurutku kalau pun cbx join kombek grup tahun ini dengan segala kerendahan hati mereka mungkin aja it will be the last ga sih TOLONG TAKUT BANGET DENGAN PIKIRAN ku ini;Netral
Bukan presiden si DPR DPR DPR Sasarannya kn DPR Krna Presiden sama kuat sama DPR Sedangkan DPR itu segeng gaada yg mau sah in Perampasan aset Ada pun video yg bilang klo mau sahin RUU itu ya lobby ke ketum partai bukan ke orang di DPR Dont u think theyre fkin useless;Hate Speech
gw seneng sumpah SM buat konser all artist tapi kenapa WayV harus di anaktirikan sih anjing FUCK;Abusive Language
untuk semua karakter di au dandelion fuck u anjeng gue ga percaya sama siapapun lagi bangsat;Abusive Language
Terimakasih Desember and Happy New Year Selamat Datang bulan kelahiranmu masss;Netral
eh siapa sial cakap fight me bitch lawa babi apa sial marah sial siapa cakap tu fUCK;Abusive Language
duit berjuta juta lu kira hasil metik daun makannya KERJA GOBLOK idiot sih makannya cuma mampu nipu orang;Hate Speech
Happy new year Selamat datang di tahun guys Semoga di tahun ini semua diberikan kesehatan dan selalu dalam keadaan baik Terima kasih kalian sudah menemani Chika di tahun semoga di tahun dan tahun seterusnya tetep nemenin Chika ya;Netral
Pi niw yer selamat ud lewatin Waktu yg ga singkat tahun yg rumit but aku kita bisa sampe diujung Yok mangat lagi slmt menjalani dgn versi masing Happy new year Welcome Terimakasih;Netral
Tau ga si lagu Barbie yg Dia jadi arwah terus ngeliat kehidupannya di masa depan lagu yg We wish u a merry Christmas We wish u a merry Christmas We wish u a merry Christmas And a happy new year Nyantol banget di telinga sampe skrg suka random tiba tiba nyanyi itu;Netral
Menurutku ceritanya bakal biasa saja tapi mengingat ini adl karya Akiyoshi Rikakosensei penulis iyamisu kesukaanku aku mengharapkan akan ada sesuatu yg bakal mengejutkanku di akhir nanti;Netral
Lagu We wish u a merry christmas and a happy new year itu sejak kapan Mungkin dari situ Anyway selamat natal Koh Dwik;Netral
isep memek kuat ammh Ammmh Smmph kocok anal pake jari errh shit ahn;Abusive Language
bisa bisanya dia prioritasin cewek ini cowok idiot sumpah kok dia ga geli sih sama dirinya bejat bgt kayak gitu ga mikir punya anak punya istri yang selalu nunggu dia balik si lonte jg besar kepala jijik anjing;Hate Speech
Menurutku lebih ke tolol aja si keknya wkwk;Netral
Selamat datang tantangan baru Happy new year;Netral
Sebutan buat lo kawan yg baik Kawan yg busuk Kawan yg menjengkelkan Kawan yg kaya anjing Dan kawan yg quen drama Shit cih norak lo mba;Hate Speech
halo semuanya selamat tahun baru ya semoga aku beneran bisa bagi waktu untuk kalian sama kerjaan yah karna tbh I miss you all I miss all the feedbacks and everything I love yall hope we didnt waste it like this year;Netral
dulu gue pernah mikir kalau papai ga pergi ga mungkin gue ketemu abang eh sekarang si abang juga pergi wkwkwkwk tolol anjing idiot jatuh cinta cuma bisa bikin sakit;Abusive Language
Mungkin jiwa kamu lagi capek Ceritakan kekhawatiran mu atau masalahmu sama org yg bsa dipercaya kalau ga nulis diary kadang bisa membantu Ceritakan semua kegelisahan rasa skit sampe nangis dan lega One day youll be back to what you used to be Semangat;Netral
Cute as fuck and vibbing i can fucks with that;Abusive Language
Menurutku susah sih karena banyak orang jahat Aku nemu beberapa yg dateng ke tempat donasi begini pake baju jelek terus abis itu bajunya dijual lagi;Netral
maaf ya kalau bete urusan sn soalnya ya gimana pake wv presale kan nambah budget mau ngabisin jatah sedih sama betenya dulu biar nanti pas ngonser happy aja jd menurutku gapapa sih kalau bete atau sedih dapet sn jelek tp beli pas wv presale tuh toh ya valid aja;Netral
happy new year too bub semoga ditahun ini wish kita perlahan terkabulkan terimakasih kembali;Netral
Sedih la sial babi fuck myself fuck fuck fuck;Abusive Language
Cowok bener kaya anjing sok ganteng banget lu fuck;Hate Speech
Goblok sampe DNA anjirrr apes bgst fuck;Abusive Language
bocah idiot body motor gua patah ditendangen bopung anjing;Hate Speech
Fuck banget hari terakhir gue di Anjing;Abusive Language
babi la diaorang cantik nak mampos tapi tak boleh support translation fuck bbc;Abusive Language
Happy New Year smua terimakasih dan alhamdulillah telah usai Welcome;Netral
Dan yang terakhir jangan terlalu percaya orang dari online itu pengalaman ku dari tahun lalu di dunia yang penuh orang jahat ini aku kemarin gara gara kurang tidur aj bisa kecolongan itu babi memang orang orang bisa aj kepikiran jahat seperti itu ke orang lain god bless you;Netral
HOW THE FUCK GA KE CROP BABI;Abusive Language
Selamat tahun baru dari aku yang baru bangun dan ketinggalan jam Semoga tahun lebih baik dari tahun happy new year;Netral
Lastly aku mau bilang selamat tahun baru happy new year untuk kita semua termasuk aku Aku sayang diriku dan sayang kalian semua Usahakan untuk selalu bahagia ya;Netral
Anjing macetnya ga nyantai Kapan gw nyampenya Fuck;Abusive Language
Happy new year everyone mungkin tahun kemarin banyak hal yg ngga baik baik aja Tapi terimakasih udah bertahan sampai saat ini See kita udah jalan sejauh ini Be happy and stay healthy love you guys;Netral
WHAT THE FUCK IH PELECEHAN ANJING DAH gua gatau ya motif sendernya hate atau gimana but still ini pelecehan tolol;Abusive Language
kak menurutku cowomu bener ini tuh bukan perkara ribu tp rasa tanggung jawab tukang parkirnya kalo tukang parkirnya pulang yg jaga motornya siapa yang bantu ngeluarin nyebrangin harusnya kamu bangga cowomu bisa bijak gini;Netral
Mulut mcm longkang kate org babi kau tu apa cibai Bitch;Hate Speech
Ya Allah semoga setidaknya demo hari ini mereda buat yang di malang still stay safe yaa soalnya dikabarkan ada demo besaran tapi wallahualam;Netral
Sok keren si tolol idiot taik anjing;Abusive Language
Tp sepertinya kagak deh Apalagi masih baru banget nogi Menurutku sih memang mereka belum bisa pindah agak luang dan ortunya mampu Ga kayak uzuy sih yg pesawat tp bagi kita tetep mahal;Netral
Happy new year all semoga ditahun dan seterusnya menjadi tahun yang jauh lebih baik dari tahun kemarin dan semoga yang menjadi impian kita menjadi kenyataan terimakasih buat kalian yang mau bertahan sampai detik ini lupyuu;Netral
happy new year semua muts aku semoga kalian berjalan baik terimakasih udah berjuang tahun iniiii terimakasih banyak udah jadi muts yang paling baikkkkkkkk maaf ya kalau aku pernah ada salah sama kalian be happy amp stay healty ILY;Netral
Japgi babi tak guna ugeo mati babi fuck bodo shit bukak kamus mencarut;Abusive Language
dasar bocah kontol hidup kok cringe bgt najis goblok;Hate Speech
Sorry Gue bangkitkan lagi akun ini buat retweet soal aksi Yang terganggu get the fuck out of here;Hate Speech
Fuck gila Dh la baru smpai Pastu pakcik teksi babi sekor dok paksa naik teksi dia Aku jawab elok ada org dtg ambik dia maki aku pulak siap dok tolak Haih Nasib tempat org ja ni Butuh;Abusive Language
Hai tolol p wkwkwk Hai idiotp;Abusive Language
FUCK ANJING MUNAFIK;Abusive Language
Selamat pagi Anisa cantik koe Happy weekend semangat pagi ye;Netral
Halo kenapa saya tidak bisa mengakses klilbca bisnis ya Tertulis nya Exception is thrown which cause transaction to be rollbacked Saya sudah coba di akun tidak bisa akses;Netral
wkwk ya lo kalo juga idol lo ga di treat koar ya anjing giliran exol marah lo marah protes fuck lo gatau sesusah apa jadi exol;Hate Speech
Gabut lagi Yuk coba main tebaktebakan Apa yang selalu datang tapi gak pernah tiba Jawabannya Besok Mau yang lain atau cerita pengalaman seru;Netral
Dont settle for less and love yourself first We were fine without them and we are going to be fine without them too Sebelum dia masuk dunia kita kita mampu je hidup kan Akhir nanti kita jugak kena sayang diri sendiri kalau tak siapa lagi;Netral
Happy New Year guys terimakasih sudah bikin hari hariku menjadi asdfgklskan bgt;Netral
jangan sampai ada yang terbunuh terculik dan jangan terprovokasi stay safe semua masih ada di jalan di kwitang malam ini jangan lupa pulang jangan lupakan ibu kita yang masih menyayangi dan mendoakan kita agar selamat sampai saat ini;Netral
Wkwkwkwk RT malam tahun baru brengsek fuck tai anjing;Abusive Language
Gw bingung ini orang idiot apa goblok Kemaren di bilang Islam Radikal mau buat negara kilafah sekarang di bilang kristen Loe maunya apa sih bong;Hate Speech
Otsuuu Happy new year terimakasih untuk hari ini Selamat beristirahat sayang;Netral
to NARA CANTIKKK GUE SAYANG BGT SAMA LO PLEASE BE HAPPY YA CINTAKUUUU LO JANGAN SEDIH MULU DONGGG GUE JD IKUT SEDIH TAUU SEMANGAT TERUS YA SEHAT SELALUUUUU SEMOGA TUHAN NGASIH LO UMUR PANJANG AAMIIN POKONYA SARANGHAE I LOVE U AKU CINTA KM cont;Netral
JIDAN ANJING YE LO FUCK YOU;Hate Speech
idm my ak mau cerita sedikit ya posisi aku sekarang lagi bener bener kesepian banget ngerasa capek banget sama semuanya kayak buntu banget i dont even know how to rest for myself sometimes hating myself to be born can i be happy someday;Netral
Babi la sky news Killed by the fucker Israel you complicit genocidal journalist Fuck you;Abusive Language
menurutku indah cocok ditambah dengan bokuto oniel mereka jadi bokuaka dan ondah;Netral
Halo moots aku mau off in acc ini ga tau bakal on nya kapan Feel free to unfoll or bub me See ya be happy i love you;Netral
Menurutku sing garai keberatan jam kerja e deh der koyok e lek jam gaji segitu gabakal akeh sing yapping Tapi yo mboh maneh se;Netral
kodok kodok anjing dibuat dari nasik kuda kuda kuda lagu apa shit cam nais pulak;Abusive Language
Gangerti lagi udh cantik body goals suaranya bagus bgt and her personality is too good to be tru;Netral
fuck babi lives they said;Abusive Language
Sangwon nih bagus bgt lho jd modeldia cuma disuruh foto sambil nunjukin produk tp dia buat produknya ngegantung di jarinya terus dia pose buat nonjolin dirinya jugapengalaman dia sbg model ngaruh bgt jd dia terlihat scr alami nunjukin produknya scr candid aja gitu alami;Netral
monyet lah cuman anjing damn;Abusive Language
Fuck anjing bangsat;Abusive Language
God damn youre gorgeous;Abusive Language
fuck la backup goblok wkwkwkwkw;Abusive Language
happy new year semuanya terimakasih sudah bertahan di tahun kemarin semoga tahun ini bahagia terus dan selalu sehat;Netral
Happy New Year Selamat tahun baru ya semoga cita citanya tercapai kalau bingung mau jadi apa jadi belahan jiwaku saja;Netral
haiii milesss happy new year semoga masii ingett sama chooo yang suka begadang ini makacii yaa uda jadii temen yang baik ya walopun kadang ngeselin bahagia selalu sehat selalu okayy semoga yg blom terwujud segera terwujud be urself n god bless u sayangg miles banya bgtt;Netral
Happy new year ci terimakasih kado indahnya;Netral
anjing shit fuck bangsat anjir lol;Abusive Language
Happy New Year Hillary Abigail Terima kasih sdh hadir di dunia ini dan sdh hadir di hidupku yg abuabu ini Terima kasih sdh mengubah hidupku yg abu abu ini menjadi sedikit berwarna Terima kasih ats kerja kerasmu selama ini Selamat menuju yg lebih baik lagi;Netral
nder klo kamu emang belom punya sama sekali ato belom beli yg si ireng menurutku sih buy banget worth it tapi klo uda beli si ireng ya balik lagi ke sikon dompetmu gimana klo masih ada rejeki dan kepengen banget ya uda beli aja lebih baik menyesal uda beli nder;Netral
udah hari jumat tp beratnya kaya hari senin karena ada demo jadi ga berani buat wfc nongkrong ngegym dll sama sekali gak nyalahin yang demo maaf belom bisa join ternyata politik sengaruh itu ya temen makanya jgn tolol ANJING I DONT VOTE FOR THIS SHIBAL SEKYA;Hate Speech
Boom Im Smart But Stupid;Abusive Language
anjing kontol idiot otak lu kya anjing muka lu kaya tai memek anjing;Hate Speech
TT happy new year yaa zaa terimakasih udah jadi teman yang baikkk semoga kedepannya kita semakin baik semakin bahagia dan jadi pribadi yang lebih baik dari sebelumnya maaf jugaa untuk kesalahan aku selama ini TT may is nicer to us yaa happy new year;Netral
Merry Christmas fuck Babi;Abusive Language
Halo salam kenal salam sejahtera dan salam lainnya Tidak peduli dulunya kalian berasal dari air tawar air asin ataupun air payau sekarang kita sudah berada di air yang sama Semoga kita semua betah di sini Best regards Soon to be your love Yeji;Netral
babi smua ni babi pnya sm babi pnya haters babi pnya ssngs babi pnya koreaboo babi pnya spotify babi pnya ig fuck off;Abusive Language
I hate people yg kalo buat story isinya ada yang ditanyakan fuck Koen gawe koyok ngono iku gawe opo goblok;Abusive Language
WINTER MAAF BANGET SAYA LUPA SAMA PREV KAMU SIAPA TERNYATA NANA KU SAYANG ASTAGA TAMPAR AJA GAPAPA WONWOO INI Ill never get bored everytime I talk to you Na Seneng banget dibilang rp jww fav thank you so much Stay healthy and be happy NYANYA;Netral
fuck sial lepas satu satu anjing btol;Abusive Language
Kok bisa gak saling kenal gitu Tentara yang berphoto bersama bareng Setan Nyabu itu pasukan elit kan ya Eh iyajadi tentara kan harus IDIOT TOLOL dan BODOH Bukan Teknologi yang kurang canggih lah emang nya aja yang dungu;Hate Speech
Shit gw jadi flashback gw kalau bucin jadi goblok bgt ahaha ya Allah impian gw lagi maap mbak doainnya saya cepet kaya aja ya ahaha;Abusive Language
selamat mam jagung bakar happy new year aku sayank kalian semua mwah jangan lupain ak oke moots;Netral
PERNAH KANTOI BABI FUCK;Abusive Language
youngsoo anak iblis ilha dibunuh sm dia ajg dasar anak ambis tolol idiot dongo bau tai babi lu youngsoo;Hate Speech
Happy new year Mungkin ga banyak yang tau tentang apa yang aku lalui ditahun ini tapi terimakasih aku sudah bertahan sejauh ini;Netral
happy new year sayang udah kali tahun baru aku kenal kamu terimakasih utk segala hal baiknya yaa semoga tahun berikutnya kita masih baik aja jangan cape sm tingkahku xixixii love u;Netral
iblis bangsat setan goblok fuck u bitch u harusnya lu gada di dunia bangsat iblis gw benci bgt sama luharusnya lu ga iri sama Tuhan waduh iblis gabalek pulang lewat mana lu anjkasian deh ibliskasian gada pengikut;Hate Speech
Fuck makcik bawang nak gosip bnda fakta takpa jugak ni gosip bnda yang tak sahih siap fitnah bagai babi seh;Abusive Language
stay safe ya semua gila banget pemerintah sama itu intansi;Hate Speech
Promo ebook PANDUAN LENGKAP JUALAN PRODUK DIGITAL hari ini yaaaa Mana tau ada yang butuh panduan jualan produk digital dari nol Ditulis berdasarkan pengalaman jadi nggak teori teori teori terus Cek promonya di sini;Netral
Happy New Year terimakasih dan selamat datang;Netral
Dasar PKI Idiot Otak kalo ga nyampe yaa gituga paham redaksional ayatapalagi tafsirnya yg ngatakan gila itu bukan Allah tapi orang kafirkayak eloe njing;Hate Speech
bener bener it s fucking shit anjing jujur aku bersyukur dan alhamdulilah akan hasil yg bener bener gila luar biasa ini meningkat jauh dari sebelumnya tapi apakah hasil yg aku dapet in bisa aku pertanggungjawabkan nanti di kehidupan selanjutnya;Abusive Language
Hahaha fuck Belajarlah dari babi ngepet kalo malem cuma pake lilin hemat listrik donk;Abusive Language
sinting nih brand idiot ngelebihin orang kafir jadul ckck;Hate Speech
Dh kaya pon nak sedut lg duit arwah abah Eee babi Mampus kau sana anak beranak Mmg x selayaknya aku panggil kau org keluarga Fuck;Hate Speech
ini fandom tolol apa gimana dia duluan yang ngecamping di qrt translator army ngatain jhope jelek mukanya kek kuda playing victim ih gw gedeg banget asw horanghe shit aja bajing lo bawa jangan mental health moral moral anjing;Hate Speech
I fuckin hate when people ship me with anyone else kang bila orang kata ye huduh kang ngajuk babi lok kkgi so just leave my single ass alone okay just because i make a few stupid fuckin jokes that doesnt mean im into you ffs;Abusive Language
bitch sok as bat anjing;Hate Speech
Selamat Tahun Baru Happy New Year Makasih udah mau jadi temenku Tahun kemarin jadi tahun yang banyak seneng dan sedihnya I hope di tahun kita masih jadi temen hehe Ilysm;Netral
happy new year moots selamat km udh lewatin tahun yg kaya rollercoaster hihi tanda nya kalian sekuat itu tetep jd org yg kuat ya tbz loves ult;Netral
Its going on now di Samarinda Ga tau demo jadi ga di Balikpapan sama Samarinda Please yang demo di Balikpapan Dan Samarinda Hari ini stay safe dan jangan terprovokasi;Netral
Babi tapak kaki berulatbergerak gerak ulat dalam tapak kaki dia Fuck fuck fuck;Abusive Language
FUCK BIGHIT ANJING GUE UDAH NUNGGUNGAREP BGT LU PATAHIN GITU AJA NGNTOTTTTTT;Abusive Language
Halo kakk boleh minta jingyuannya gak;Netral
Goblog si anying block aja anjir U DESERVE A BETTER FRIEND WOI Leave that bitch And actually yg lebih goblok itu mantan lu jadiin aja pelajaran Jangan kenalin kapel lu sm tmen lu ya lain kali;Abusive Language
FUCK U DAJJAL SIALLL KEPARAT BUSUKLAKNATULLAH ANIS BABI EDANN TUKANG KIBUL PRESTASI FULL OTAK DIPANTAT;Hate Speech
fuck la babi nak pergi cfest;Abusive Language
Januari Bismillah Selamat Tahun Baru Assalamualaikum saudara saudari Sebangsa dan setanah air Indonesia Selamat Merayakan Tahun Baru Happy New year Good luck Merdeka Wassalam;Netral
dia bilang kazukiharu anjing bitch brengsek ngaco lalu main block Tapi ngomong sama anak anak RP dia yang di bash;Abusive Language
Siapa org tolol sleppy text malah chat mantan This bitch righ here;Abusive Language
Menurutku rasanya masih di bawahnya coco dan menurutku malah monset sama gogo agak mirip tapi masih enakan gogo;Netral
RT this fuck word to have a good or you will faktap Anjing;Abusive Language
Fuck my birthday;Abusive Language
Kampret lah udah mo nyampe rumah disuruh balik kantor lagi Damn u RM;Abusive Language
Happy New Year guys Terimakasih buat cerita di Tahun penuh Rasa semoga di Tahun ada cerita baru yang lebih Indah ILY Guys;Netral
Knp sih kakmarah aja Loe dia mereka sama sama licik dan kayak anjing Fuck;Hate Speech
Damn lah klo keinget tuh rasanya masih pengen teriak TOLOL GUOOBLOOKKK;Abusive Language
Menurutku sih enggak soalnya mreka mikirnya kan udah pergi ke Ina tahun ini;Netral
buka loker pengalaman kerja minimal tahun sekarang nyari pengalaman kerja kalau ga kerja dulu ya gimana anjeng tolol emang;Netral
Mahfud Hebat Happy New Year a bersih KuatkanKPK SikatKorupsi Hebat a Jayabaya alam Selamat ulang tahun Alam bersih kuatkanKPK Mahfud MD;Netral
Menurutku paling efisien dan tidak mengganggu perfoodan adalah dengan membuat hutan alias menanam tanaman yang lekas laku sebanyakbanyaknya;Netral
Viral di media sosial seorang ibu warga negara asing WNA asal Sydney Australia menceritakan pengalaman liburannya di Ubud Gianyar Bali pada September lalu;Netral
stop bucin udah saatnya gue jadi girlboss fuck percintaan anjing;Abusive Language
shit my junior babi la nia HAHAHAH;Abusive Language
penting ga penting se tapi lek beda kepribadian ngunuku menurutku isok saling melengkapi satu sama lain dadi ga monoton;Netral
Anjing sudi gua;Abusive Language
mati lo bangsattt apasih anjing ini presiden satu ga layak jadi presiden fuck you son of a bitch prabowo hope you SUFFER IN THIS LIFE;Hate Speech
Perangai cam babi fuck you la pantat menyesal aku kenal kau setan;Abusive Language
WHAT TJE FUCK BABI;Abusive Language
happy new year dan terimakasih untuk teman teman ku yang membuat saya baru bisa ngomong di;Netral
akan aku treasure moment di mana papaku yang gengsian mampus ini tbtb gasengaja muji aku karena uda jarang liat aku make up real gasengaja karena abis di ngmg cantik dia shock sendiri kata kata itu keluar dr mulutnya WAKAKAKA lob u papa;Netral
cong gausah sok eksklusif fashion industry doang yang fucked up mahasiswa juga gabisa ke kampus lg anjir krn situasi terlalu berbahaya dan memakan banyak korban try to read the room pls;Hate Speech
cepe bgt org korea china bebal bgt njir tolol bgt jadi org heran sasaeng aja kebanyakan dari negara lo sok sokan bahas keamanan idol bener bener stupid pantesan warganya byk yg bundir;Hate Speech
And knowing that you may treat her better than you treat mehaha fuck its too tragic to me really Dulu waktu pdkt lo ga pernah kayak gitu waktu pacaran lo malah lebih sering ninggalin gue Anjing juga lah;Abusive Language
Semangat terus ya untuk semuanya literally semuanya Iiiii gatau mau bilang apa haha intinya i do believe one day God will give you infinity happiness in your life so dont stop to be good to others Kamu orang baik banyak orang yang sayang sama kamu salah satunya aku;Netral
a whole damn dictionary exists and you prefer to choose connect kontol;Hate Speech
SC kan Sampah Tah fuck RT Knpa kaka RT Tai anjing RT SC youre everything;Abusive Language
Nobody like to be compared Even twins I like them both Dan mereka itu Cantik nya beda Dan enak aja ngelihatnya Gk ngebosenin Karena suka dua dua nya jadi ya happy lah mereka satu frame;Netral
heeey pretty soul same goes to youuuu lt seneng bisa temenan sama mali disiniii bahagia yaaa we have to be happy no matter what happened sedih gapapa deh sesekali tapi jangan kelamaann bahagia okiiii sayang malii lt;Netral
Fuck fascist islam;Hate Speech
Babi bijak bodoh Baru terfikir Shit U deserve my like and rt;Abusive Language
Contohnya Jorok itu fuck kasar itu anjing Ini menurut ku wkwkkw;Abusive Language
nafsu ka monyet jek astogpirulloh o ku naon poy Anjing fuck fuck fuck;Abusive Language
gw ngatain emak matic Ibu Goblok ugalan ga karuan mau mati ya gw nyobain naik mio WOY JANGAN NYEBRANG SEMBARANGAN MAU MATI LO JALANAN SEMPIT APA ITU SEMPIT MOBIL GOBLOK NGALANGIN JALAN AJA GET THE FUCK OFF MY WAY YOU SLOW ASS FUCKERS;Hate Speech
kalo gak punya duit mah ga usah atuhh fuck anjing;Hate Speech
is fine Just be ready for Thats when shit hits the fan;Abusive Language
sumpah tadi main violence terus killernya temen gue dan jadinya teaming karena ada yg bully terus abis itu yg bully ngatain pake voice bilang you teaming ugly ass bitch terus leave gue ngakak banget anjing;Hate Speech
SAMAAAN BABI GUA BARUSAN ENDING FUCK NYESEKKK WEH;Abusive Language
fuck gue galau bgt anjing;Abusive Language
hei para mutualkuu HAPPY NEW YEAR INGET yang sedih sedih gausa di lupain gaapaa jadiin pelajaran aja tapi gausa di inget inget jugaa okeeh semangat dan selamat taun baruu semuaa sayang kaliiaaan;Netral
FIRAAA SAYANGKUU Happy birthday yaa Selamat tahun semoga sehat terus dan selalu dikelilingin kebahagiaan yaa Soon kita ketemu sehun bareng yaaa Btw happy new year firaaa;Netral
TGE FUCK BANGSAT KELUAR ADS ORANG NGEW CAMMYA TEPAT DIBAGIAN BAWAH ANJING MATAKU;Abusive Language
udah bangun ya good morning cantik jangan lupa sarapan ya have a nice day today;Netral
Selamat tahun baru TWILIGHT Terima kasih untuk semua dukungan dan untuk semua TWILIGHT yang selalu disamping TRINITY di Banyak mimpi yang berlahan terwujud berkat kerja keras kita semua so thank you Tetap sehat dan selalu bahagia Happy new year;Netral
just saw someone said mending jadi voters yang bersuara daripada voters yang diem amp ngurusin pemilu masalahnya voters ganjil dari dulu udah bersuara sih;Netral
Dear ENAM SAYANG Gak kerasa banget kita udah bareng sampe akhir tahun ya walau ketemu di acara aneh alias TMO dan pas jga ketemu di CA sampe rukun begini To be honest aku selalu pengen tuh nyamperin kamu tapi malu dan juga aku merasa;Netral
I added a video to a playlist Lagi Pengamen Terminal Paling cantik Nyanyi Lagu Wali Keren Abis;Netral
taehyung be happy yaa kamu udah mau ultah ya sayangg knapa masi bnyk yg gasuka sm kamu sebaik kamu se angel kamu ku heran sama smuanya pdhl kmu penyayang bgt u deserve to be happy u deserves all loves syg army disini selalu ada dan sayang kamu i love u sm baby;Netral
The way them titties sag milk done gone bitch i promise he ain t coppin;Abusive Language
fuck youself madafaka bitch anjing;Abusive Language
GUYS STAY SAFE YANG DI SEMARANG TERUTAMA DAERAH SEMARANG BAWAH jangan keluar rumah dulu kalo gapenting atau nongkrong gajelas sama yang perempuan usahakan jangan keluar sendirian;Netral
Selamat tahun baru dari aku dan onnie kesayanganku yg ngucapin happy new year nya kecepetan aku sama belio beda umurnya jauh tapi jujur sangat mencintai beliau Ailopyu hana onnie Btw fans aku yg dimaksud itu pacar dia yg sampe ngajakin aku liburan sama mrk ke jepang;Netral
menurutku justru mereka punya latar belakang yang mirip apalagi di episode setelah jaepil cerita ttg keluarganya mereka keliatan nyambung bgt jeonghee jg bisa memahami kondisi jaepil;Netral
ELU YANG BIKIN MISKIN ANJING AHHHHHHH wanna move GOODBYE BITCH;Hate Speech
Hayang da ngomong anjing depan muka sia DAMN;Abusive Language
Aku beria macam orang gile sebab aku sayangaku korbankan segala kasih sayang segala efforts aku dekat kaujust to make you happy and open your heart for me Aku tak minta balasan I just want you be in mylife;Netral
Gak lucu anjing Bangsat Setan lu Jam segini scroll tl yang muncul yang ginian Fuck;Abusive Language
Broken heart is normal Gapapa sedih aja Abis itu cari lagi saaaay wkwkwk Tapi jangan sedih karena kamu nggak cantik ya Everyone is beyoutiful in their own way If you need someone to talk to just hit me up;Netral
such a bitch ckp depan lah babi nak sakitkan hati aku je kerja kau;Abusive Language
Kangen Trans Studio Bandung Ngliatin org pacaran gndengan tangan dan w sendirian Dh ama rombongan naik wahana eh metal Di situlah w ngrasa fuck anjing temen w pd di mana bener sendirian ky gapunya temen blas Pulang dari situ ke bis pen cepet ke Surga sedih;Abusive Language
Iyaaa biasanya kayak moon chicken atau yg nashville itu kan ayam biasa dikasih bumbu di luar Kalo ini original kan tp tepungnya beda dr merk dia yg lain siii menurutku cukup mengobati kangen dr ayam yg boycott;Netral
Rumah Sri mulyani juga kena jarah How come;Netral
fuck off gila every time bila player baring mesti bolos babi la;Abusive Language
tpi ini di jkt kak yg UMR nya jt mungkin ga cocok sama semua amp klo mau ambil silahkan tpi menurutku ttp ga etis utk kerjaan sebanyak itu di gaji under UMR ttp harus ada kritik apalagi owner pke tulis membenci rezim plus brg yg di jual harganya terlalu mahal utk thrift;Netral
To be honest Aku kemarin rindu banget Kek ga sabar masuk sekolah Tapi tah kenapa udah nyaman sama dirumah selama bulan Kalau offline gua harus adaptasi lagi mah;Netral
Fuck babi lancau lupa nak save;Abusive Language
ini ombrenya cukup bold tapi menurutku gak serem atau bikin kusam gitu amaan masih keliatan seger dan wearable di kulitku yg warm ini buat makeup tipis pengen tetep stand out bisa bgt pake ombre ini karena lippiesnya GONG mana dua produk rb ajakapan lagi;Netral
For fuck sake babi lah siapa org bodoh yang suka buat benda mcmni Ko nampak tak terang terangan video ni memang tujuan nak kerohkan keadaan antara Malaysia dan Indonesia Aku harap jenazah uploader youtube tu nanti dia terbang pusing pusing masuk dalam mesin simen;Abusive Language
Menurutku hubungan Mas Tle sama Firstone itu ideal banget Keduanya bisa saling jujur memahami melengkapi dan jadi kekuatan buat satu sama lain tanpa harus jadi orang lain;Netral
Situ tereak blg rayain thn baru itu sama aja kaya kafir Tp situ msh pake celana jeans dan makan sambil berdiri This is shit;Hate Speech
Harus nya saya tidak tau apaapa terus juga tidak sesuai komitmen dari pertama n fuck anjing;Abusive Language
Pinter pinter anjing fuck kata pinter;Abusive Language
si babi ay isang stupid motherfucker;Abusive Language
Hope Saya pikir dgn adanya pemain muda ini kita perlu ambil sisi positifnya dengan pemain muda kita bisa sampai final amp sy pikir ke depan ini akan banyak kemajuan di sepakbola Indonesia Bismillah Selamat Tahun Baru HAPPY ENDING Happy New Year Page of;Netral
MY REVIEW Menurutku buku ini lebih dari sekedar hanya sebuah cerita tentang salama namun tentang perjuangan luka trauma cinta iman dan harapan Harapan yang tumbuh diselasela kehampaan Harapan akan kehidupan yang lebih baik bagi warga suriah HUHUHUHUHU;Netral
shit Berisik banget anjing masih jam segini;Abusive Language
Masyarakat fomo alergi orang pinter terlalu gampang kemakan emosi kasiangemoy dipaksadibayar buat milih haters ganjar haters anies emang bodoh aja Boom jd banyak deh;Hate Speech
Ah bangsat anjing Fuck you;Abusive Language
babi babi babi babi babiiiiii FUCK YOU;Abusive Language
A stupid person can make sense;Abusive Language
Terimakasih banyak ya Kalau ada apa apa dm Jangan ngerasa sendiri Happy new year;Netral
HAPPY NEW YEAR Terimakasih Selamat datang;Netral
ANAK ANJGG ANAK NGENTD ANAK KONTLLLL AESPA NAIK KARENA NEXT LEVEL TOLOL IDIOT GOBLOK BLOON DONGOKK;Hate Speech
Lu ngapain panic driving dimana semua demonstran tidak membawa senjata berbahaya dengan kesadaran penuh bukannya bertanggung jawab lu malah tabrak lari Dan bukannya mundur dan mengambil lane yang berbeda agar tidak memperburuk keadaan kalian injak dan mabur tanpa dosa;Hate Speech
Sama samaa noona Oh yaa Gak ada genre kesukaan atau yang paling sering noona denger Ohh kalo yang cocok buat nemenin olahraga adaaa judulnya Break the Brake sama Freddy menurutku noona bikin macu adrenalin banget soalnya wkwkwk;Netral
Fuck around gave him my number he wont stop calling blockaveli;Abusive Language
Menurutku dia klotekklotek karena ada outer case acrylicnya yang emg agak renggang Kalo dilepasin lumayan better cuma built qualitynya emg agakagak sih dibanding v;Netral
tolol aja urg dibilang homofobik like WDYM BRO IVE DATED SAME SEX BEFORE THE FUCK U MEAN GW HOMOFOBIK;Abusive Language
Menurutku momen terbaik der Milito adalah gol sundulannya vs Liverpool di Anfield UCL bantu Madrid balik dari jadi Itu kontribusi krusial di laga besar Gol jarak jauhnya barubaru ini vs Espanyol Sep juga epik tunjukkan comeback setelah dua;Netral
Happy New Year Selamat Tahun Baru Semoga banyak halhal baik;Netral
Semoga Tahun memberi kita lebih banyak kesempatan untuk kemakmuran dan kemajuan Selamat Tahun Baru May the Year bring us more opportunities for prosperity and progress Happy New Year;Netral
Ex FUCK BABI BANGANG SIALL;Abusive Language
FUCK ITYUSKSHSJSH LUCU BGT ANJING;Abusive Language
Definisi goblok gak sekolah dongo idiot matiin aja kaya gini ketabrak mati mayan ngurangin orang bego di indo;Hate Speech
ohh iyaa ituu yang easy coba naik ke medium deh aku langsung pake yang medium gak susah susah amat menurutku;Netral
Keppo awalnya doang Akhirnya molor semua mana suami jg molor Aku sendiri yang gak bisa tidur sampai jam malam Terimakasih Happy New Year Harapan;Netral
Kemarin bantuin temennya temen ngewar TDS terus seneng banget lumayan lah ya sn nya Rownya gede sih row tapi menurutku ini enak soalnya row pertama setelah naikan jadi gak kehalang orang di depan duduk dan kaki juga pasti lebih nyaman;Netral
Takut pisang tapi gak takut anjing Damn;Abusive Language
HAPPY NEW YEAR SOBLIS Terimakasih sudah menemani dan membuat kenangan bersama aku di tahun seneng banget kenal kalian love you XBLISS amp XODIAC;Netral
Katro kampungan idiot tolol Kalo udah asa tindakan dr aparat baru lu semua bacot tolol lu liat kelakuan lu malu maluin negara di event multinasional mancing mancing keributan mulu goblok;Hate Speech
Mau jd baik aja kok doanya semoga thn dpn lbh baik eh IDIOT GOBLOK TOLOL Hari ini pun bs lbh baik dr smalam trgantung manusianya aja;Abusive Language
Fix you sayang nyahona putus terus ngomong fuck you goblog Pan tolol;Hate Speech
Karena menurut kaka aku cuma perempuan bodoh broken english org perantauan yg bisa dibegoin Kak really yg bodoh tuh kamu Terlalu percaya diri kamu sepinter itu;Hate Speech
aduh lo liat aja udah orang BO dia ga ml alesan mulu ada memek gw bayar;Hate Speech
A tap in Fuck Adam idah;Hate Speech
Nomrara sayangku dia itu pendengar yang BAIKK dia bisa kasih saran amp solusi dia suka kasih kata kata penyemangat Nom suka sama dimensi Ya Allah dia pinter pol guruku juga mwah dia agak julid ril min truss dia lucu cantik baik nya baik banget pokoknya lov u;Netral
fuck sial ko babi;Hate Speech
Akan datang masa dimana beberapa orang di circle idup lu auto babi as fuck;Abusive Language
And you cant be perfect baby Cause nobodys perfect darling But no no no no theres in the world Like you Udh kali ke ini Maknae kita dg berani meminta maaf atas kesalahannyayg mungkin ga seberapa Mereka sangat sayang sama kita can u send a love letter to him;Netral
Faizal Basri bego idiot goblokSelama ini yg makan duit Freeport sapa yg menguasai sapa Yg punya peralatan tambang sapa tolollKlo asing ga punya pake peralatan tambang mang Indonesia mau nyangkulbego;Hate Speech
HAPPY NEW YEAR semoga banyak bahagianya sedikit sedihnyaa selamat datang juga beban datengnya satu aja yaa please be nice yaaa;Netral
ih akun penyepong fredlice kok mau maunya ya membela fred segitunya gue sih kalo gak digaji ogah banget gila aja ngapain gue ngereog ngetweet fafifu panjang lebar tapi kagak dibayar sepeserpun tolol banget inilah knp gue bilang fredlis ship itu idiot;Hate Speech
Bikin Malu Jokowi Admin guoblog Tolol Idiot Dungu Dasar Cebong;Hate Speech
aku sayang kamu tuh aku curhat di dunia sendiri dan orang yang religius dan banyak lagi yang bisa kita lakukan untuk di invite ke grup band yang mana nic and I are going to be a good person to be at the gifted graduation party lu;Netral
wkwkw sistemnya sekarang terlalu ribet menurutku mba ga cocok buat aku yang genre hidupnya slow living;Netral
Babi sial sebab korang la aku kena tempias stress nk kena kluar kt tanah sendiri fuck betol Mana aku nk cekau duit Nk Cari keje lg hmmm Sumpah mental doe lama lama mcm ni xpasal kena pindah;Abusive Language
ANJIRRR KAGET MBA YA ALLAH AKU SENENG KALO KAMU BAHAGIA MBA SUMPAH PLEASE BE HAPPY AS ALWAYS MBA YOU DESERVE TO BE HAPPY BENERAN DEH MBA W SAYANG SAMA LU Also Ravi thank you so much semoga kalian berdua bahagia selalu ya Kai temen lu nih;Netral
tenis di kasur sma pelakor anjg bngst tolol idiot;Hate Speech
Emang dri jaman soekarno fitnah itu tdk adaapa lg jaman soeharto gmn mau fitnah berpikir aja dah di tngkapbiang kerok fitnah itu di kubu prbowo dokter goblokaku aja bljr nyinyir dri pilkada dkigoblok boleh ibu tpi idiot jangandasr goblok;Hate Speech
menurutku untuk atasannya aman aman aja sih soalnya banyak ava cewe yang pake croptop pamer perut juga kan karna bagian privasi badan cewe cowo berbeda jadi yg harus ditutupi baju pun juga berbeda cuma celananya itu yg menurutku ga etis dipake di game bocil;Netral
this is battleground of proxy imposter buat kawan ojol amp mahasiswa waspada PROKSI IMPOSTOR di barisan kiri kanan saat kalian demo lusa jangan terprovokasi rusuh intinya biar mrk saling serang sendiri saling tuduh amp tunjuk siapa yg bikin rusuh bakar amp rusak fasum kemarin;Hate Speech
senderpengen peluk pasti rasanya campur aduk ya nder antara sedih kecewa karena dikhianati dan juga bersyukur karena sender udh dijauhin dari laki bgt kayak dia u deserve better cantik;Netral
setting powder hanasui dia ga terlalu nahan minyak tp blurring poresnya menurutku juara sih dgn harga segitu;Netral
Heh TOLOL otakmu itu isi pake ilmu jangan pake kebencian Amien Rais bukan pejabat negara ngapain kamu tagih janji rakyat biasa GOBLOK Kau tagih itu janji jokowi kerakyat seabrek yang tidak dilaksanakan Tagih yang begitu kau BODO Udah tua ngomong kayak gitu IDIOT;Hate Speech
tidur tahun baru dgn kucing kampret kampung temen si adek wanjing nginep pulak Acara main mercon jadi acara lempar granat dah fuck you sis;Abusive Language
Bangsat anjing tai fuck shit setan stupid;Abusive Language
kak al awalnya ganyadar kalo aku bbrp kali rtin fanart kak al krn suka lewat tl kak al bring one of the reason why i feel so grateful this year krn aku menang GA dr kak al yg aku sendiri lupa kalo aku ikut GAnya still want to be more closer with u kak huhu happy new year;Netral
Happy new year and happy bts year kak yupi Terimakasih banyak sudah mau berteman dengan wulan disini Semoga semua doa dan harapan kak youb di terkabul dan dijabah sama Allah Aamiin Sehat dan bahagia selalu ya kak HAPPY BTS YEAR BTS BTS BTS;Netral
Selamat tahun baru Happy New Year Kami Berharap Kenangan Hebat Saat Saya Kembali pada tahun We Wish The Great Memories While Me Back in Anda Menjadi Tahun yang Hebat Aku Akan Merindukan Kenanganku You Been A Great Year Am Gonna Miss My Memories;Netral
selamat happy new year dan taun baru semoga taun ini menjadi taun yg baik buat kita semua;Netral
Selamat tahun baru dan selamat tinggal tahun lalu yg di penuhi oleh halu dan sendu Terimakasih untuk semua peran yang mengisi tahun tahun sebelumnya Happy new year;Netral
Kate malam Sial la Babi ape siak Die bitch;Abusive Language
Happy new year Terimakasih banyak banget kenangan di tahun tapi lebih banyak ke kenangan sedihnya sih semoga di tahun sekarang lebih banyak bahagianya gak mau berharap banyak cuma mau jadi lebih baik dari tahun sebelumnya aja apapun yg aku lakukan nanti;Netral
new year Aku bertekad untuk berhenti menyianyiakan resolusiku pada diriku dan menggunakannya untuk membalas kehangatan yang telah kamu tunjukkan kepadaku Selamat Tahun Baru;Netral
Cowok smart ni susah dipandeng huft Cowok idiot kayaklu les apaan Pada dasarnya orang goblok memang menarik;Hate Speech
dia ke IDN juga kasih gift kaga cuma ngomong kaya lu kontol mending mandi goblok wota idiot influence mereka jauh lebih gede drpd pertubiran lo dan antek lo macem si polisiampkopi bhuahahahahah;Hate Speech
Aneh sih menurutku nder Daripada peduli kamu terkesan mau ngolok tapi pura peduli;Netral
Wah Kuroo Tetsurou sebagai idol girl group Menurutku dia cocok jadi Jennie dari BLACKPINK sly charismatic punya smirk nakal yang bikin fans gila plus skill rap dan stage presencenya kuat kayak blocker voli Atau Joy dari Red Velvet buat sisi playfulnya Kamu pikir siapa;Netral
last menurutku ribuan udah dapet combo moist buat pagi amp malam yang sebagus ini sih sangatsangat best deal;Netral
Fuck you Sebelum ni aku nak carut dulu Babi kau;Hate Speech
Selamat pagi amp selamat bekerja Happy New Year;Netral
day package muntah muntah babi eh muntah rasa pahit gila babi still rasa kat tekak fuck this is why i nak mykori rn;Abusive Language
Gatau ya bodo amat dibilang rasis juga Tapi aku sendiri punca case pengalaman buruk sama orang India Aku tau engga semua sih tapi itu jadi alert buat diriku sendiri untuk berhatihati Orang india yg pernah aku temuin godain aku terangan bahkan hampir maksa minta no hp aku;Netral
AH FUCK RUSAK ANJING;Abusive Language
Kamu yg salah tapi kenapa harus aku yg mengejar kamu Aku terus menerus mengejar selalu kamu diamkan Ketika aku cape aku lelah kamu marah seolah aku hanya beralasan untuk pergi Tapi yg pasti aku benarbenar lelah menghadapi egomu I deserve to be happy too;Netral
Hallo teman terbaik aku mutualanku army happy new year Berharap di tahun ini kalian lebih banyak bahagia lebih banyak tertawa Terimakasih untuk selalu saling mensupport di tahun yg susah Luv you all;Netral
Fyi aku gk bisa dikatain bangsat tolol idiot goblok dll kalo keluarga sendiri yg bilang;Abusive Language
Fucking stupid seller dah tanya harga berapa suruh offer dah offer cakap rendah sangat Cakap jelah berapa kau nak Bangsat;Abusive Language
Waahhh aku dapat ucapan lagi terimakasih defen happy new year too semoga selalu diberi kesehatan yaa laff youu;Netral
di olesin pake salep lafalos kak menurutku lumayan ampuh buat yang keseleo;Netral
fuck anjing kali ini aku sedih beneran;Abusive Language
roster berapa nder masih masuk akal kalo kalo mayan berat jt itu thp atau basic kalo thp sih ya krg worth menurutku apalagi bawa kendaraan sendiri udh dapet mess tp makan laundry disediain ga;Netral
Jangan disamin kak membership wvs bayar Dan menurutku gini kalau pembagian membership wvs itu nyebar ada yg dipinggir ada yg ditengah ada yg dibawah ada yg diatas itu namanya bejoan dan mungkin lebih bisa diterima Tapi ini Yg pake wvs dapet door sn bapuk semua;Netral
Ekspresi w pertama kali update dunia luar setelah hari stressful deadline kerjaan What the fuck is goin on;Hate Speech
kirim ke hangyul captionnya thought we were meant to be i thought that you belonged to me ternyata aku bodoh ngira itu semua haha makasi buat kenangan manis yg kita bangun tapi skg udah gada artinya lagi selamat bahagia hangyul kamu jelas tau aku masih sama sayang kamu;Netral
Kak jorie Happy new year Makasih udah nemenin ku dengan karyakarya mu Its mean alot for me kyk ada Selamat tahun baru juga Terima kasih sudah mau kenalan sama karyakarya akuuu you loving them also means a lo;Netral
Gtw tdnya kirain uda ga jd ngucapin happy new year sebatas maba k kating cmn happy new year kaa EH BALESANNYA DILUAR NALAR SAYA CUYY KIRAIN thank u u too OR WORSE GABAKAL JAWAB TRNYATA DIJAWAB WALAU JAM TP LUCU BNGT GA KYK DIA JD LANGSUNG SALTING SY MASI SUKA TRNYATA;Netral
Hei selamat ulang tahun Mama kamu udh tenang dan udh pergi sayang tapi aku yakin mama kamu berdoa dan nyampein ke Tuhan doa yg terbaik buat kamu She will keep watching u from up there baby Jgn sedih yaa Today is ur special day Be happy dan semangat All the best wishes to u;Netral
sebenernya gak kenallll tapi to be honest i look up to you hardworker banget semangatnya berapiapi dan gak pernah nyerah orangorang sayang sama looo semangat terus;Netral
SOMBONG KAU ANJING MENTANG LA KETEMU SUKU TU INGEK DULU COY;Hate Speech
mandatory fuck cine ngehek;Abusive Language
kayeena bener bener udah berubah omg so proud of you aku gamau mihak siapa siapa tapi ANJING AEL LO LEMBUT BANGRT FUCK;Hate Speech
Pak arab buat hal Dia panggang siput babi Mcm sedap je dia mkn siap letak cheese Damn;Abusive Language
AAAAAAAAAAAAAAA FUCK ANJING UMPATAN PERTAMA UNTUK CHAT RISKY KARNA NGUCAPIN HNY KE CRUSH;Abusive Language
hi fuck u then diam hanaat bangsat;Abusive Language
Elmer anjing sumpah gue syok bgt Ibook asli gue ngikutin bgt FUCK U ELMER;Hate Speech
Fuck the police gue gapernah dapet benefit apa dr jasa mereka malah pernah kena x palak duit tebusan karena adek gue dijebak ama polisi anjg fuck the police;Hate Speech
While semua still fuck around cheat sana sini fuck bfgf org While aku duk sendu je hari babi;Abusive Language
hebat banget aku masih sayang kamu sampe detik ini makasih ya udah lahir ke dunia i love you dont forget to be happy please enjoy your warm winter at heaven kiddos lt;Netral
Menurutku opini itu valid tapi seringkali berbasis preferensi pribadi Kopi instan saset memang punya manfaat kesehatan mirip kopi seduh seperti antioksidan tinggi tapi kadar acrylamidenya lebih tinggi yang bisa jadi risiko Yang penting pilih yang berkualitas dan konsumsi;Netral
happy new year selamat tahun baru semuanya terimakasih carats sudah sangat baik sama aku terutama seventeen kalian bener sangat membantu aku untuk mengendalikan emosiku yg akhir ini tidak stabil;Netral
menurutku dia kan promosinya di X mau dimanapun tempatnya klo dia udh bikin branding sendiri dan temennya ikut ngelarisin bakal laku aja market dia kan anak org kaya kyk dia dkk;Netral
RT bocah idiot body motor gua patah ditendangen bopung anjing;Hate Speech
beepboop heyyo ma friendnim dikarenakan aku acca limit dan on my mood untuk move jadi i decided to move my account here so anyone should still be my friend here right yang udah kenal yaudah kita kenalan lagi karena yang kenal belum tentu jadi sayang;Netral
put sayang makasi udah mau jadi temen gue selama ini yaa makasi banget udsh mau denger cerita gue you should be happy i so glad to know you sehat terus ya cantik i hope we can meet soon after corona go away sayang lo banyak banyak;Netral
SAKIT HATI ANJING LIHAT MEREKA MASIH BISA BAHAGIA ANJING KORUPTOR FUCK KORUPTOR FUCK HAKIM ANJING;Hate Speech
fuck the fact i just realized yang now dah is not good alyssa sleep babi;Abusive Language
Hah Bnrn Shitshitshit A nightmare Rumah gw kebobolan maling Anjing;Abusive Language
I added a video to a playlist Pengamen Terminal Paling Cantik Nyanyi Lagu Pingkan Mambo Pake Ukulele;Netral
Intonasi bagus Alur berfikir runut Materi amp isi benar amp semua org jg tahu Emaknya jg bagus melindungi anaknya Caption mimin goblok Yg bully tolol Mimin dan yg reply ngebully idiot soal demokrasi;Abusive Language
Damn Your so fine Cant believe your fifty;Abusive Language
anjing sungguh eyy sialan bitch;Abusive Language
Menurutku ini Sasuke paling guanteng yang pernah digarap studionya NS;Netral
oh fuck my life Cheebye tell me get well soon la Babi;Abusive Language
Selamat atas pencapaianmu turut bahagia juga atas keberhasilan dari usaha kerasmu semoga ditahun ini apa yang kamu harapkan bisa tercapai dengan kebahagiaan yang sama atau lebih lagi Happy New Year;Netral
fuck asal jaehyun dapat death threat pula babi la;Abusive Language
Wolves ga ada pengalaman international sama sekali langsung top di toronto Bapuk mah bapuk ajah;Netral
Happy new year Harapan untuk tahun ini semoga lebih baik dari pada tahun terus juga harus lebih dewasa dari tahun selain itu juga harapan aku yang baik baik aja selamat tahun baru;Netral
Ketika org tolol goblok idiot jd supporter;Hate Speech
Babi punyak budak Up status fb kata nak tembak gay la apa la Belakang belakang ws aku mintak nak kena fuck lg Babi punya orang;Abusive Language
Semi matte Kak Itu aku pakai yang Mask Fit Red ya Itu gak ringan menurutku kalau buat daily tapi dia full coverage banget banget banget Kalau Kakak mau yang ringan untuk daily Instaperfect aja dan selalu ambil shade satudua tingkat lebih cerah dari kulit kamu;Netral
seumur hidup gapernah mints tolong sm polisi boro minta tolong bantuin aj nggak FUCK ALL THE COPS;Hate Speech
Ptn Halo aku mau tanya kalo subjectnya the pepole berarti to be nya is kan ya;Netral
SEBENARNYA GW TUH BENCI BANGET SAMA NI AGENSI ANJING FUCK YOU TAPI SELERA MUSIKNYA TUH GW SUKA BANGET APALAGI GRUPNYA THANKYOU BUAT BIKIN GRUP BAGUS intinya FUCK U AND THANKYOU;Hate Speech
ANJING BLONDESUNG;Abusive Language
Lo gatau pengaruh eksistensi lu tuh sebesar apa gue harap lo lebih sayang ma diri lagi ya Its okay to be sad buat kecewa karna emang as you said idup gabisa senang mulu semoga jadi taun dimana lo sadar betapa harganya diri lo i love youu ayo maju terobos aja yu;Netral
Oke yuk ngobrol Kamu tadi bilang gak pake zodiak buat introspeksi Jadi metode favoritmu apa Dari pengalaman langsung baca buku atau diskusi sama teman Cerita dong;Netral
Gembus happy new year Selamat tawon baru Semoga kita tambah edan di taun depan Sukses sukses sukses;Netral
Happy New Year Welcome Selamat Datang Tahun Baru dan Pengharapan Baru;Netral
Ini conversation paling bangsat yang aku pernah baca Bangsat bitch detected Babi;Abusive Language
OTSU SOLCE SOLFM amp TNF HAPPY NEW YEAR Terimakasih juga atas kerja keras kalian semua jangan lupa istirahat yg cukup ya lov u;Netral
Happy new year Starting harapan ny semoga semua impian dan planning ditahun tercapai Aamiin Terimakasih Mari menutup dengan senyuman;Netral
Happy new year artist sns kesayanganku terima kasih untuk asupan art sasunaru mu yang cantik dan indah semoga tahun ini kita semua semakin bahagia dan sehat selalu Love u;Netral
pagi pagi dah kena hamun seko seko tau paling nyirap dengan korea sorang ni fuck kau bukan bos aku tau babi nak suruh aku berhenti kerja;Abusive Language
ya ini namnya cowo tolol dikasi spek ryujin and jennie malah lu milih spek lonte ig yg rela nurunin derajatnya katany sok kek cewe mahal crazy bad bitch huft ky udh punya dunia aj kta gwe kpda inisial m;Hate Speech
GOBLOK GOBLOK COK BRUTAL FACK Never now your Live STUPID and CHILDIS FUCKing you;Abusive Language
buktine haha kamarmu ga lebih rapi teko kamarku sekolaho khusus wedok gausa sekola formal arek wedok ga penting pendidikan pokok iso penggaweyan oh kon sek mental dijajah ncen gendeng bee ak ga pingin anakku mben goblok ky koen sing ga ngerti artine fuck shit;Hate Speech
Pdktnya hapus trauma pacarannya ama gua tapi giliran jadiannya ama sahabat gua kan anjing Fuck Tikungan tajem bener;Hate Speech
HAPPY NEW YEAR ALL Welcome Terimakasih kepada semuanya yang telah hadir dalam hidup illy makasiii karna telah mengisi harihari illy penuh makna Terimakasih karna telah menerima illly dengan baik dan ramah Terimakasih atas segala support yang telah diberikan;Netral
Fuck this shit Firpo sampah tolol bngstttttttt;Abusive Language
KALO EMG DPR NYA BUAT RUANG DISKUSI BERSAMA MAHASISWA JUGA GA BAKAL ADA AKSI DEMO YA NGENTOT LU PRIVILEDGED SIAP DEH LU BISA IKUT RAPAT DPR BERKALI KARENA KELUARGA LU DPR TP LU PIKIR SEMUA MAHASISWA PUNYA KESEMPATAN YANG SAMAAA YOUR IDEALISM IS NOT THE REALITY;Hate Speech
Apal aingge sia bondonlaki Jng aww tolol Maneh bondon lalaki Lust bitch;Abusive Language
Romantis banget liat semua story malem ini semua berkumpul dengan orang tersayang Merah arang tawa merekah udara dingin Happy new year Pages of Terimakasih I LOVE YOU;Netral
WHAT THE FUCK ANJING BRNETAN PACARAN;Abusive Language
Malam tadi mimpi gigi aku semua tercabut sambil menadah tangan di mulut melihat gigi bertaburan Aku punya cuak nak mati tu punya level terbangun tidur check gigi sambil tercungap cungap nafas I was terrified as fuck Babi la setan;Abusive Language
Tapi aura gua gimana aja masih ganteng sih Fuck the government;Hate Speech
HARI LAGI Biz Pitching Komunikasi Berkesan Dalam Perniagaan Sept ISEF Bangi Ilmu networking pengalaman real Jangan lupa LIKE SHARE FOLLOW media sosial rasmi APBM Batu Gajah untuk ikuti perjalanan program;Netral
marvcal kalau menikah anjing cal bacot lo manis lo tampan fuck kita make out di sini aja;Hate Speech
Tambah contoh lagi Indo punya lagu Christmast dengan versi B Indo Klo yg B Ing nya like we wish u merry christmast and happy new year Nah klo indo Selamat hari natal dan tahun baru Tapi indo gk bisa ngeclaim lagu Chrismast ini asal Indo ini hanya versi indo;Netral
Kak Tae I really wish you to be happy always hope you always have the best thats all udah itu aja kalo dilanjut bs jd berlusin buku ntar Pokoknya aku sayang kamu bgt bgt bgt;Netral
THE FUCK INI APAAN MONYET;Hate Speech
FUCK SOK SOK AN TENGGELAM CHAT AH BABI YEN MALES OMONG WAE Males yok an Tp gpp;Abusive Language
FUCK KENAPA HARUS MELESET ANJING;Abusive Language
di instagram juga tp untung one of the biggest account yg sering share info di surabaya surabayaterkini menjelaskan kalau ada provokator yg datengnya bukan dari sipil mahasiswa ojol atau pun yg lain aku harap semua baca dan aware tentang ini sih;Netral
HIIIII OMG I MISS THE WAY YOU CALL ME WITH SEJERIM i miss you too as well hua iya akhir akhir ini aku lagi sering on twt sih shdjdgdhdgd Glad to know thaaat aaa Be happy ya sayang wherever you are Kamu masih main rp Anyway aku baik hehehe better than before c;Netral
Fuck la Babi pny pasal tk habis lg Ada je org nak login twitter ig Nak cari apa kau siot;Abusive Language
Shit itu yg SS pertama terlepas jawabannya dia dan dia ngikuti begitu saja tapi ini konten kreatornya taik jg bgzd lah bisa nanya dan mancing seperti itu terus malah dikasih begituan tolol banget ini konten kreatornya;Hate Speech
demi konten spal spil tai anjing dengan memakan korban You are bitch;Hate Speech
makan di gourmet termasuk murah sih menurutku pilihan daginynya banyak apalagi sekarang udh ada harganya udah bisa menyesuaikan dengan kantong;Netral
Kafir idiot Udah idiot pengecut pula Sini kontol lo gue iris;Hate Speech
That hi ka bener khas banget typingan cowo yang ga bisa liat cewe cantik dikit wkwkwkw;Netral
Kek ini orang idiot atau apa Padahal dari golongan dia sendiri yang hobinya ngeharamin kb and so on Anjing emang orang kayak orang ini;Hate Speech
Cewe gendeng gila crazy babo stupid baka tolol bodoh;Hate Speech
Kannn I dari damansara damai nak ke mrt kwasa tu amik masa gila babi siaaa Nak kena exchange bus feeder lagi Fuck;Abusive Language
analogi sederhana nya ketika lu beli konser tiket trus ternyata penyelenggarapanitia nya problematik yg harusnya lu punya hak buat dapet dana refund at the end dana refund tadi lo ambil paksa karna dengan cara damai pun udah gabisa;Netral
BITCH OPEN YOUR EYES UNTAG ME;Hate Speech
sumpah orang liyue kali ini ga buta ya emg xiao ganteng banget anjing aether you lucky shit;Abusive Language
Mungkin otaknya lg mogok wi kan anak racing wkwkRT Irwan tolol apa dongo sihJgn bilang dia idiotGua rasa sih dia sinting;Hate Speech
Go fuck with you bf laa babi Tak pyah nak melayan sangat;Abusive Language
Happy New Year semoga tahun ini membawa kebahagiaan pencapaian dan juga banyak inspirasi yang baru Selamat menyambut tahun baru dengan kebahagiaan;Netral
Sygku cingtaku cwek sabar bgt bgt bgt aku beneran bahagiaaaa bgtz bisa jd temen kamu SUMPAH DAH KM KOK SABAR BGT SAMA AKU LLIPPEEE UU kamu tuh cantik aku pertama kali liat nya kaya wo Please ditahun kamu harus happy yaaaaa;Netral
HAPPY NEW YEAR Semoga tahun baru menjadikan kita semakin dewasa dan kuat untuk menghadapi segala likaliku kehidupan Terimakasih sudah bertahan sejauh ini Semoga kita bisa cepet ketemu Enhypen yaaaa Selamat tahun baru;Netral
Ulala ternyata kmu lebih bangsat dari binatang fuck;Abusive Language
Sekali lagi Happy New Year Selamat Tahun Baru Aku harap kita semua bisa bahagia dan membuka serta menjalani tahun ini dengan keadaan sehat baik fisik maupun psikis dan mentalnya;Netral
Happy new year kak gita aku berharap dan ber doa di tahun Akan jauh lebih baik Dari pada tahun sebelum nya Terimakasih juga kak gita Sudah menemani hari ku Dengan adanya kak gits live idn itu Membuat Hariku tambah semangat love you kak gits;Netral
Itu rasa melon kak karna warna kuning waduhhh pengalaman kak Uta ya Ehh makasih kak Uta udah update ditunggu chapter selanjutnya tolong sudahin saja ya konflik nya lagi males mikir kak singkat saja chapter ke brapa mereka balikan trus menikah;Netral
Selamat tahun baru Happy new year Semoga Indonesia makin maju makin bersih rakyatnya makin pinter;Netral
Yeah kmren pemilu pertama aing I voted jkw Why Pilihannya cuma anjer Lu mau pelanggar berat dunia atau pengrusak berat indo Lesser evil aku lebih milih jkw Toh menurutku kinerja jkw sbrnya jelek tapi ga seterpuruk skrg yg tiap minggu ada demo n omongan blunder;Netral
babi said fuck sbs and thats on a PERIOD;Hate Speech
mbah ucu mah blasteran anjing sama celeng paham anjing ngentot babi idiot;Abusive Language
The way to be wise is u should to see on the other side i guess Semoga ada jalan tengah ya sayang Baikbaik semuanya;Netral
anjing bagsat babi fuck tai;Abusive Language
para pembuhun ini bahkan hukumannya lebih ringan dari orang yg nyuri kayu bakar WHAT THE FUCK IS WRONG WITH MY COUNTY;Hate Speech
Happy new year Selamat datang th Semoga sebuah percobaan akan membuahkan hasil;Netral
Fuck lah sama kau Teman makan Teman kau kontol gtlt;Hate Speech
Aih shit pukul pagi ni bodo Aku dah tachycardia dah ni Mende sial menjerit sebab lipas ah babi;Abusive Language
Happy New Year Selamat Tahun Baru untuk seluruh sahabat PFN Sambut tahun yang baru ini dengan optimis menghadapi tantangan yang ada dan penuh suka cita demi wujudkan impian;Netral
Pagi Semesta Pagi xers Senin semangat Pagi Cintanya aku semangatku always be with you Ayo siapkan angetan kita Mbie;Netral
aku hp nya samsung nder a juga gapapa ga iphone jg malah menurutku s ini ga seboros batre i;Netral
Knp adk Sabar Bangsat saya jadi boomerang Shit Lah ya Anjing;Abusive Language
Anda Pintar Bergabunglah Dengan Kami Anda Bodoh Tolol Idiot Autis Dan Gk Berguna Mending Mati Aja;Hate Speech
Women girls sayang your body sebab diri sendiri bukan sebab takut laki lari Always bare in mind yg cecantikss letop pun jodoh tak panjang So its not about kau cantik ke hodoh Lets try to be better for ourself Love yourself;Netral
kebanyakkan lakonnya bangsat smua munafik dan dusta Fuck for me to;Abusive Language
Suamiku aries temenku ada yang aries Menurutku aries itu definisi zodiak sabar another level gampang dikibulin dan gampang disalah salahin;Netral
malam tahun baru brengsek fuck tai anjing;Abusive Language
Pemenang GA pulsa k adalah Untuk para pemenang silahkan DM nomer hp nya paling lambat besok jam siang Maaf mundur pengumumanya Buat yg belum menang semoga bisa menang di GA lain dan terimakasih sudah berpartisipasi HAPPY NEW YEAR;Netral
Oh iya Kalau di tulis di skripsi biasanya bubar sie Aku Uda bubar soalnya Pengalaman;Netral
punya presiden kok goblok banget ya keliatan kaya orang idiot;Hate Speech
Last years Ngerasa salah masuk univ Nyanyi kroyokan Apa sih ini arsitek Fuck Komunitas Hatmakan Wetan Lulus telat pindah perusahaan Kerja dan ngidol Anjing Bikin rumah Mulai perencanaan liburan yaban;Abusive Language
shut up stupid yin mou idiot babi shit haoyi;Abusive Language
Menurutku worth it sih soalnya gratis juga Kita bisa cerita dan mereka kasih solusi kalau kasus ku aku di sarankan buat ke psikiater;Netral
SHIT BABE I WAS THINKING THE SAME SHIT LMAO;Abusive Language
CANT I JUST QUIT EVERYTHING TIRED OF THIS SHIT BABI DEPRESSION NI;Abusive Language
Ternyata anda sangat bodoh dan tolol anda paham ngga kesepakatan isi kotraknyacontoh ilustrasinya begini jangankan isi prabotannya rumahnyapun si pengontak yg buat ngerti kamudasar idiot;Hate Speech
Mungkin pandangan being professional menurut orang beda beda kali Coba liat ken zara yang lebih banyak scene bareng dari kemaren apa ada nic repost atau apa ada marketing dari keduanya Gak ada they re just being professional infront of the camera but keep hit the chemistry;Netral
Idiot tolol seneng traktir;Abusive Language
Dah laaa Stress ahhh Fuck FUCK YOU lancauuuuuu LUMIA ANJING;Abusive Language
HR tahun pengalaman Udah banyak yang lolos BUMN big paragon BCA dll;Netral
gasuka denger sabrina carpenter ga nyaman liat dia sexualized everything padahal cewe loh RAPPER KESUKAAN LU TUH ANJING BUAT LAGU ISINYA NGATAIN CEWE WHORE BITCH SLUT DAN ADA LAGUNYA YANG CONFESS DIA R A P E D A WOMAN;Hate Speech
dah lah gausa partneran capek sm hubungan yg cm sex oriented I want to be loved;Netral
Kak haera semangat yaa Its okay not to be okay inget banyak yg sayang sama kakak Love u;Netral
Slow brad hadapi tahun baru dgn senyuman Ih anjing geura di kutuk lah sia Fuck;Abusive Language
Cok goblok idiot Cabuli Anak Kandung hingga Melahirkan Ahmad Divonis Tahun Bui;Hate Speech
Mirip yg ngambang di kali pea gapunya malu lola tolol stupid gvlg songong daki mimper Sekian;Abusive Language
FUCK THE MOMENT BABY DONT STOP BABI LA SM;Abusive Language
Haloo selamat pagi yorobuunn Selamat tahun baru Semoga tahun ini bisa jadi lebih baik dari tahun sebelumnya dan semoga tahun ini tahunnya aku dan kalian semuaa Happy new year gaesss;Netral
happy new year semuanyaaa sehat yaaa dan semoga bisa jadi lebih baikkkk dari tahun sebelumnya hueeee terimakasih buat para moots twitter udah menemani di tahun kemarin luvvv;Netral
apasih anjing idiot idiot;Abusive Language
Fuck anjing gak mood;Abusive Language
untuk mengikuti sesi motivasi dan berbagi pengalaman terkait usaha kuliner Kegiatan ini diikuti oleh kader dari berbagai organisasi wanita yang berada di bawah naungan BKOW Provinsi DKI Jakarta;Netral
fuck fuck babi;Abusive Language
Karena buat skrg there is no check amp balance di pemerintahan Semua fungsi trias politica sama kotornya Eksekutif dan legislatif bagian dari koalisi gemuk yg sama yudikatifnya bisa disetir sesuai kebutuhan If only kmrn pemilu antara amp there will be check amp balance;Netral
Fucking shit bila org call out mula la keluar Allah dah tentukan qada dan qadar Own up to your shit la babi Be accountable for whatever you said and your behavior Be a man Fucking prick;Hate Speech
shit is more than dumb love A toxic community at its finest;Abusive Language
coba aja ikut BPO kak di jogja kan banyak yaa dan setauku buka loker terus lumayan buat fg yg gaada pengalaman masih bisa ada kemungkinan diterima klo di perusahaan pasti diutamain yg berpengalaman;Netral
Well Ill give her time as much as she want it Its okayy kalau emang akhirnya saya yang jadi korban Asalkan jangan dia nya saya masih gak tega Saya masih sayang soalnya and she deserves to be happy Anyway pain is my old friend tho ehee;Netral
aaa eunsoo selalu cantikk makasih banyak kak oci sudah buat layout cantik ini murah rezeki terus ya dan buat kak fira u did well today yesterday and tomorrow kak fira keren banget udah sejauh ini keep going kak happy new year kak oci dan kak fira;Netral
NANAAAAA jjur aku suka bgt interaksi sama nana soalnya nana sngat ramah baik juga MANA CANTIK BGT PLISJJ love u nana chang;Netral
emg najis se najis mughalazoh yg milih anjing sampe kapanpun gue akan nyalahin APALAGI YG TONE DEAF BLG PRABOWO GA TAU APA APA FUCK HE S THE FUCKING PRESIDENT;Hate Speech
Nanti kalo punya anak km bisa tidur aja syukur Tp nanti kalo anak udah agak besar km bisa jadi dirimu lagi Dan menurutku ssuatu yg berlebihan jga ga baik Skrg ak d masa idolku comeback ya dngerin lagunya pas sela kerja aja d rumah full urus rumah n anak Pinter bagi waktu;Netral
BABI LAH DRYER ROSAK FUCK LAH;Abusive Language
aaaaaa tgk EunHaeTeuk pnya teaser rindu plak winter Seouldh la tgh snow gila dkt sanasobs when ill be able to go again;Netral
Nah iya Baca review dan pengalaman banyak pengguna banyak yg mengeluhkan hal yg sama Entah bagaimana HP samsung mungkin di tipe dan batch tertentu rentan light sabre Mudahan sih Skr sdh teratasi;Netral
nangis ngeliat pemakaman Affan Kurniawan rest in power pak ojol kamu saksi dari perjuangan demokrasi ini fuck the cops;Hate Speech
HE SEE THIS THICK SHIT OK LEMME LAY BACK DOWN;Abusive Language
WHAT THE FUCK AGAIN GILA BGT KALIAN SEMUA KONTOL YA;Hate Speech
INI PASTI LAGI BAHAS SHAFA KAN sebagai sesama anak fisipol she s such a disappointment sih jujur kirain bakal peka dan gunain platform gede dia tapi ternyata malah ngga i hope RB team did smth about her sih the fuck;Hate Speech
If youre btobs fans please refrain yourself than do this stupid tweet Tak kelakar babi;Abusive Language
Narasi polisi libur ini adalah hal paling gimmickcringe yang pernah ada dari institusi Polri Pajak rakyat untuk operasional Polri seenakjidat bawabawa libur It just further shows how corrupt this institution is Fuck the police;Hate Speech
To be honest Cari cuan itu lelah jiwa raga;Netral
Gal tau mau bilang apa Tapi happy new year terimakasih para mutualku yang sudah menemani di Semoga lebih baik dari sebelumnya tetap sehat dan srmoga selalu di limpahkan kebahagiaan;Netral
Aaahh awhh sshh pllokk pllokk aahhh mas genjt brutal memek lacurmu sayang sshh ahh fuck anjing betinaku sayang sshh ahhh;Abusive Language
ngapain kasi panggung sama orang tolol sih stop making stupid people famous ya njirrr capek tahun begitu terus pola di circle tu org berdua sekarang bukan weekend pun tetap heboh;Hate Speech
WHAT THE FUCK KIM JONGIN RUDJHCNUDOJHFOWEHFWJCKSDJNCJNDSCJN ANJING GUE MAU SCREAMIN;Abusive Language
Anjing fuck boga kaka kie teh;Abusive Language
mermet sayangggg u r soooo precious jd jangan sedih okayyy km tuh cantik tp the most beautiful when you smile jd senyum yaa its okay to be sad tp jgn terlalu lama okee ilysm and i rlly rlly do;Netral
bodo amet walaupun di circle gw ada yang sempat berkeinginan jadi itu dan punya pacar itu rasanya ga pernah sebenci ini jir FUCK THE COPS FUCK THE MILITARY FUCK THE GOVERNMENT FUCK THE STATE FUCK THE JUDGE FUCK DPR FUCK ALL FASCIST;Hate Speech
Happy new year Selamat tahun baru untuk semua teman twitter Tapi saya belum happy karena belum juga dapat hadiah dari pickaw Sediiiiiihh;Netral
Tolol Indonesian word for stupid but also used to describe an enr;Hate Speech
Happy new year selamat tinggal saatnya melepas pin;Netral
reion idiot tolol dongo;Abusive Language
Agendanya cuma kumpul di ruang tamu sama temen dan saudara padahal planning nya mau keluar buat liat pesta kembang api eh malah hujan Alhasil cuma diem ngobrol sama mabar pas jam cuma ngucapin happy new year ya selamat hbd dengan nada datar habis itu balik ke kamar;Netral
Orang mulut busuk dengan ketiak bau cibai ni boleh bunuh diri korang tak Babi betul bau badan sendiri takkan tak sedar lah ah fuck lah bau besi karat sial;Hate Speech
hahahababi utefuck fuckhaha;Abusive Language
Aku tak fuck dah Menyu anjing HOIII;Abusive Language
Tolol Indonesian word for stupid but also used to describe an enrag;Hate Speech
fuck alay kampret;Abusive Language
ini tuh episodenya disturbing menurutku;Netral
Ckckckckck Semalam ada juga yg scam paypal minta beli tiket enhypen Singapore untung udah pengalaman;Netral
kalau ada kesalahan gak apa apa theres always a room for you to improve and to be a much much better person although you already are the best version of yourself karena kita semua pasti mau jadi lebih baik lagi kan AKU SUKA KALAU KAKAK PAP FOTO kakak cantik;Netral
Fuck the goverment Fuck the police Capek jadi WNI di negara yg sakit Katanya menuju Indonesia emas belum juga tahun sudah hancur Payah para pemangku kebijakan yang tidak kompeten;Hate Speech
Beberapa bagus kok Yg berkesan bgt menurutku chihayafuru LA sangat melebihi anime nya;Netral
ahh i see sayang sih dilurusin menurutku karna pasti bakal rusak saranku potong low taper fade aja;Netral
YANG KOMEN KUTUK DIA NI KORANG FIKIR KORANG DAH CUKUP HENSEMCANTIK KE Pergi cermin diri sana laa To be beautiful is to be ourselves kot LOL;Netral
Yes Lebih jauh menurut saya ga ada salahnya kalo di awal juga kek udah ada obrolan soal rambu apa yang boleh dan ga boleh Tapi kalo dalam perjalanan berantem ya gapapa juga Konflik kan bisa jadi opportunity buat recalibrating relationship It s a journey afterall;Netral
Ga tau kenapa setaip ngomongin tae tuh bawaannya mau nangis aja soalnya dia emang sebaik dan sesoft itu tolong sehat dan bahagia terus ya sayang you really deserve to be happy i love you so much;Netral
i didnt think i would deserve a love letter like this terharu bgt dikasih beginian thx u juga ka liss yg g kalah cantik thx udh mau mutualan dan sering jbjb sama aku makasih jg buat asupan au yg yg keren itu labyu full darling happy new year too;Netral
Pesta demokrasi kontol bendera partai baliho spanduk pamflet dimana rarudet ninggali na ge fuck buat lo smwa;Hate Speech
Ngakak bgt pls KoD jg ada kok malah lebih intimate amp precious menurutku karena build upnya gak tiba bgt bahkan udah dari myth Lightseeker makanya kerasa emotional tapi ya gaada animasinya aja cuma text itu udah cukup bgt biar kita imagine sendiri;Netral
Elu yg idiot mah goblok;Hate Speech
i can t talking how much they looks so hot and pretty yesterday damn mami babi they looks so hot together;Abusive Language
Kalo kejadiannya di negara Konoha sih lbh tepatnya bukan kecolongan sih tp memang sengaja di biarkan di pupuk amp di pelihara sbg anjing politik bg si empunya anjing lain dgn di Indonesia yg menjujung tinggi nilai Pancasila amp semboyan Bhinekka Tunggal Ika very sad;Hate Speech
happy new year too ledi jamet mau bilang makasii buanyakk banget udah jadi salah satu ma favv moots anw selamat melanjutkan hidup di semoga kita masih bisa kya gini terozzz bahagia teruzzz lopyuu;Netral
Thank you semuanya yang udah nonton livestreaming bang argie dari tadi sore walaupun kita harus menang kalah menang kalah menang kalah tapi last game dan game pertama di tahun kita menang HAPPY NEW YEAR GUYS selamat tahun baru;Netral
damn thats thicc goblok;Abusive Language
iblis laknat macam lu hok di dunia nya cocok di lapas di akhirat di neraka jahannam Cuma orang idiot super goblok yg msh belain lu babihok;Hate Speech
Punya temen yang baik juga rezeky dari Allah Thanks to be my bestie Untuk segala keadaan Bahkan ketika dunia membeci For the endless love thankyou Aku rindu;Netral
Fuck a GK leave the net empty Yoro De Ligt Shaw Dalot Casemiro Mainoo Dorgu Mbeumo Cunha Sesko;Hate Speech
Weverse Reply Comment Menurutku kamu sangat cocok dengan rambut pink Lupakan itu;Netral
damn akhirnya liat lo bucin tolol lagi;Abusive Language
damn pompuan jela kena telur btw nama dia ovari quality tengok laki pi hisap rokok semua tu sperma kesayangan kau tu tak rosak ke sial buat anak cacat cam babi pemikiran kuno ke hidup berpaksi kote sperma jantan camni;Abusive Language
bangsat kalian semua Para pengecut yg hanya berani menindas rakyat sipil dengan senjata yg dibiayai oleh rakyat sipil Fuck you all you fucking bastards;Hate Speech
HAPPY NEW YEARRR mau ngucapin selamat tahun baru semangatttt buat kehidupan ke depannya terima kasih banyak mootskuu untuk juga congratsss udah bertahan nya proud of you guys SEMANGATTT YUKK KE DEPANNYA LUVVV FE;Netral
Gw bingung g smua mhswai ikutn demo tp jd pd kena imbas sweeping gni Yg tololnya lg di sweeping jg buat apaan anjir Mrk bagian dr msyrkt biasa yg menyuarakan keresahan even mrk g punya senjata sprt klen it isilop anjing Red zone gni bikin pengaruh susah cari rejeki asu;Hate Speech
Woe si babi hutorng mninggal kau kaitkan pulak dasar otak anjing kaudasar idiot kauumurnya tahun hut wajrlah uda harus di panggil smoga kau mati dngan cara yg menengaskan;Hate Speech
fuck banget anjing;Abusive Language
Wheres my Babi to hold my bag when this shit gets heavy;Abusive Language
asal jgn sombong dlu sih pengalaman;Netral
alumni magang US embassy juga meski udah angkatan lamaaaa bgt Setuju sih ilmu pengalaman enam bulan yang sungguh bermakna dalam hidup;Netral
Selamat untuk para pemenang akan lanjut dihubungi by DM yes Terimakasih untuk yang telah berpartisipasi meramaikan berkenan di tag dan bantu retweet Selamat istirahat n happy new year;Netral
Im not trying to be negative ya tp ini buat semuanya aja Mau sekesel apapun sebanyak apapun drama di dlm fandom kalo itu mengaruhin rasa sayang kalian ke salah satubeberapa member berarti dr awal kalian ga serius sayang OT Dari awal emang ada rasa ga suka sama membernya;Netral
Happy New Year selamat untuk kita semua yang bisa melewati tahun Turut berduka cita bagi keluarga dan temanteman yang harus kehilangan pekerjaan dan orang yang dikasihi karena pandemik ini Semangat untuk para nakes God bless u all;Netral
Anyone on the feed trying to fake the facts and claim that barbaric Christianity is harsh to Muslims is full of shit Your own Koran tells everyone to kill enslave and destroy the kafir Any defense of this is a act of Taqiyya;Hate Speech
happy new year honey ayo lebih bahagia lagi tahun terimakasih untuk tahun dan semua hal yang terjadi aku sayang kamu jongin;Netral
Pengalaman kerja di pabrik tp di tiganya alhamdulillah ga harus begini wkwkwkw ada brifing pun pas udh jam masuk misal masuk jam ya brifingnya jam;Netral
siapapun yg bilang part u are sick as hell peristiwa kelam traumatik pemerkosaan penculikan kekerasan ke etnis tertentu kok bs bsnya mau ada part stress jancok;Hate Speech
also pengalaman ke dapur pertama;Netral
JaemJen school life AU twt jn ska mk jm gamon denial hmm narasi ss kecil balapan banyak ngakaknya gemes fluff dibayangi lil angst mk hhh mlly bitch time skip ternyata sh anjing;Abusive Language
babi bitch;Abusive Language
kalo gitu simpen sendiri ya es krimnya kita makan barengan tunggu saya show up atau kita beli yang baru lagi cenayang itu yang buat simpen uang kan Im here to be your support system there is no way Im being sad ah sayang sekali saya pdkt terrace saint bareng cont;Netral
fuck kepala gw sakit anjing;Abusive Language
Glad to be at Shah Alam actually even sekejap Terubat rindu dekat semua Yang disayangi jaga diri;Netral
Lancau punya manusia Cerita sana sini aku barang lama Habis chia chia barai kau tu apa babi Bersih sgt ke Suci sgt ke Puki hitam Fuck;Hate Speech
Fuck Dak jadi balik besok Babi;Abusive Language
Fuck off I dont what my feeling now Happy sad exciting worried scared Fuck la benci babi;Abusive Language
Ormasormas Kafir tak perlu diundang karena bukan trouble maker;Hate Speech
Selamat ulang tahun mas crush eh salah ya ternyata ini happy new year;Netral
bukan cuma gua yang deserve to be loved lo juga u deserve all the love in this world be happy ya buat gua dan buat semua orang yg lo sayang gua disini kok kalo lo butuh gua gua ga kemana mana stay healthy gua sayang lo bgt;Netral
Happy new year moots semoga di tahun segala urusan diperlancarkan makin banyak rezeki nya terimakasih sudah melewati yg penuh liku liku ada suka ada duka semua insan pasti pernah merasakannya;Netral
the fuck you mean menikmati menikmati disiksa pemerintah gitu tolol;Hate Speech
Halo My names Chrie and you can rent me as your nonromantic companion Gimana tuh Chr Jadi kalau kamu lagi bosen atau butuh orang buat dengerin cerita dan nemenin harihari kamu you can hire me to be there for you Tanpa halhal romantic Contohnya bestfriend cont;Netral
Punya aerostreet segabrek tapi banyakan yg collab Yg engga cuma beberapa Itu kek sepatu disposable kek jangka pendek juga menurutku Cuma mgkn orang lain makenya bsa lama Dia ga mahal dan designya oke;Netral
happy new year buat WIB and selamat kembali ke realita besok sekolah wkwk;Netral
nasi goreng bu tarno anjingggggg bangsat sampe gue gamau ke tempat itu lg karena terakhir sm dia fuck sedih bgt;Abusive Language
udh goblok circlenya jg tolol mid looking mild obese men tryna talk shit abt girls in the internet just bc they cant pull;Hate Speech
ashaaa terimakasih banyak untuk ucapan tahun baru nya terimakasih juga kamu tag aku PADAHAL KITA BARU MUTUALAN huhu aku terharu TT semoga kedepannya kita semua makin bahagia yaa makin sukses intinya semoga bisa jadi pribadi yang makin baik happy new year;Netral
Oh media boleh ngeliput ini tapi ga boleh ngeliput polisi mukulin rakyat Shame on u all;Hate Speech
Happy new year semuanya semoga di tahun ini kita bisa jadi pribadi yg lebih baik lagi Dan selamat bertambah usia;Netral
Terimakasih atas semua kenangan manis dan pahitnya Semoga taun depan aku bisa jadi lebih baik lagi impianku tercapai dikelilingi orangorang baik dilancarkan selalu rejekinya dan semoga ada banyak halhal baik yang terjadi taun depan Good bye Happy new year;Netral
Happy mothers day I m so proud to be your kid Terimakasih sudah menjadi ibuku dan selalu ada disaat aku membutuhkan;Netral
temanteman sayangku sayangnya liyu rumor terusterusan bilang liyu top tapi menurutku itu tetep ga aman soalnya masih ada hari tutup vote dan kita gak akan tau fandom mana aja yang bakal boom vote di akhir jadiiiii TETEP VOTE YAAA ANJIR JANGAN KEMAKAN RUMOR;Netral
Tapi sayang nya gak ada yg mengikuti bacotan babi odiot seperti loe her maher Yg ngikuti dn patuh dngan babi idiot seperti lueya babi babi idiot juga sama kek elu;Hate Speech
RT Winon cenapa Masih ada tp tai babi lah shit;Abusive Language
Happy new year Selamat mengejar apa yang belum terkejar tahun lalu Semoga dirimu sehebat anganmu;Netral
Happy New Year Terimakasih telah melakukan yg terbaik di thn kenangan buruk yg terjadi akan mati suatu saat nanti Menjadi baik untuk sedikit lebih dewasa mulai dgn mengatur ulang tempat untuk diri sendiri sesuai dgn apa yg kita impikan dan hidup bahagia;Netral
babi anjing kodok kuda beruang macan harimau singa ular kelinci badak tupai tikus zebra unta merak berangberang anjing laut singa laut KONTOL LO BAJINGAN SETAN BABI IDIOT ASU ASU ASUUU LO ASUUUUUUUU;Hate Speech
dengan ini panes mengucapkan selamat tahun bar ya bestie semoga happy new year;Netral
Berarti sieta tolol wkk Idiot secara teknis orang dewasa dgn usia mental di bawah tahun cont;Hate Speech
TOLOL SUPRISE ME indonesia STUPID BERIKAN SAYA KEJUTAN;Abusive Language
in last aku bahagia bangett bisa ketemu kamu makasii udah dateng dan jadi part indah di hidupku love u sayangku yang paling manis pujaan hatiku tercinta tuan putri ku yang paling cantik lopyu so much;Netral
Sampe sekarang menurutku semua soundtrack film Bumblebee Hailey Steinfield itu tetep yang terbaik bagus bagus semua;Netral
Halo semuaa mau bikin ucapan juga makasih banyak buat beberapa bulan terakhir di thank u for being my friends mau interaksi sm aku dan mengusir kesepian pacarnya hayi ini selagi dia lembur semoga kalian sewangy bunga di fonten;Netral
Dari liburan pertama pengen jalan Ada Aja shit happens anjing;Abusive Language
Bangsat gua salah lagi hari ini Gua suka bingung padahal kesalahan biasa Fuck im overthinking it;Abusive Language
happy new year semua terimakasih untuk bersedia menjadi teman rizu yaa pertemuan kita kala itu akan selalu rizu ingat hehe;Netral
Fuck Video ni lagi seram dari hantun penanggal kat kubur tu sial Babi fobia sial aku;Abusive Language
Dom Semarang Semoga Seventeen nggak berhenti bikin kita bangga dan sayang sama mereka Begitu juga kita nggak berhenti dukung mereka Ill try to be a better student and prove everyone that they cant underestimate us who stan talents;Netral
Damn lirik lagu dibalik awan emang anjing banget;Abusive Language
I want you to be your light baby Aku ingin kau jadi cahayamu sayang You should be your light Kau harus jadi cahayamu Deoneun apeuji anhge Hingga kau tidak tersakiti lagi Nega useul su issge Dan kau bisa ternsenyum Part fav;Netral
yh walopun banyak anjing kontol ngentot asu fuck you;Abusive Language
ryou juga makasih banget lho udah mau jadi temen pertama anitwt ku aku sayang ryou banyak banyak i dont want you to be sad;Netral
Jamet tolol idiot motor kaga ada lampunya ngelarang rambu harusnya gabole belok kanan malah belok kanan mana mata aing kesorot lampu mobil gt;Hate Speech
Happy New Year tementemen online kuu semoga ini menjadi tahun terbaik untuk kita semua Always be happy and stay healthy all of you Selamat menulis cerita indah di halaman pertama kalian and love u;Netral
Ini gambaran Umur tahun pengalaman tahun;Netral
I see Japanese I click Nice to know you yaa Sebagai made in Japan jelas aku udah pernah nyobain Rasanya ngalahin rasa yang pernah ada Menurutku lagu tentang cinta pas banget buat nemenin jaga toko jadi ini rekomendasiku;Netral
Anak babi ni aku harap dia kena rogol so he d understand women s biggest fear Fuck you and fuck your entitled ass;Abusive Language
Fuck off happy new year everyone harap tahun ni takda babi lagi disisi gua;Abusive Language
Gw ngomong dari pengalaman biasa aja bro pas udh crot semua yg diliat ga ada rasa lg wkwk sebelum crot aja merasa menggiurkan setelah itu biasa aja malah yg diliat terakhir wajah setelah ngelakuin hal hal itu;Netral
Antara SHIT dan BABI NOKHAROM yang mana lagi baik untuk disebut;Abusive Language
happy new year buat jimin ku tercinta dan tersayang jimin terimakasih banyak ya untuk semua yang kamu berikan di tahun ini album muse kamu lagu baru kamu prestasi kamu update an kamu aku seneng krn masih disini buat support amp cinta kamu;Netral
Annoying babi update ig baru ni fuck;Hate Speech
hero paling babi mun late game sniper fuck def tower high ground imba shit sikpat masok;Abusive Language
Eh aku kan punya mc satu lg ya Aku tuh pengeeeeen bgt nyobain mc itu di akunku tp kalau dias kebuang buat tiket tuh rasanya sayang bgt gasi kalau bikin akun baru aku ga punya rambut wedding ayel yang menurutku pribadi tuh rambut paling cantik di semua mc;Netral
Happy New Year Terima kasih atas segala hal yang berlalu di tahun Selamat Datang tahun Kiranya kesehatan keharmonisan kesetiaan dan berkat selalu menyertai tahun yang baru ini;Netral
Kau selalu meminta terus kutemani Kau selalu bercanda andai wajahku diganti Lelah kan ku pergi karena tak sanggup sendiri you always ask to be accompanied by me and you always make a joke how I should change my look Ill stay for you until I cant stand it anymore;Netral
menurutku kalau dia ga ada hubungan apapun sm kita ga masalah tp kalau dulunya ada ya cari perkara ini mah amitamitnua cwe barunya tuh berpikiran kalau masih ada hubungan malah kita yg disalahin baiknya blokir atau ga hide aja bila perlu;Netral
Wingko aku punya rekomen wingko enak nder Toko nya nyempil tapi menurutku ini wingko enakkkkk bangettttttttt Disitu juga ada lumpia tahu bakso;Netral
STUPID banget sih yang berkomentar seperti itu Dalam bahasa Jawa GOBLOK Tingkat KEBODOHAN mereka udah level dewa sih kataku Mungkin otak mereka perlu ditukar dengan otak Hermione Granger;Hate Speech
Happy new year casey always be happy yaaa terimakasih udah menjadi mutualku mari kita mendukung day selaluuu smoga taun ini kita menjadi lebih kaya;Netral
Happy New Year Semoga semua kesalahan di tahun tidak terulangi diambil hikmahnya dan dijadikan pembelajaran utk jadi pribadi yg lebih baik lagi Terimakasih utk semua yg terjadi di tahun Gbu;Netral
TERIMAKASIH JUGA MAMIHHH semoga kita lebih seringg lagi interaksi dan tetep jadi mamiku yacchh sayang sekaliii ak sama kmu HAPPY NEW YEAR MAMIHH;Netral
Istirahat dulu shay kalo capek nikmatin aja prosesnyaaa jangan terlalu dipaksakan u deserve to be happy;Netral
baru balikk selamat tahun baru guys semoga di tahun ini lebih banyak happynya semoga bisa jadi orang yang lebih baik lahi lebih semangat lagi dan dilancarkan seluruh rezeki dan urusannya amiin i hope its getting better for me and yoongi ofc happy new year yall;Netral
I hate you Kutu Hate hate hate Beraninya lu buat anjing gue anemia hah Liat ya nanti gue berantas lu pada Damn;Hate Speech
HAPPY NEW YEAR selamat datang semoga kali ini lebih banyak bahagianya bersama orangorang tersayang;Netral
Tampang sih boleh baby face tapi sayang kelakuan lo babi fuck ehh D D;Hate Speech
Bangsat;Abusive Language
Gemuk bgt kyk babi Dikira mau ngrawat sapi nikah sama lu its just a joke but it hurts Just fuck off stupid cunt;Hate Speech
betul tp tahun ini jg pengalaman pertama mibr masuk playoff masuk masters masuk champs gua jg gpp bgt kalo rrq kalahnya kyk pas lawan prx di final kmrn keliatan mainnya lah di champs gmn maluin mainnya bg bagus pas lawan blg doang wkwkwk;Netral
and last but not least kepada seluruh mootsku tersayang happy new year terimakasih untuk timeline ku yang penuh warna dgn berbagai kicauan dari halu sampe war dari bucin sampe unstan rame terus di ya sayang kalian;Netral
Happy New Year papi ketemu kamu itu jadi salah satu hal yg paling aku syukuri di tahun selamat istirahat sayang;Netral
Bangla crs Pavilion babi je aku panggil banyak kali buat tk dengar Stupid fuck bangla;Abusive Language
Fuck you Bangsat Tega lu Anjing Arrrgggh;Hate Speech
Awal tahun diawali dengan baik yups konser gratis tapi anjing masih erosi SC gdk bamsat fuck;Abusive Language
happy new year emuuu kamu asik lucu dan ramahh love u so much kamu muts terbaikk semoga kedepannya kita bisa terus interaksi dan semakin akrab emuuu terimakasih udah jadi mutualanku semoga yang kamu harapkan di tahun terkabul lov uuu emuuu;Netral
Fuck you anjing otak lu dimana dah;Abusive Language
sakit hati banget ya allah polisi anjing babi bangsat fuck you bitch anjing;Hate Speech
Stupid ya yang ngirim tolol lu ngapain ngirim kaya gini kunyuk Dosa tau;Abusive Language
Sist rere kapan up fated mate lagiii Sudah kangeeeen berattt ngebrut alias kangen brutaLLLLLLL hiks hope u okay tapi ka Halo sistbro sender Wah seneng banget kalau ada yang kangen sama Fated Mate Sayang aku lumayan sibuk di akhir tahun ini;Netral
Kalau masalah pengusiran Pengungsi Rohingya itu berkaitan dengan pemilu Fuck pemilu Berapa tahun lalu Kampret vs Cebong karena pemilu sekarang ini fuck it nggak mau partisipasi It do more harm than good;Hate Speech
Happy new year Selamat datang bulan kelahiran;Netral
pengalaman pribadi ya;Netral
kamu yang belum puas dengan apa yang dicapai kemarin semoga bisa memperbaiki diri dan lebih sayang sm diri sendiri dulu i need u to be more cheerful this year;Netral
Happy New Year kak Roni Terimakasih udh bekerja keras buat kita semua untuk memberikan informasi tentang Bangtan kpd Kita;Netral
bang gw nga kenal lo tapi gw apresiasi keberanian lo ngelawan sirkel kontol itu Fuck sirkel konten;Abusive Language
Happy new year fams jadul yg irreplaceable walaupun udah ilangan semua tapi gua tetep sayang lu pada Bahagia terus sehat terus rejeki lancar terus Amin I love you selamat tahun baru;Netral
kalo disini boro boro bisa demo bawa light stick yang ada keburu di lindes atau di tembak mati;Netral
iyaa huhuu emang enak bgt kak itu lagu yg dibuat hanji trus dinyanyiin seungmin akjsksjsk lagunya skz yg slow atau balad menurutku emang endull bgt sih kak;Netral
the way it written fuck media fuck gov emg kampret bgt;Abusive Language
Gatau porsi anjing tolol goblok idiot;Abusive Language
minimal share awareness dikit ga si neng tinggal ngeretweet doang pdhl gampang loh gw pas waktu kelas kek lu tuh lagi masa pemilu juga masih sempet tuh gua share awareness harusnya sadar udah mau jadi mahasiswa harus kritis buka pemikiran lu jangan ignorant;Hate Speech
YOURE AN INSULT TO DADDYS NAME YOU FAT PIECE OF SHIT YOU WANNA TALK ABOUT RESPONSIBILITIES TENGOK CERMIN LAH BABI;Hate Speech
terimakasih atas kerja kerasnya you guys did great happy new year;Netral
Hari ini ada perpisahan buat anak yang udah dapet job ke Jepang pembukaannya nyanyi lagu Indonesia Raya Istg it never felt this heavy to sing such a sacred song after all that happened recently Fuck the police and the government;Hate Speech
Guguk ambil ATM muf Anjing Mentang berseragam ga mau antri ATM FUCK;Abusive Language
Memalukan keluarga mak tak guna bitch anjing babi kau tak pernah nak jadi normal ke Walhal that s what ive been trying for since lol narcissistic leo basic bitch Acah kaya sebab nak kawan dgn org budak baru nak up;Abusive Language
Paan sih berantem mulu dah bangsat jadi gak asik twitter fuck;Abusive Language
Ya dan menilik dari komet si berarti narasi idiot dari orang tolol yang dimaksud adalah narasi dari orang islammuslim Makaya gue yakin ii si abu janda ini bukanlah seorang muslim;Hate Speech
Anjing napsunku sma lelaki AHAHAHAH FUCK GAY NI MLM;Abusive Language
aku ingat movie ada tony jaa ni realistic ah sikit action sequence tapi babi aaa swordfight dia buat aku marah heeee who the fuck charges in w ur sword like that maintain distance keep both foot on the ground stance and footwork pls;Abusive Language
Kaleidoskop Peristiwa Politik di Kuningan Tahun selengkapnya Happy New Year Selamat Tahun Baru Welcome Semoga Hepi Bismillah Udah Hello Mengawali Jam Page of Udah;Netral
Kampret bitch kuntet;Abusive Language
Sorry to be honest Aku kurang suka sama nama fandom yg baru di sahkan Dan jujur akupun kaget liatnya perasaan ini hanya untuk bercanda doang tapi tiba tiba jadi official Dan kalaupun emg udah sepakat semua knp harus itu MOA tuh namanya cantik serius Oke aku nangis;Netral
FUCK I SAW TARO MUMO FOR RM KENAPA AKU PANIC BUYING SMLM BABI BELI RM FOR IT URGHHHHH Xpe lah Redha;Abusive Language
Kampret fuck Buat op m lemot bgt di puncak oyy;Abusive Language
Egois anjing bangsat fuck you;Hate Speech
treat others as you want to be treated Gw selalu menanamkan kata kata itu tapi napa jarang balik ya Sebenerenya bukannya kaga ikhlas Gw tau kok hidup sosial pasti saling membutuhkan Tapi kalo dateng pas lagi butuh doang ya beda cerita njir;Netral
ini random sih tapi menurutku lebih enak sabun batang ketimbang sabun cair dah murah wanginya tahan lama gak terasa licin setelah mandi gampang dibilas aku biasa pake lifebuoy lemon fresh mantep baunya;Netral
Wah Kenma Kozume sebagai idol girl group Menurutku dia cocok jadi Rei dari IVE introvert pintar strategi kayak setter visual cute dengan rambut unik dan pair bagus sama Yujin Kuroo yang confident Mereka bakal duo misterius Atau Liz buat sisi quiet powernya Kamu;Netral
babi la lagi berapa hari and still wujud salahkan pakaian perempuan she can be naked and u still have no right to dm her bitch;Abusive Language
Happy New Year Selamat Tahun Baru Semoga makin baik dan lancar dalam segala hal baik rejeki urusan pekerjaan dan semua yg dicitacitakan Amiinn;Netral
Babi IDF Beraninya sama rakyat civil yg ga bersenjata fuck U zionis Israel;Hate Speech
Ya i dikasih privilege buat ikut kenapa i ga pake coba LOL dont be stupid coba empatinya dipake juga ya mas gue paham emg idealnya mahasiswa dikasih kursi di parlemen bukan sebagai bagian dari parpol tp emg REPRESENTATIF mahasiswa but the thing is ITU BUKAN DI INDO;Hate Speech
Gawat Yang masih di zona merah segera pulang amp hati gaes Tag Tembak Polisi Kwitang STAY SAFE Reset Indonesia;Netral
pengalaman horor temen yang pernah tinggal disana aja aneh der masa shower bisa melayang sendiri;Netral
Omongkosong anjing lah fuck modus;Abusive Language
Org tolol udah tau perempatan jalan masih ae ngebut hampir tabrakan malah dia yang marah idiot;Hate Speech
PAKDE AKU SHOOOOOCKETD Gak nyangka bisa nulis sepanjang ini biasanya tuh pas bucin doang Pakde mau mengeluarkan efforts untuk menjadi manis tears T A T THANK YOU SO MUCH Thank you for surviving too I wish the year ahead would be gentle and great to you Sayang Pakde;Netral
Dan aku kan tipe orang yang ceroboh gampang jatuh jadi menurutku ini kurang aku pribadi lebih suka xiaomi atau honor sih;Netral
nahh menurutku juga begini tapi yang lewat di tl ku terus mention hee itu makanya aku bilang engene kali ini gausah ikutan apa boleh serem bgt;Netral
Benefit pacaran sama cowo beda thn tuh ya gini tetiba aja tf tanpa aku minta karena menurutku aku masih mampu kok jajan sgala macam pakai uangku dia ga banyak omong kosong suka to the point suka ngomongin hal random tapi kalau serius ya serius banget kata aku sih gen z;Netral
MAHASISWA TOLOL GOBLOG BODOH IDIOT;Hate Speech
HAPPY NEW YEAR MASTAH Semoga kita sehat dan sejahtera selalu serta harapan kita akan terkabulkan di tahun yang baru ini Dan yang terpenting semoga luck gacha di tahun ini semakin wangy Selamat tahun baru Yue;Netral
